source_id,series_id,region,date,value,unit,retrieved_at,licence_id
worldbank_pink_sheet,COFFEE_ARABIC,global,1960-01-01,0.94,$/kg,2026-09-08T08:09:02Z,CC-BY-4.0
worldbank_pink_sheet,COFFEE_ARABIC,global,1960-02-01,0.95,$/kg,2026-09-08T08:09:02Z,CC-BY-4.0
worldbank_pink_sheet,COFFEE_ARABIC,global,1960-03-01,0.93,$/kg,2026-09-08T08:09:02Z,CC-BY-4.0
worldbank_pink_sheet,COFFEE_ARABIC,global,1960-04-01,0.93,$/kg,2026-09-08T08:09:02Z,CC-BY-4.0
worldbank_pink_sheet,COFFEE_ARABIC,global,1960-05-01,0.92,$/kg,2026-09-08T08:09:02Z,CC-BY-4.0
worldbank_pink_sheet,COFFEE_ARABIC,global,1960-06-01,0.91,$/kg,2026-09-08T08:09:02Z,CC-BY-4.0
worldbank_pink_sheet,COFFEE_ARABIC,global,1960-07-01,0.92,$/kg,2026-09-08T08:09:02Z,CC-BY-4.0
worldbank_pink_sheet,COFFEE_ARABIC,global,1960-08-01,0.93,$/kg,2026-09-08T08:09:02Z,CC-BY-4.0
worldbank_pink_sheet,COFFEE_ARABIC,global,1960-09-01,0.92,$/kg,2026-09-08T08:09:02Z,CC-BY-4.0
worldbank_pink_sheet,COFFEE_ARABIC,global,1960-10-01,0.92,$/kg,2026-09-08T08:09:02Z,CC-BY-4.0
worldbank_pink_sheet,COFFEE_ARABIC,global,1960-11-01,0.91,$/kg,2026-09-08T08:09:02Z,CC-BY-4.0
worldbank_pink_sheet,COFFEE_ARABIC,global,1960-12-01,0.9,$/kg,2026-09-08T08:09:02Z,CC-BY-4.0
worldbank_pink_sheet,COFFEE_ARABIC,global,1961-01-01,0.91,$/kg,2026-09-08T08:09:02Z,CC-BY-4.0
worldbank_pink_sheet,COFFEE_ARABIC,global,1961-02-01,0.92,$/kg,2026-09-08T08:09:02Z,CC-BY-4.0
worldbank_pink_sheet,COFFEE_ARABIC,global,1961-03-01,0.91,$/kg,2026-09-08T08:09:02Z,CC-BY-4.0
worldbank_pink_sheet,COFFEE_ARABIC,global,1961-04-01,0.9,$/kg,2026-09-08T08:09:02Z,CC-BY-4.0
worldbank_pink_sheet,COFFEE_ARABIC,global,1961-05-01,0.89,$/kg,2026-09-08T08:09:02Z,CC-BY-4.0
worldbank_pink_sheet,COFFEE_ARABIC,global,1961-06-01,0.89,$/kg,2026-09-08T08:09:02Z,CC-BY-4.0
worldbank_pink_sheet,COFFEE_ARABIC,global,1961-07-01,0.89,$/kg,2026-09-08T08:09:02Z,CC-BY-4.0
worldbank_pink_sheet,COFFEE_ARABIC,global,1961-08-01,0.89,$/kg,2026-09-08T08:09:02Z,CC-BY-4.0
worldbank_pink_sheet,COFFEE_ARABIC,global,1961-09-01,0.89,$/kg,2026-09-08T08:09:02Z,CC-BY-4.0
worldbank_pink_sheet,COFFEE_ARABIC,global,1961-10-01,0.89,$/kg,2026-09-08T08:09:02Z,CC-BY-4.0
worldbank_pink_sheet,COFFEE_ARABIC,global,1961-11-01,0.88,$/kg,2026-09-08T08:09:02Z,CC-BY-4.0
worldbank_pink_sheet,COFFEE_ARABIC,global,1961-12-01,0.88,$/kg,2026-09-08T08:09:02Z,CC-BY-4.0
worldbank_pink_sheet,COFFEE_ARABIC,global,1962-01-01,0.88,$/kg,2026-09-08T08:09:02Z,CC-BY-4.0
worldbank_pink_sheet,COFFEE_ARABIC,global,1962-02-01,0.88,$/kg,2026-09-08T08:09:02Z,CC-BY-4.0
worldbank_pink_sheet,COFFEE_ARABIC,global,1962-03-01,0.86,$/kg,2026-09-08T08:09:02Z,CC-BY-4.0
worldbank_pink_sheet,COFFEE_ARABIC,global,1962-04-01,0.85,$/kg,2026-09-08T08:09:02Z,CC-BY-4.0
worldbank_pink_sheet,COFFEE_ARABIC,global,1962-05-01,0.83,$/kg,2026-09-08T08:09:02Z,CC-BY-4.0
worldbank_pink_sheet,COFFEE_ARABIC,global,1962-06-01,0.8,$/kg,2026-09-08T08:09:02Z,CC-BY-4.0
worldbank_pink_sheet,COFFEE_ARABIC,global,1962-07-01,0.81,$/kg,2026-09-08T08:09:02Z,CC-BY-4.0
worldbank_pink_sheet,COFFEE_ARABIC,global,1962-08-01,0.82,$/kg,2026-09-08T08:09:02Z,CC-BY-4.0
worldbank_pink_sheet,COFFEE_ARABIC,global,1962-09-01,0.83,$/kg,2026-09-08T08:09:02Z,CC-BY-4.0
worldbank_pink_sheet,COFFEE_ARABIC,global,1962-10-01,0.81,$/kg,2026-09-08T08:09:02Z,CC-BY-4.0
worldbank_pink_sheet,COFFEE_ARABIC,global,1962-11-01,0.81,$/kg,2026-09-08T08:09:02Z,CC-BY-4.0
worldbank_pink_sheet,COFFEE_ARABIC,global,1962-12-01,0.82,$/kg,2026-09-08T08:09:02Z,CC-BY-4.0
worldbank_pink_sheet,COFFEE_ARABIC,global,1963-01-01,0.83,$/kg,2026-09-08T08:09:02Z,CC-BY-4.0
worldbank_pink_sheet,COFFEE_ARABIC,global,1963-02-01,0.8,$/kg,2026-09-08T08:09:02Z,CC-BY-4.0
worldbank_pink_sheet,COFFEE_ARABIC,global,1963-03-01,0.81,$/kg,2026-09-08T08:09:02Z,CC-BY-4.0
worldbank_pink_sheet,COFFEE_ARABIC,global,1963-04-01,0.81,$/kg,2026-09-08T08:09:02Z,CC-BY-4.0
worldbank_pink_sheet,COFFEE_ARABIC,global,1963-05-01,0.8,$/kg,2026-09-08T08:09:02Z,CC-BY-4.0
worldbank_pink_sheet,COFFEE_ARABIC,global,1963-06-01,0.8,$/kg,2026-09-08T08:09:02Z,CC-BY-4.0
worldbank_pink_sheet,COFFEE_ARABIC,global,1963-07-01,0.81,$/kg,2026-09-08T08:09:02Z,CC-BY-4.0
worldbank_pink_sheet,COFFEE_ARABIC,global,1963-08-01,0.8,$/kg,2026-09-08T08:09:02Z,CC-BY-4.0
worldbank_pink_sheet,COFFEE_ARABIC,global,1963-09-01,0.8,$/kg,2026-09-08T08:09:02Z,CC-BY-4.0
worldbank_pink_sheet,COFFEE_ARABIC,global,1963-10-01,0.8,$/kg,2026-09-08T08:09:02Z,CC-BY-4.0
worldbank_pink_sheet,COFFEE_ARABIC,global,1963-11-01,0.81,$/kg,2026-09-08T08:09:02Z,CC-BY-4.0
worldbank_pink_sheet,COFFEE_ARABIC,global,1963-12-01,0.8,$/kg,2026-09-08T08:09:02Z,CC-BY-4.0
worldbank_pink_sheet,COFFEE_ARABIC,global,1964-01-01,0.93,$/kg,2026-09-08T08:09:02Z,CC-BY-4.0
worldbank_pink_sheet,COFFEE_ARABIC,global,1964-02-01,0.94,$/kg,2026-09-08T08:09:02Z,CC-BY-4.0
worldbank_pink_sheet,COFFEE_ARABIC,global,1964-03-01,1.04,$/kg,2026-09-08T08:09:02Z,CC-BY-4.0
worldbank_pink_sheet,COFFEE_ARABIC,global,1964-04-01,1.0,$/kg,2026-09-08T08:09:02Z,CC-BY-4.0
worldbank_pink_sheet,COFFEE_ARABIC,global,1964-05-01,1.02,$/kg,2026-09-08T08:09:02Z,CC-BY-4.0
worldbank_pink_sheet,COFFEE_ARABIC,global,1964-06-01,1.01,$/kg,2026-09-08T08:09:02Z,CC-BY-4.0
worldbank_pink_sheet,COFFEE_ARABIC,global,1964-07-01,1.02,$/kg,2026-09-08T08:09:02Z,CC-BY-4.0
worldbank_pink_sheet,COFFEE_ARABIC,global,1964-08-01,1.05,$/kg,2026-09-08T08:09:02Z,CC-BY-4.0
worldbank_pink_sheet,COFFEE_ARABIC,global,1964-09-01,1.04,$/kg,2026-09-08T08:09:02Z,CC-BY-4.0
worldbank_pink_sheet,COFFEE_ARABIC,global,1964-10-01,1.04,$/kg,2026-09-08T08:09:02Z,CC-BY-4.0
worldbank_pink_sheet,COFFEE_ARABIC,global,1964-11-01,1.03,$/kg,2026-09-08T08:09:02Z,CC-BY-4.0
worldbank_pink_sheet,COFFEE_ARABIC,global,1964-12-01,1.01,$/kg,2026-09-08T08:09:02Z,CC-BY-4.0
worldbank_pink_sheet,COFFEE_ARABIC,global,1965-01-01,1.01,$/kg,2026-09-08T08:09:02Z,CC-BY-4.0
worldbank_pink_sheet,COFFEE_ARABIC,global,1965-02-01,1.04,$/kg,2026-09-08T08:09:02Z,CC-BY-4.0
worldbank_pink_sheet,COFFEE_ARABIC,global,1965-03-01,0.99,$/kg,2026-09-08T08:09:02Z,CC-BY-4.0
worldbank_pink_sheet,COFFEE_ARABIC,global,1965-04-01,0.97,$/kg,2026-09-08T08:09:02Z,CC-BY-4.0
worldbank_pink_sheet,COFFEE_ARABIC,global,1965-05-01,0.96,$/kg,2026-09-08T08:09:02Z,CC-BY-4.0
worldbank_pink_sheet,COFFEE_ARABIC,global,1965-06-01,0.98,$/kg,2026-09-08T08:09:02Z,CC-BY-4.0
worldbank_pink_sheet,COFFEE_ARABIC,global,1965-07-01,0.98,$/kg,2026-09-08T08:09:02Z,CC-BY-4.0
worldbank_pink_sheet,COFFEE_ARABIC,global,1965-08-01,1.0,$/kg,2026-09-08T08:09:02Z,CC-BY-4.0
worldbank_pink_sheet,COFFEE_ARABIC,global,1965-09-01,1.0,$/kg,2026-09-08T08:09:02Z,CC-BY-4.0
worldbank_pink_sheet,COFFEE_ARABIC,global,1965-10-01,1.01,$/kg,2026-09-08T08:09:02Z,CC-BY-4.0
worldbank_pink_sheet,COFFEE_ARABIC,global,1965-11-01,1.03,$/kg,2026-09-08T08:09:02Z,CC-BY-4.0
worldbank_pink_sheet,COFFEE_ARABIC,global,1965-12-01,1.03,$/kg,2026-09-08T08:09:02Z,CC-BY-4.0
worldbank_pink_sheet,COFFEE_ARABIC,global,1966-01-01,1.01,$/kg,2026-09-08T08:09:02Z,CC-BY-4.0
worldbank_pink_sheet,COFFEE_ARABIC,global,1966-02-01,0.97,$/kg,2026-09-08T08:09:02Z,CC-BY-4.0
worldbank_pink_sheet,COFFEE_ARABIC,global,1966-03-01,0.95,$/kg,2026-09-08T08:09:02Z,CC-BY-4.0
worldbank_pink_sheet,COFFEE_ARABIC,global,1966-04-01,0.95,$/kg,2026-09-08T08:09:02Z,CC-BY-4.0
worldbank_pink_sheet,COFFEE_ARABIC,global,1966-05-01,0.95,$/kg,2026-09-08T08:09:02Z,CC-BY-4.0
worldbank_pink_sheet,COFFEE_ARABIC,global,1966-06-01,0.92,$/kg,2026-09-08T08:09:02Z,CC-BY-4.0
worldbank_pink_sheet,COFFEE_ARABIC,global,1966-07-01,0.92,$/kg,2026-09-08T08:09:02Z,CC-BY-4.0
worldbank_pink_sheet,COFFEE_ARABIC,global,1966-08-01,0.92,$/kg,2026-09-08T08:09:02Z,CC-BY-4.0
worldbank_pink_sheet,COFFEE_ARABIC,global,1966-09-01,0.9,$/kg,2026-09-08T08:09:02Z,CC-BY-4.0
worldbank_pink_sheet,COFFEE_ARABIC,global,1966-10-01,0.89,$/kg,2026-09-08T08:09:02Z,CC-BY-4.0
worldbank_pink_sheet,COFFEE_ARABIC,global,1966-11-01,0.89,$/kg,2026-09-08T08:09:02Z,CC-BY-4.0
worldbank_pink_sheet,COFFEE_ARABIC,global,1966-12-01,0.87,$/kg,2026-09-08T08:09:02Z,CC-BY-4.0
worldbank_pink_sheet,COFFEE_ARABIC,global,1967-01-01,0.85,$/kg,2026-09-08T08:09:02Z,CC-BY-4.0
worldbank_pink_sheet,COFFEE_ARABIC,global,1967-02-01,0.84,$/kg,2026-09-08T08:09:02Z,CC-BY-4.0
worldbank_pink_sheet,COFFEE_ARABIC,global,1967-03-01,0.82,$/kg,2026-09-08T08:09:02Z,CC-BY-4.0
worldbank_pink_sheet,COFFEE_ARABIC,global,1967-04-01,0.85,$/kg,2026-09-08T08:09:02Z,CC-BY-4.0
worldbank_pink_sheet,COFFEE_ARABIC,global,1967-05-01,0.89,$/kg,2026-09-08T08:09:02Z,CC-BY-4.0
worldbank_pink_sheet,COFFEE_ARABIC,global,1967-06-01,0.91,$/kg,2026-09-08T08:09:02Z,CC-BY-4.0
worldbank_pink_sheet,COFFEE_ARABIC,global,1967-07-01,0.9,$/kg,2026-09-08T08:09:02Z,CC-BY-4.0
worldbank_pink_sheet,COFFEE_ARABIC,global,1967-08-01,0.88,$/kg,2026-09-08T08:09:02Z,CC-BY-4.0
worldbank_pink_sheet,COFFEE_ARABIC,global,1967-09-01,0.86,$/kg,2026-09-08T08:09:02Z,CC-BY-4.0
worldbank_pink_sheet,COFFEE_ARABIC,global,1967-10-01,0.85,$/kg,2026-09-08T08:09:02Z,CC-BY-4.0
worldbank_pink_sheet,COFFEE_ARABIC,global,1967-11-01,0.87,$/kg,2026-09-08T08:09:02Z,CC-BY-4.0
worldbank_pink_sheet,COFFEE_ARABIC,global,1967-12-01,0.85,$/kg,2026-09-08T08:09:02Z,CC-BY-4.0
worldbank_pink_sheet,COFFEE_ARABIC,global,1968-01-01,0.87,$/kg,2026-09-08T08:09:02Z,CC-BY-4.0
worldbank_pink_sheet,COFFEE_ARABIC,global,1968-02-01,0.87,$/kg,2026-09-08T08:09:02Z,CC-BY-4.0
worldbank_pink_sheet,COFFEE_ARABIC,global,1968-03-01,0.88,$/kg,2026-09-08T08:09:02Z,CC-BY-4.0
worldbank_pink_sheet,COFFEE_ARABIC,global,1968-04-01,0.89,$/kg,2026-09-08T08:09:02Z,CC-BY-4.0
worldbank_pink_sheet,COFFEE_ARABIC,global,1968-05-01,0.88,$/kg,2026-09-08T08:09:02Z,CC-BY-4.0
worldbank_pink_sheet,COFFEE_ARABIC,global,1968-06-01,0.89,$/kg,2026-09-08T08:09:02Z,CC-BY-4.0
worldbank_pink_sheet,COFFEE_ARABIC,global,1968-07-01,0.88,$/kg,2026-09-08T08:09:02Z,CC-BY-4.0
worldbank_pink_sheet,COFFEE_ARABIC,global,1968-08-01,0.87,$/kg,2026-09-08T08:09:02Z,CC-BY-4.0
worldbank_pink_sheet,COFFEE_ARABIC,global,1968-09-01,0.85,$/kg,2026-09-08T08:09:02Z,CC-BY-4.0
worldbank_pink_sheet,COFFEE_ARABIC,global,1968-10-01,0.85,$/kg,2026-09-08T08:09:02Z,CC-BY-4.0
worldbank_pink_sheet,COFFEE_ARABIC,global,1968-11-01,0.85,$/kg,2026-09-08T08:09:02Z,CC-BY-4.0
worldbank_pink_sheet,COFFEE_ARABIC,global,1968-12-01,0.83,$/kg,2026-09-08T08:09:02Z,CC-BY-4.0
worldbank_pink_sheet,COFFEE_ARABIC,global,1969-01-01,0.83,$/kg,2026-09-08T08:09:02Z,CC-BY-4.0
worldbank_pink_sheet,COFFEE_ARABIC,global,1969-02-01,0.84,$/kg,2026-09-08T08:09:02Z,CC-BY-4.0
worldbank_pink_sheet,COFFEE_ARABIC,global,1969-03-01,0.83,$/kg,2026-09-08T08:09:02Z,CC-BY-4.0
worldbank_pink_sheet,COFFEE_ARABIC,global,1969-04-01,0.81,$/kg,2026-09-08T08:09:02Z,CC-BY-4.0
worldbank_pink_sheet,COFFEE_ARABIC,global,1969-05-01,0.81,$/kg,2026-09-08T08:09:02Z,CC-BY-4.0
worldbank_pink_sheet,COFFEE_ARABIC,global,1969-06-01,0.8,$/kg,2026-09-08T08:09:02Z,CC-BY-4.0
worldbank_pink_sheet,COFFEE_ARABIC,global,1969-07-01,0.78,$/kg,2026-09-08T08:09:02Z,CC-BY-4.0
worldbank_pink_sheet,COFFEE_ARABIC,global,1969-08-01,0.81,$/kg,2026-09-08T08:09:02Z,CC-BY-4.0
worldbank_pink_sheet,COFFEE_ARABIC,global,1969-09-01,0.9,$/kg,2026-09-08T08:09:02Z,CC-BY-4.0
worldbank_pink_sheet,COFFEE_ARABIC,global,1969-10-01,1.04,$/kg,2026-09-08T08:09:02Z,CC-BY-4.0
worldbank_pink_sheet,COFFEE_ARABIC,global,1969-11-01,1.02,$/kg,2026-09-08T08:09:02Z,CC-BY-4.0
worldbank_pink_sheet,COFFEE_ARABIC,global,1969-12-01,1.05,$/kg,2026-09-08T08:09:02Z,CC-BY-4.0
worldbank_pink_sheet,COFFEE_ARABIC,global,1970-01-01,1.14,$/kg,2026-09-08T08:09:02Z,CC-BY-4.0
worldbank_pink_sheet,COFFEE_ARABIC,global,1970-02-01,1.15,$/kg,2026-09-08T08:09:02Z,CC-BY-4.0
worldbank_pink_sheet,COFFEE_ARABIC,global,1970-03-01,1.17,$/kg,2026-09-08T08:09:02Z,CC-BY-4.0
worldbank_pink_sheet,COFFEE_ARABIC,global,1970-04-01,1.2,$/kg,2026-09-08T08:09:02Z,CC-BY-4.0
worldbank_pink_sheet,COFFEE_ARABIC,global,1970-05-01,1.22,$/kg,2026-09-08T08:09:02Z,CC-BY-4.0
worldbank_pink_sheet,COFFEE_ARABIC,global,1970-06-01,1.21,$/kg,2026-09-08T08:09:02Z,CC-BY-4.0
worldbank_pink_sheet,COFFEE_ARABIC,global,1970-07-01,1.21,$/kg,2026-09-08T08:09:02Z,CC-BY-4.0
worldbank_pink_sheet,COFFEE_ARABIC,global,1970-08-01,1.18,$/kg,2026-09-08T08:09:02Z,CC-BY-4.0
worldbank_pink_sheet,COFFEE_ARABIC,global,1970-09-01,1.16,$/kg,2026-09-08T08:09:02Z,CC-BY-4.0
worldbank_pink_sheet,COFFEE_ARABIC,global,1970-10-01,1.12,$/kg,2026-09-08T08:09:02Z,CC-BY-4.0
worldbank_pink_sheet,COFFEE_ARABIC,global,1970-11-01,1.03,$/kg,2026-09-08T08:09:02Z,CC-BY-4.0
worldbank_pink_sheet,COFFEE_ARABIC,global,1970-12-01,0.98,$/kg,2026-09-08T08:09:02Z,CC-BY-4.0
worldbank_pink_sheet,COFFEE_ARABIC,global,1971-01-01,1.0,$/kg,2026-09-08T08:09:02Z,CC-BY-4.0
worldbank_pink_sheet,COFFEE_ARABIC,global,1971-02-01,0.98,$/kg,2026-09-08T08:09:02Z,CC-BY-4.0
worldbank_pink_sheet,COFFEE_ARABIC,global,1971-03-01,1.01,$/kg,2026-09-08T08:09:02Z,CC-BY-4.0
worldbank_pink_sheet,COFFEE_ARABIC,global,1971-04-01,0.99,$/kg,2026-09-08T08:09:02Z,CC-BY-4.0
worldbank_pink_sheet,COFFEE_ARABIC,global,1971-05-01,1.02,$/kg,2026-09-08T08:09:02Z,CC-BY-4.0
worldbank_pink_sheet,COFFEE_ARABIC,global,1971-06-01,1.0,$/kg,2026-09-08T08:09:02Z,CC-BY-4.0
worldbank_pink_sheet,COFFEE_ARABIC,global,1971-07-01,0.99,$/kg,2026-09-08T08:09:02Z,CC-BY-4.0
worldbank_pink_sheet,COFFEE_ARABIC,global,1971-08-01,1.01,$/kg,2026-09-08T08:09:02Z,CC-BY-4.0
worldbank_pink_sheet,COFFEE_ARABIC,global,1971-09-01,0.96,$/kg,2026-09-08T08:09:02Z,CC-BY-4.0
worldbank_pink_sheet,COFFEE_ARABIC,global,1971-10-01,0.94,$/kg,2026-09-08T08:09:02Z,CC-BY-4.0
worldbank_pink_sheet,COFFEE_ARABIC,global,1971-11-01,0.97,$/kg,2026-09-08T08:09:02Z,CC-BY-4.0
worldbank_pink_sheet,COFFEE_ARABIC,global,1971-12-01,1.02,$/kg,2026-09-08T08:09:02Z,CC-BY-4.0
worldbank_pink_sheet,COFFEE_ARABIC,global,1972-01-01,0.99,$/kg,2026-09-08T08:09:02Z,CC-BY-4.0
worldbank_pink_sheet,COFFEE_ARABIC,global,1972-02-01,1.0,$/kg,2026-09-08T08:09:02Z,CC-BY-4.0
worldbank_pink_sheet,COFFEE_ARABIC,global,1972-03-01,1.02,$/kg,2026-09-08T08:09:02Z,CC-BY-4.0
worldbank_pink_sheet,COFFEE_ARABIC,global,1972-04-01,1.01,$/kg,2026-09-08T08:09:02Z,CC-BY-4.0
worldbank_pink_sheet,COFFEE_ARABIC,global,1972-05-01,1.04,$/kg,2026-09-08T08:09:02Z,CC-BY-4.0
worldbank_pink_sheet,COFFEE_ARABIC,global,1972-06-01,1.07,$/kg,2026-09-08T08:09:02Z,CC-BY-4.0
worldbank_pink_sheet,COFFEE_ARABIC,global,1972-07-01,1.24,$/kg,2026-09-08T08:09:02Z,CC-BY-4.0
worldbank_pink_sheet,COFFEE_ARABIC,global,1972-08-01,1.2,$/kg,2026-09-08T08:09:02Z,CC-BY-4.0
worldbank_pink_sheet,COFFEE_ARABIC,global,1972-09-01,1.17,$/kg,2026-09-08T08:09:02Z,CC-BY-4.0
worldbank_pink_sheet,COFFEE_ARABIC,global,1972-10-01,1.18,$/kg,2026-09-08T08:09:02Z,CC-BY-4.0
worldbank_pink_sheet,COFFEE_ARABIC,global,1972-11-01,1.19,$/kg,2026-09-08T08:09:02Z,CC-BY-4.0
worldbank_pink_sheet,COFFEE_ARABIC,global,1972-12-01,1.22,$/kg,2026-09-08T08:09:02Z,CC-BY-4.0
worldbank_pink_sheet,COFFEE_ARABIC,global,1973-01-01,1.28,$/kg,2026-09-08T08:09:02Z,CC-BY-4.0
worldbank_pink_sheet,COFFEE_ARABIC,global,1973-02-01,1.45,$/kg,2026-09-08T08:09:02Z,CC-BY-4.0
worldbank_pink_sheet,COFFEE_ARABIC,global,1973-03-01,1.42,$/kg,2026-09-08T08:09:02Z,CC-BY-4.0
worldbank_pink_sheet,COFFEE_ARABIC,global,1973-04-01,1.29,$/kg,2026-09-08T08:09:02Z,CC-BY-4.0
worldbank_pink_sheet,COFFEE_ARABIC,global,1973-05-01,1.42,$/kg,2026-09-08T08:09:02Z,CC-BY-4.0
worldbank_pink_sheet,COFFEE_ARABIC,global,1973-06-01,1.41,$/kg,2026-09-08T08:09:02Z,CC-BY-4.0
worldbank_pink_sheet,COFFEE_ARABIC,global,1973-07-01,1.36,$/kg,2026-09-08T08:09:02Z,CC-BY-4.0
worldbank_pink_sheet,COFFEE_ARABIC,global,1973-08-01,1.33,$/kg,2026-09-08T08:09:02Z,CC-BY-4.0
worldbank_pink_sheet,COFFEE_ARABIC,global,1973-09-01,1.33,$/kg,2026-09-08T08:09:02Z,CC-BY-4.0
worldbank_pink_sheet,COFFEE_ARABIC,global,1973-10-01,1.38,$/kg,2026-09-08T08:09:02Z,CC-BY-4.0
worldbank_pink_sheet,COFFEE_ARABIC,global,1973-11-01,1.39,$/kg,2026-09-08T08:09:02Z,CC-BY-4.0
worldbank_pink_sheet,COFFEE_ARABIC,global,1973-12-01,1.42,$/kg,2026-09-08T08:09:02Z,CC-BY-4.0
worldbank_pink_sheet,COFFEE_ARABIC,global,1974-01-01,1.53,$/kg,2026-09-08T08:09:02Z,CC-BY-4.0
worldbank_pink_sheet,COFFEE_ARABIC,global,1974-02-01,1.65,$/kg,2026-09-08T08:09:02Z,CC-BY-4.0
worldbank_pink_sheet,COFFEE_ARABIC,global,1974-03-01,1.58,$/kg,2026-09-08T08:09:02Z,CC-BY-4.0
worldbank_pink_sheet,COFFEE_ARABIC,global,1974-04-01,1.55,$/kg,2026-09-08T08:09:02Z,CC-BY-4.0
worldbank_pink_sheet,COFFEE_ARABIC,global,1974-05-01,1.57,$/kg,2026-09-08T08:09:02Z,CC-BY-4.0
worldbank_pink_sheet,COFFEE_ARABIC,global,1974-06-01,1.59,$/kg,2026-09-08T08:09:02Z,CC-BY-4.0
worldbank_pink_sheet,COFFEE_ARABIC,global,1974-07-01,1.52,$/kg,2026-09-08T08:09:02Z,CC-BY-4.0
worldbank_pink_sheet,COFFEE_ARABIC,global,1974-08-01,1.38,$/kg,2026-09-08T08:09:02Z,CC-BY-4.0
worldbank_pink_sheet,COFFEE_ARABIC,global,1974-09-01,1.2,$/kg,2026-09-08T08:09:02Z,CC-BY-4.0
worldbank_pink_sheet,COFFEE_ARABIC,global,1974-10-01,1.25,$/kg,2026-09-08T08:09:02Z,CC-BY-4.0
worldbank_pink_sheet,COFFEE_ARABIC,global,1974-11-01,1.31,$/kg,2026-09-08T08:09:02Z,CC-BY-4.0
worldbank_pink_sheet,COFFEE_ARABIC,global,1974-12-01,1.3,$/kg,2026-09-08T08:09:02Z,CC-BY-4.0
worldbank_pink_sheet,COFFEE_ARABIC,global,1975-01-01,1.23,$/kg,2026-09-08T08:09:02Z,CC-BY-4.0
worldbank_pink_sheet,COFFEE_ARABIC,global,1975-02-01,1.18,$/kg,2026-09-08T08:09:02Z,CC-BY-4.0
worldbank_pink_sheet,COFFEE_ARABIC,global,1975-03-01,1.1,$/kg,2026-09-08T08:09:02Z,CC-BY-4.0
worldbank_pink_sheet,COFFEE_ARABIC,global,1975-04-01,1.05,$/kg,2026-09-08T08:09:02Z,CC-BY-4.0
worldbank_pink_sheet,COFFEE_ARABIC,global,1975-05-01,1.12,$/kg,2026-09-08T08:09:02Z,CC-BY-4.0
worldbank_pink_sheet,COFFEE_ARABIC,global,1975-06-01,1.23,$/kg,2026-09-08T08:09:02Z,CC-BY-4.0
worldbank_pink_sheet,COFFEE_ARABIC,global,1975-07-01,1.45,$/kg,2026-09-08T08:09:02Z,CC-BY-4.0
worldbank_pink_sheet,COFFEE_ARABIC,global,1975-08-01,1.84,$/kg,2026-09-08T08:09:02Z,CC-BY-4.0
worldbank_pink_sheet,COFFEE_ARABIC,global,1975-09-01,1.78,$/kg,2026-09-08T08:09:02Z,CC-BY-4.0
worldbank_pink_sheet,COFFEE_ARABIC,global,1975-10-01,1.77,$/kg,2026-09-08T08:09:02Z,CC-BY-4.0
worldbank_pink_sheet,COFFEE_ARABIC,global,1975-11-01,1.71,$/kg,2026-09-08T08:09:02Z,CC-BY-4.0
worldbank_pink_sheet,COFFEE_ARABIC,global,1975-12-01,1.84,$/kg,2026-09-08T08:09:02Z,CC-BY-4.0
worldbank_pink_sheet,COFFEE_ARABIC,global,1976-01-01,2.05,$/kg,2026-09-08T08:09:02Z,CC-BY-4.0
worldbank_pink_sheet,COFFEE_ARABIC,global,1976-02-01,2.19,$/kg,2026-09-08T08:09:02Z,CC-BY-4.0
worldbank_pink_sheet,COFFEE_ARABIC,global,1976-03-01,2.2,$/kg,2026-09-08T08:09:02Z,CC-BY-4.0
worldbank_pink_sheet,COFFEE_ARABIC,global,1976-04-01,2.7,$/kg,2026-09-08T08:09:02Z,CC-BY-4.0
worldbank_pink_sheet,COFFEE_ARABIC,global,1976-05-01,2.99,$/kg,2026-09-08T08:09:02Z,CC-BY-4.0
worldbank_pink_sheet,COFFEE_ARABIC,global,1976-06-01,3.3,$/kg,2026-09-08T08:09:02Z,CC-BY-4.0
worldbank_pink_sheet,COFFEE_ARABIC,global,1976-07-01,3.03,$/kg,2026-09-08T08:09:02Z,CC-BY-4.0
worldbank_pink_sheet,COFFEE_ARABIC,global,1976-08-01,3.38,$/kg,2026-09-08T08:09:02Z,CC-BY-4.0
worldbank_pink_sheet,COFFEE_ARABIC,global,1976-09-01,3.51,$/kg,2026-09-08T08:09:02Z,CC-BY-4.0
worldbank_pink_sheet,COFFEE_ARABIC,global,1976-10-01,3.82,$/kg,2026-09-08T08:09:02Z,CC-BY-4.0
worldbank_pink_sheet,COFFEE_ARABIC,global,1976-11-01,4.03,$/kg,2026-09-08T08:09:02Z,CC-BY-4.0
worldbank_pink_sheet,COFFEE_ARABIC,global,1976-12-01,4.57,$/kg,2026-09-08T08:09:02Z,CC-BY-4.0
worldbank_pink_sheet,COFFEE_ARABIC,global,1977-01-01,4.83,$/kg,2026-09-08T08:09:02Z,CC-BY-4.0
worldbank_pink_sheet,COFFEE_ARABIC,global,1977-02-01,5.41,$/kg,2026-09-08T08:09:02Z,CC-BY-4.0
worldbank_pink_sheet,COFFEE_ARABIC,global,1977-03-01,6.71,$/kg,2026-09-08T08:09:02Z,CC-BY-4.0
worldbank_pink_sheet,COFFEE_ARABIC,global,1977-04-01,7.0,$/kg,2026-09-08T08:09:02Z,CC-BY-4.0
worldbank_pink_sheet,COFFEE_ARABIC,global,1977-05-01,6.29,$/kg,2026-09-08T08:09:02Z,CC-BY-4.0
worldbank_pink_sheet,COFFEE_ARABIC,global,1977-06-01,5.78,$/kg,2026-09-08T08:09:02Z,CC-BY-4.0
worldbank_pink_sheet,COFFEE_ARABIC,global,1977-07-01,4.85,$/kg,2026-09-08T08:09:02Z,CC-BY-4.0
worldbank_pink_sheet,COFFEE_ARABIC,global,1977-08-01,4.4,$/kg,2026-09-08T08:09:02Z,CC-BY-4.0
worldbank_pink_sheet,COFFEE_ARABIC,global,1977-09-01,4.18,$/kg,2026-09-08T08:09:02Z,CC-BY-4.0
worldbank_pink_sheet,COFFEE_ARABIC,global,1977-10-01,3.77,$/kg,2026-09-08T08:09:02Z,CC-BY-4.0
worldbank_pink_sheet,COFFEE_ARABIC,global,1977-11-01,4.35,$/kg,2026-09-08T08:09:02Z,CC-BY-4.0
worldbank_pink_sheet,COFFEE_ARABIC,global,1977-12-01,4.47,$/kg,2026-09-08T08:09:02Z,CC-BY-4.0
worldbank_pink_sheet,COFFEE_ARABIC,global,1978-01-01,4.55,$/kg,2026-09-08T08:09:02Z,CC-BY-4.0
worldbank_pink_sheet,COFFEE_ARABIC,global,1978-02-01,4.36,$/kg,2026-09-08T08:09:02Z,CC-BY-4.0
worldbank_pink_sheet,COFFEE_ARABIC,global,1978-03-01,3.86,$/kg,2026-09-08T08:09:02Z,CC-BY-4.0
worldbank_pink_sheet,COFFEE_ARABIC,global,1978-04-01,3.94,$/kg,2026-09-08T08:09:02Z,CC-BY-4.0
worldbank_pink_sheet,COFFEE_ARABIC,global,1978-05-01,3.74,$/kg,2026-09-08T08:09:02Z,CC-BY-4.0
worldbank_pink_sheet,COFFEE_ARABIC,global,1978-06-01,3.71,$/kg,2026-09-08T08:09:02Z,CC-BY-4.0
worldbank_pink_sheet,COFFEE_ARABIC,global,1978-07-01,2.95,$/kg,2026-09-08T08:09:02Z,CC-BY-4.0
worldbank_pink_sheet,COFFEE_ARABIC,global,1978-08-01,3.05,$/kg,2026-09-08T08:09:02Z,CC-BY-4.0
worldbank_pink_sheet,COFFEE_ARABIC,global,1978-09-01,3.42,$/kg,2026-09-08T08:09:02Z,CC-BY-4.0
worldbank_pink_sheet,COFFEE_ARABIC,global,1978-10-01,3.4,$/kg,2026-09-08T08:09:02Z,CC-BY-4.0
worldbank_pink_sheet,COFFEE_ARABIC,global,1978-11-01,3.22,$/kg,2026-09-08T08:09:02Z,CC-BY-4.0
worldbank_pink_sheet,COFFEE_ARABIC,global,1978-12-01,2.89,$/kg,2026-09-08T08:09:02Z,CC-BY-4.0
worldbank_pink_sheet,COFFEE_ARABIC,global,1979-01-01,2.83,$/kg,2026-09-08T08:09:02Z,CC-BY-4.0
worldbank_pink_sheet,COFFEE_ARABIC,global,1979-02-01,2.71,$/kg,2026-09-08T08:09:02Z,CC-BY-4.0
worldbank_pink_sheet,COFFEE_ARABIC,global,1979-03-01,2.87,$/kg,2026-09-08T08:09:02Z,CC-BY-4.0
worldbank_pink_sheet,COFFEE_ARABIC,global,1979-04-01,3.06,$/kg,2026-09-08T08:09:02Z,CC-BY-4.0
worldbank_pink_sheet,COFFEE_ARABIC,global,1979-05-01,3.3,$/kg,2026-09-08T08:09:02Z,CC-BY-4.0
worldbank_pink_sheet,COFFEE_ARABIC,global,1979-06-01,4.26,$/kg,2026-09-08T08:09:02Z,CC-BY-4.0
worldbank_pink_sheet,COFFEE_ARABIC,global,1979-07-01,4.49,$/kg,2026-09-08T08:09:02Z,CC-BY-4.0
worldbank_pink_sheet,COFFEE_ARABIC,global,1979-08-01,4.35,$/kg,2026-09-08T08:09:02Z,CC-BY-4.0
worldbank_pink_sheet,COFFEE_ARABIC,global,1979-09-01,4.57,$/kg,2026-09-08T08:09:02Z,CC-BY-4.0
worldbank_pink_sheet,COFFEE_ARABIC,global,1979-10-01,4.62,$/kg,2026-09-08T08:09:02Z,CC-BY-4.0
worldbank_pink_sheet,COFFEE_ARABIC,global,1979-11-01,4.56,$/kg,2026-09-08T08:09:02Z,CC-BY-4.0
worldbank_pink_sheet,COFFEE_ARABIC,global,1979-12-01,4.28,$/kg,2026-09-08T08:09:02Z,CC-BY-4.0
worldbank_pink_sheet,COFFEE_ARABIC,global,1980-01-01,3.81,$/kg,2026-09-08T08:09:02Z,CC-BY-4.0
worldbank_pink_sheet,COFFEE_ARABIC,global,1980-02-01,3.71,$/kg,2026-09-08T08:09:02Z,CC-BY-4.0
worldbank_pink_sheet,COFFEE_ARABIC,global,1980-03-01,4.12,$/kg,2026-09-08T08:09:02Z,CC-BY-4.0
worldbank_pink_sheet,COFFEE_ARABIC,global,1980-04-01,4.05,$/kg,2026-09-08T08:09:02Z,CC-BY-4.0
worldbank_pink_sheet,COFFEE_ARABIC,global,1980-05-01,4.23,$/kg,2026-09-08T08:09:02Z,CC-BY-4.0
worldbank_pink_sheet,COFFEE_ARABIC,global,1980-06-01,4.05,$/kg,2026-09-08T08:09:02Z,CC-BY-4.0
worldbank_pink_sheet,COFFEE_ARABIC,global,1980-07-01,3.52,$/kg,2026-09-08T08:09:02Z,CC-BY-4.0
worldbank_pink_sheet,COFFEE_ARABIC,global,1980-08-01,3.1,$/kg,2026-09-08T08:09:02Z,CC-BY-4.0
worldbank_pink_sheet,COFFEE_ARABIC,global,1980-09-01,2.86,$/kg,2026-09-08T08:09:02Z,CC-BY-4.0
worldbank_pink_sheet,COFFEE_ARABIC,global,1980-10-01,2.84,$/kg,2026-09-08T08:09:02Z,CC-BY-4.0
worldbank_pink_sheet,COFFEE_ARABIC,global,1980-11-01,2.6,$/kg,2026-09-08T08:09:02Z,CC-BY-4.0
worldbank_pink_sheet,COFFEE_ARABIC,global,1980-12-01,2.72,$/kg,2026-09-08T08:09:02Z,CC-BY-4.0
worldbank_pink_sheet,COFFEE_ARABIC,global,1981-01-01,2.89,$/kg,2026-09-08T08:09:02Z,CC-BY-4.0
worldbank_pink_sheet,COFFEE_ARABIC,global,1981-02-01,2.85,$/kg,2026-09-08T08:09:02Z,CC-BY-4.0
worldbank_pink_sheet,COFFEE_ARABIC,global,1981-03-01,2.86,$/kg,2026-09-08T08:09:02Z,CC-BY-4.0
worldbank_pink_sheet,COFFEE_ARABIC,global,1981-04-01,2.89,$/kg,2026-09-08T08:09:02Z,CC-BY-4.0
worldbank_pink_sheet,COFFEE_ARABIC,global,1981-05-01,2.83,$/kg,2026-09-08T08:09:02Z,CC-BY-4.0
worldbank_pink_sheet,COFFEE_ARABIC,global,1981-06-01,2.51,$/kg,2026-09-08T08:09:02Z,CC-BY-4.0
worldbank_pink_sheet,COFFEE_ARABIC,global,1981-07-01,2.67,$/kg,2026-09-08T08:09:02Z,CC-BY-4.0
worldbank_pink_sheet,COFFEE_ARABIC,global,1981-08-01,2.78,$/kg,2026-09-08T08:09:02Z,CC-BY-4.0
worldbank_pink_sheet,COFFEE_ARABIC,global,1981-09-01,2.8,$/kg,2026-09-08T08:09:02Z,CC-BY-4.0
worldbank_pink_sheet,COFFEE_ARABIC,global,1981-10-01,3.02,$/kg,2026-09-08T08:09:02Z,CC-BY-4.0
worldbank_pink_sheet,COFFEE_ARABIC,global,1981-11-01,3.18,$/kg,2026-09-08T08:09:02Z,CC-BY-4.0
worldbank_pink_sheet,COFFEE_ARABIC,global,1981-12-01,3.13,$/kg,2026-09-08T08:09:02Z,CC-BY-4.0
worldbank_pink_sheet,COFFEE_ARABIC,global,1982-01-01,3.18,$/kg,2026-09-08T08:09:02Z,CC-BY-4.0
worldbank_pink_sheet,COFFEE_ARABIC,global,1982-02-01,3.4,$/kg,2026-09-08T08:09:02Z,CC-BY-4.0
worldbank_pink_sheet,COFFEE_ARABIC,global,1982-03-01,3.22,$/kg,2026-09-08T08:09:02Z,CC-BY-4.0
worldbank_pink_sheet,COFFEE_ARABIC,global,1982-04-01,3.12,$/kg,2026-09-08T08:09:02Z,CC-BY-4.0
worldbank_pink_sheet,COFFEE_ARABIC,global,1982-05-01,3.03,$/kg,2026-09-08T08:09:02Z,CC-BY-4.0
worldbank_pink_sheet,COFFEE_ARABIC,global,1982-06-01,3.1,$/kg,2026-09-08T08:09:02Z,CC-BY-4.0
worldbank_pink_sheet,COFFEE_ARABIC,global,1982-07-01,2.94,$/kg,2026-09-08T08:09:02Z,CC-BY-4.0
worldbank_pink_sheet,COFFEE_ARABIC,global,1982-08-01,2.93,$/kg,2026-09-08T08:09:02Z,CC-BY-4.0
worldbank_pink_sheet,COFFEE_ARABIC,global,1982-09-01,3.0,$/kg,2026-09-08T08:09:02Z,CC-BY-4.0
worldbank_pink_sheet,COFFEE_ARABIC,global,1982-10-01,3.1,$/kg,2026-09-08T08:09:02Z,CC-BY-4.0
worldbank_pink_sheet,COFFEE_ARABIC,global,1982-11-01,3.05,$/kg,2026-09-08T08:09:02Z,CC-BY-4.0
worldbank_pink_sheet,COFFEE_ARABIC,global,1982-12-01,2.97,$/kg,2026-09-08T08:09:02Z,CC-BY-4.0
worldbank_pink_sheet,COFFEE_ARABIC,global,1983-01-01,2.87,$/kg,2026-09-08T08:09:02Z,CC-BY-4.0
worldbank_pink_sheet,COFFEE_ARABIC,global,1983-02-01,2.8,$/kg,2026-09-08T08:09:02Z,CC-BY-4.0
worldbank_pink_sheet,COFFEE_ARABIC,global,1983-03-01,2.76,$/kg,2026-09-08T08:09:02Z,CC-BY-4.0
worldbank_pink_sheet,COFFEE_ARABIC,global,1983-04-01,2.75,$/kg,2026-09-08T08:09:02Z,CC-BY-4.0
worldbank_pink_sheet,COFFEE_ARABIC,global,1983-05-01,2.83,$/kg,2026-09-08T08:09:02Z,CC-BY-4.0
worldbank_pink_sheet,COFFEE_ARABIC,global,1983-06-01,2.81,$/kg,2026-09-08T08:09:02Z,CC-BY-4.0
worldbank_pink_sheet,COFFEE_ARABIC,global,1983-07-01,2.83,$/kg,2026-09-08T08:09:02Z,CC-BY-4.0
worldbank_pink_sheet,COFFEE_ARABIC,global,1983-08-01,2.86,$/kg,2026-09-08T08:09:02Z,CC-BY-4.0
worldbank_pink_sheet,COFFEE_ARABIC,global,1983-09-01,2.92,$/kg,2026-09-08T08:09:02Z,CC-BY-4.0
worldbank_pink_sheet,COFFEE_ARABIC,global,1983-10-01,3.1,$/kg,2026-09-08T08:09:02Z,CC-BY-4.0
worldbank_pink_sheet,COFFEE_ARABIC,global,1983-11-01,3.19,$/kg,2026-09-08T08:09:02Z,CC-BY-4.0
worldbank_pink_sheet,COFFEE_ARABIC,global,1983-12-01,3.23,$/kg,2026-09-08T08:09:02Z,CC-BY-4.0
worldbank_pink_sheet,COFFEE_ARABIC,global,1984-01-01,3.17,$/kg,2026-09-08T08:09:02Z,CC-BY-4.0
worldbank_pink_sheet,COFFEE_ARABIC,global,1984-02-01,3.22,$/kg,2026-09-08T08:09:02Z,CC-BY-4.0
worldbank_pink_sheet,COFFEE_ARABIC,global,1984-03-01,3.27,$/kg,2026-09-08T08:09:02Z,CC-BY-4.0
worldbank_pink_sheet,COFFEE_ARABIC,global,1984-04-01,3.31,$/kg,2026-09-08T08:09:02Z,CC-BY-4.0
worldbank_pink_sheet,COFFEE_ARABIC,global,1984-05-01,3.31,$/kg,2026-09-08T08:09:02Z,CC-BY-4.0
worldbank_pink_sheet,COFFEE_ARABIC,global,1984-06-01,3.25,$/kg,2026-09-08T08:09:02Z,CC-BY-4.0
worldbank_pink_sheet,COFFEE_ARABIC,global,1984-07-01,3.18,$/kg,2026-09-08T08:09:02Z,CC-BY-4.0
worldbank_pink_sheet,COFFEE_ARABIC,global,1984-08-01,3.21,$/kg,2026-09-08T08:09:02Z,CC-BY-4.0
worldbank_pink_sheet,COFFEE_ARABIC,global,1984-09-01,3.14,$/kg,2026-09-08T08:09:02Z,CC-BY-4.0
worldbank_pink_sheet,COFFEE_ARABIC,global,1984-10-01,3.02,$/kg,2026-09-08T08:09:02Z,CC-BY-4.0
worldbank_pink_sheet,COFFEE_ARABIC,global,1984-11-01,3.09,$/kg,2026-09-08T08:09:02Z,CC-BY-4.0
worldbank_pink_sheet,COFFEE_ARABIC,global,1984-12-01,3.1,$/kg,2026-09-08T08:09:02Z,CC-BY-4.0
worldbank_pink_sheet,COFFEE_ARABIC,global,1985-01-01,3.21,$/kg,2026-09-08T08:09:02Z,CC-BY-4.0
worldbank_pink_sheet,COFFEE_ARABIC,global,1985-02-01,3.18,$/kg,2026-09-08T08:09:02Z,CC-BY-4.0
worldbank_pink_sheet,COFFEE_ARABIC,global,1985-03-01,3.26,$/kg,2026-09-08T08:09:02Z,CC-BY-4.0
worldbank_pink_sheet,COFFEE_ARABIC,global,1985-04-01,3.12,$/kg,2026-09-08T08:09:02Z,CC-BY-4.0
worldbank_pink_sheet,COFFEE_ARABIC,global,1985-05-01,3.15,$/kg,2026-09-08T08:09:02Z,CC-BY-4.0
worldbank_pink_sheet,COFFEE_ARABIC,global,1985-06-01,3.13,$/kg,2026-09-08T08:09:02Z,CC-BY-4.0
worldbank_pink_sheet,COFFEE_ARABIC,global,1985-07-01,2.98,$/kg,2026-09-08T08:09:02Z,CC-BY-4.0
worldbank_pink_sheet,COFFEE_ARABIC,global,1985-08-01,2.94,$/kg,2026-09-08T08:09:02Z,CC-BY-4.0
worldbank_pink_sheet,COFFEE_ARABIC,global,1985-09-01,2.94,$/kg,2026-09-08T08:09:02Z,CC-BY-4.0
worldbank_pink_sheet,COFFEE_ARABIC,global,1985-10-01,3.1,$/kg,2026-09-08T08:09:02Z,CC-BY-4.0
worldbank_pink_sheet,COFFEE_ARABIC,global,1985-11-01,3.43,$/kg,2026-09-08T08:09:02Z,CC-BY-4.0
worldbank_pink_sheet,COFFEE_ARABIC,global,1985-12-01,4.34,$/kg,2026-09-08T08:09:02Z,CC-BY-4.0
worldbank_pink_sheet,COFFEE_ARABIC,global,1986-01-01,5.24,$/kg,2026-09-08T08:09:02Z,CC-BY-4.0
worldbank_pink_sheet,COFFEE_ARABIC,global,1986-02-01,5.03,$/kg,2026-09-08T08:09:02Z,CC-BY-4.0
worldbank_pink_sheet,COFFEE_ARABIC,global,1986-03-01,5.28,$/kg,2026-09-08T08:09:02Z,CC-BY-4.0
worldbank_pink_sheet,COFFEE_ARABIC,global,1986-04-01,4.98,$/kg,2026-09-08T08:09:02Z,CC-BY-4.0
worldbank_pink_sheet,COFFEE_ARABIC,global,1986-05-01,4.66,$/kg,2026-09-08T08:09:02Z,CC-BY-4.0
worldbank_pink_sheet,COFFEE_ARABIC,global,1986-06-01,3.9,$/kg,2026-09-08T08:09:02Z,CC-BY-4.0
worldbank_pink_sheet,COFFEE_ARABIC,global,1986-07-01,3.8,$/kg,2026-09-08T08:09:02Z,CC-BY-4.0
worldbank_pink_sheet,COFFEE_ARABIC,global,1986-08-01,3.83,$/kg,2026-09-08T08:09:02Z,CC-BY-4.0
worldbank_pink_sheet,COFFEE_ARABIC,global,1986-09-01,4.4,$/kg,2026-09-08T08:09:02Z,CC-BY-4.0
worldbank_pink_sheet,COFFEE_ARABIC,global,1986-10-01,3.92,$/kg,2026-09-08T08:09:02Z,CC-BY-4.0
worldbank_pink_sheet,COFFEE_ARABIC,global,1986-11-01,3.45,$/kg,2026-09-08T08:09:02Z,CC-BY-4.0
worldbank_pink_sheet,COFFEE_ARABIC,global,1986-12-01,3.0,$/kg,2026-09-08T08:09:02Z,CC-BY-4.0
worldbank_pink_sheet,COFFEE_ARABIC,global,1987-01-01,2.72,$/kg,2026-09-08T08:09:02Z,CC-BY-4.0
worldbank_pink_sheet,COFFEE_ARABIC,global,1987-02-01,2.66,$/kg,2026-09-08T08:09:02Z,CC-BY-4.0
worldbank_pink_sheet,COFFEE_ARABIC,global,1987-03-01,2.29,$/kg,2026-09-08T08:09:02Z,CC-BY-4.0
worldbank_pink_sheet,COFFEE_ARABIC,global,1987-04-01,2.37,$/kg,2026-09-08T08:09:02Z,CC-BY-4.0
worldbank_pink_sheet,COFFEE_ARABIC,global,1987-05-01,2.59,$/kg,2026-09-08T08:09:02Z,CC-BY-4.0
worldbank_pink_sheet,COFFEE_ARABIC,global,1987-06-01,2.32,$/kg,2026-09-08T08:09:02Z,CC-BY-4.0
worldbank_pink_sheet,COFFEE_ARABIC,global,1987-07-01,2.2,$/kg,2026-09-08T08:09:02Z,CC-BY-4.0
worldbank_pink_sheet,COFFEE_ARABIC,global,1987-08-01,2.25,$/kg,2026-09-08T08:09:02Z,CC-BY-4.0
worldbank_pink_sheet,COFFEE_ARABIC,global,1987-09-01,2.44,$/kg,2026-09-08T08:09:02Z,CC-BY-4.0
worldbank_pink_sheet,COFFEE_ARABIC,global,1987-10-01,2.63,$/kg,2026-09-08T08:09:02Z,CC-BY-4.0
worldbank_pink_sheet,COFFEE_ARABIC,global,1987-11-01,2.79,$/kg,2026-09-08T08:09:02Z,CC-BY-4.0
worldbank_pink_sheet,COFFEE_ARABIC,global,1987-12-01,2.8,$/kg,2026-09-08T08:09:02Z,CC-BY-4.0
worldbank_pink_sheet,COFFEE_ARABIC,global,1988-01-01,2.82,$/kg,2026-09-08T08:09:02Z,CC-BY-4.0
worldbank_pink_sheet,COFFEE_ARABIC,global,1988-02-01,3.05,$/kg,2026-09-08T08:09:02Z,CC-BY-4.0
worldbank_pink_sheet,COFFEE_ARABIC,global,1988-03-01,3.01,$/kg,2026-09-08T08:09:02Z,CC-BY-4.0
worldbank_pink_sheet,COFFEE_ARABIC,global,1988-04-01,3.01,$/kg,2026-09-08T08:09:02Z,CC-BY-4.0
worldbank_pink_sheet,COFFEE_ARABIC,global,1988-05-01,3.06,$/kg,2026-09-08T08:09:02Z,CC-BY-4.0
worldbank_pink_sheet,COFFEE_ARABIC,global,1988-06-01,3.17,$/kg,2026-09-08T08:09:02Z,CC-BY-4.0
worldbank_pink_sheet,COFFEE_ARABIC,global,1988-07-01,3.13,$/kg,2026-09-08T08:09:02Z,CC-BY-4.0
worldbank_pink_sheet,COFFEE_ARABIC,global,1988-08-01,2.92,$/kg,2026-09-08T08:09:02Z,CC-BY-4.0
worldbank_pink_sheet,COFFEE_ARABIC,global,1988-09-01,3.04,$/kg,2026-09-08T08:09:02Z,CC-BY-4.0
worldbank_pink_sheet,COFFEE_ARABIC,global,1988-10-01,2.95,$/kg,2026-09-08T08:09:02Z,CC-BY-4.0
worldbank_pink_sheet,COFFEE_ARABIC,global,1988-11-01,2.98,$/kg,2026-09-08T08:09:02Z,CC-BY-4.0
worldbank_pink_sheet,COFFEE_ARABIC,global,1988-12-01,3.25,$/kg,2026-09-08T08:09:02Z,CC-BY-4.0
worldbank_pink_sheet,COFFEE_ARABIC,global,1989-01-01,3.36,$/kg,2026-09-08T08:09:02Z,CC-BY-4.0
worldbank_pink_sheet,COFFEE_ARABIC,global,1989-02-01,3.09,$/kg,2026-09-08T08:09:02Z,CC-BY-4.0
worldbank_pink_sheet,COFFEE_ARABIC,global,1989-03-01,3.1,$/kg,2026-09-08T08:09:02Z,CC-BY-4.0
worldbank_pink_sheet,COFFEE_ARABIC,global,1989-04-01,3.17,$/kg,2026-09-08T08:09:02Z,CC-BY-4.0
worldbank_pink_sheet,COFFEE_ARABIC,global,1989-05-01,3.1,$/kg,2026-09-08T08:09:02Z,CC-BY-4.0
worldbank_pink_sheet,COFFEE_ARABIC,global,1989-06-01,2.76,$/kg,2026-09-08T08:09:02Z,CC-BY-4.0
worldbank_pink_sheet,COFFEE_ARABIC,global,1989-07-01,1.94,$/kg,2026-09-08T08:09:02Z,CC-BY-4.0
worldbank_pink_sheet,COFFEE_ARABIC,global,1989-08-01,1.73,$/kg,2026-09-08T08:09:02Z,CC-BY-4.0
worldbank_pink_sheet,COFFEE_ARABIC,global,1989-09-01,1.73,$/kg,2026-09-08T08:09:02Z,CC-BY-4.0
worldbank_pink_sheet,COFFEE_ARABIC,global,1989-10-01,1.51,$/kg,2026-09-08T08:09:02Z,CC-BY-4.0
worldbank_pink_sheet,COFFEE_ARABIC,global,1989-11-01,1.56,$/kg,2026-09-08T08:09:02Z,CC-BY-4.0
worldbank_pink_sheet,COFFEE_ARABIC,global,1989-12-01,1.6,$/kg,2026-09-08T08:09:02Z,CC-BY-4.0
worldbank_pink_sheet,COFFEE_ARABIC,global,1990-01-01,1.68,$/kg,2026-09-08T08:09:02Z,CC-BY-4.0
worldbank_pink_sheet,COFFEE_ARABIC,global,1990-02-01,1.85,$/kg,2026-09-08T08:09:02Z,CC-BY-4.0
worldbank_pink_sheet,COFFEE_ARABIC,global,1990-03-01,2.09,$/kg,2026-09-08T08:09:02Z,CC-BY-4.0
worldbank_pink_sheet,COFFEE_ARABIC,global,1990-04-01,2.09,$/kg,2026-09-08T08:09:02Z,CC-BY-4.0
worldbank_pink_sheet,COFFEE_ARABIC,global,1990-05-01,2.05,$/kg,2026-09-08T08:09:02Z,CC-BY-4.0
worldbank_pink_sheet,COFFEE_ARABIC,global,1990-06-01,1.97,$/kg,2026-09-08T08:09:02Z,CC-BY-4.0
worldbank_pink_sheet,COFFEE_ARABIC,global,1990-07-01,1.91,$/kg,2026-09-08T08:09:02Z,CC-BY-4.0
worldbank_pink_sheet,COFFEE_ARABIC,global,1990-08-01,2.08,$/kg,2026-09-08T08:09:02Z,CC-BY-4.0
worldbank_pink_sheet,COFFEE_ARABIC,global,1990-09-01,2.1,$/kg,2026-09-08T08:09:02Z,CC-BY-4.0
worldbank_pink_sheet,COFFEE_ARABIC,global,1990-10-01,2.02,$/kg,2026-09-08T08:09:02Z,CC-BY-4.0
worldbank_pink_sheet,COFFEE_ARABIC,global,1990-11-01,1.87,$/kg,2026-09-08T08:09:02Z,CC-BY-4.0
worldbank_pink_sheet,COFFEE_ARABIC,global,1990-12-01,1.97,$/kg,2026-09-08T08:09:02Z,CC-BY-4.0
worldbank_pink_sheet,COFFEE_ARABIC,global,1991-01-01,1.89,$/kg,2026-09-08T08:09:02Z,CC-BY-4.0
worldbank_pink_sheet,COFFEE_ARABIC,global,1991-02-01,1.97,$/kg,2026-09-08T08:09:02Z,CC-BY-4.0
worldbank_pink_sheet,COFFEE_ARABIC,global,1991-03-01,2.06,$/kg,2026-09-08T08:09:02Z,CC-BY-4.0
worldbank_pink_sheet,COFFEE_ARABIC,global,1991-04-01,2.03,$/kg,2026-09-08T08:09:02Z,CC-BY-4.0
worldbank_pink_sheet,COFFEE_ARABIC,global,1991-05-01,1.94,$/kg,2026-09-08T08:09:02Z,CC-BY-4.0
worldbank_pink_sheet,COFFEE_ARABIC,global,1991-06-01,1.89,$/kg,2026-09-08T08:09:02Z,CC-BY-4.0
worldbank_pink_sheet,COFFEE_ARABIC,global,1991-07-01,1.84,$/kg,2026-09-08T08:09:02Z,CC-BY-4.0
worldbank_pink_sheet,COFFEE_ARABIC,global,1991-08-01,1.8,$/kg,2026-09-08T08:09:02Z,CC-BY-4.0
worldbank_pink_sheet,COFFEE_ARABIC,global,1991-09-01,1.92,$/kg,2026-09-08T08:09:02Z,CC-BY-4.0
worldbank_pink_sheet,COFFEE_ARABIC,global,1991-10-01,1.76,$/kg,2026-09-08T08:09:02Z,CC-BY-4.0
worldbank_pink_sheet,COFFEE_ARABIC,global,1991-11-01,1.72,$/kg,2026-09-08T08:09:02Z,CC-BY-4.0
worldbank_pink_sheet,COFFEE_ARABIC,global,1991-12-01,1.66,$/kg,2026-09-08T08:09:02Z,CC-BY-4.0
worldbank_pink_sheet,COFFEE_ARABIC,global,1992-01-01,1.62,$/kg,2026-09-08T08:09:02Z,CC-BY-4.0
worldbank_pink_sheet,COFFEE_ARABIC,global,1992-02-01,1.51,$/kg,2026-09-08T08:09:02Z,CC-BY-4.0
worldbank_pink_sheet,COFFEE_ARABIC,global,1992-03-01,1.55,$/kg,2026-09-08T08:09:02Z,CC-BY-4.0
worldbank_pink_sheet,COFFEE_ARABIC,global,1992-04-01,1.45,$/kg,2026-09-08T08:09:02Z,CC-BY-4.0
worldbank_pink_sheet,COFFEE_ARABIC,global,1992-05-01,1.34,$/kg,2026-09-08T08:09:02Z,CC-BY-4.0
worldbank_pink_sheet,COFFEE_ARABIC,global,1992-06-01,1.3,$/kg,2026-09-08T08:09:02Z,CC-BY-4.0
worldbank_pink_sheet,COFFEE_ARABIC,global,1992-07-01,1.28,$/kg,2026-09-08T08:09:02Z,CC-BY-4.0
worldbank_pink_sheet,COFFEE_ARABIC,global,1992-08-01,1.17,$/kg,2026-09-08T08:09:02Z,CC-BY-4.0
worldbank_pink_sheet,COFFEE_ARABIC,global,1992-09-01,1.17,$/kg,2026-09-08T08:09:02Z,CC-BY-4.0
worldbank_pink_sheet,COFFEE_ARABIC,global,1992-10-01,1.36,$/kg,2026-09-08T08:09:02Z,CC-BY-4.0
worldbank_pink_sheet,COFFEE_ARABIC,global,1992-11-01,1.48,$/kg,2026-09-08T08:09:02Z,CC-BY-4.0
worldbank_pink_sheet,COFFEE_ARABIC,global,1992-12-01,1.7,$/kg,2026-09-08T08:09:02Z,CC-BY-4.0
worldbank_pink_sheet,COFFEE_ARABIC,global,1993-01-01,1.53,$/kg,2026-09-08T08:09:02Z,CC-BY-4.0
worldbank_pink_sheet,COFFEE_ARABIC,global,1993-02-01,1.49,$/kg,2026-09-08T08:09:02Z,CC-BY-4.0
worldbank_pink_sheet,COFFEE_ARABIC,global,1993-03-01,1.4,$/kg,2026-09-08T08:09:02Z,CC-BY-4.0
worldbank_pink_sheet,COFFEE_ARABIC,global,1993-04-01,1.28,$/kg,2026-09-08T08:09:02Z,CC-BY-4.0
worldbank_pink_sheet,COFFEE_ARABIC,global,1993-05-01,1.37,$/kg,2026-09-08T08:09:02Z,CC-BY-4.0
worldbank_pink_sheet,COFFEE_ARABIC,global,1993-06-01,1.38,$/kg,2026-09-08T08:09:02Z,CC-BY-4.0
worldbank_pink_sheet,COFFEE_ARABIC,global,1993-07-01,1.58,$/kg,2026-09-08T08:09:02Z,CC-BY-4.0
worldbank_pink_sheet,COFFEE_ARABIC,global,1993-08-01,1.7,$/kg,2026-09-08T08:09:02Z,CC-BY-4.0
worldbank_pink_sheet,COFFEE_ARABIC,global,1993-09-01,1.78,$/kg,2026-09-08T08:09:02Z,CC-BY-4.0
worldbank_pink_sheet,COFFEE_ARABIC,global,1993-10-01,1.69,$/kg,2026-09-08T08:09:02Z,CC-BY-4.0
worldbank_pink_sheet,COFFEE_ARABIC,global,1993-11-01,1.73,$/kg,2026-09-08T08:09:02Z,CC-BY-4.0
worldbank_pink_sheet,COFFEE_ARABIC,global,1993-12-01,1.79,$/kg,2026-09-08T08:09:02Z,CC-BY-4.0
worldbank_pink_sheet,COFFEE_ARABIC,global,1994-01-01,1.74,$/kg,2026-09-08T08:09:02Z,CC-BY-4.0
worldbank_pink_sheet,COFFEE_ARABIC,global,1994-02-01,1.85,$/kg,2026-09-08T08:09:02Z,CC-BY-4.0
worldbank_pink_sheet,COFFEE_ARABIC,global,1994-03-01,1.92,$/kg,2026-09-08T08:09:02Z,CC-BY-4.0
worldbank_pink_sheet,COFFEE_ARABIC,global,1994-04-01,2.0,$/kg,2026-09-08T08:09:02Z,CC-BY-4.0
worldbank_pink_sheet,COFFEE_ARABIC,global,1994-05-01,2.69,$/kg,2026-09-08T08:09:02Z,CC-BY-4.0
worldbank_pink_sheet,COFFEE_ARABIC,global,1994-06-01,3.16,$/kg,2026-09-08T08:09:02Z,CC-BY-4.0
worldbank_pink_sheet,COFFEE_ARABIC,global,1994-07-01,4.83,$/kg,2026-09-08T08:09:02Z,CC-BY-4.0
worldbank_pink_sheet,COFFEE_ARABIC,global,1994-08-01,4.42,$/kg,2026-09-08T08:09:02Z,CC-BY-4.0
worldbank_pink_sheet,COFFEE_ARABIC,global,1994-09-01,4.89,$/kg,2026-09-08T08:09:02Z,CC-BY-4.0
worldbank_pink_sheet,COFFEE_ARABIC,global,1994-10-01,4.45,$/kg,2026-09-08T08:09:02Z,CC-BY-4.0
worldbank_pink_sheet,COFFEE_ARABIC,global,1994-11-01,4.03,$/kg,2026-09-08T08:09:02Z,CC-BY-4.0
worldbank_pink_sheet,COFFEE_ARABIC,global,1994-12-01,3.72,$/kg,2026-09-08T08:09:02Z,CC-BY-4.0
worldbank_pink_sheet,COFFEE_ARABIC,global,1995-01-01,3.81,$/kg,2026-09-08T08:09:02Z,CC-BY-4.0
worldbank_pink_sheet,COFFEE_ARABIC,global,1995-02-01,3.74,$/kg,2026-09-08T08:09:02Z,CC-BY-4.0
worldbank_pink_sheet,COFFEE_ARABIC,global,1995-03-01,3.96,$/kg,2026-09-08T08:09:02Z,CC-BY-4.0
worldbank_pink_sheet,COFFEE_ARABIC,global,1995-04-01,3.84,$/kg,2026-09-08T08:09:02Z,CC-BY-4.0
worldbank_pink_sheet,COFFEE_ARABIC,global,1995-05-01,3.77,$/kg,2026-09-08T08:09:02Z,CC-BY-4.0
worldbank_pink_sheet,COFFEE_ARABIC,global,1995-06-01,3.41,$/kg,2026-09-08T08:09:02Z,CC-BY-4.0
worldbank_pink_sheet,COFFEE_ARABIC,global,1995-07-01,3.21,$/kg,2026-09-08T08:09:02Z,CC-BY-4.0
worldbank_pink_sheet,COFFEE_ARABIC,global,1995-08-01,3.38,$/kg,2026-09-08T08:09:02Z,CC-BY-4.0
worldbank_pink_sheet,COFFEE_ARABIC,global,1995-09-01,2.96,$/kg,2026-09-08T08:09:02Z,CC-BY-4.0
worldbank_pink_sheet,COFFEE_ARABIC,global,1995-10-01,2.81,$/kg,2026-09-08T08:09:02Z,CC-BY-4.0
worldbank_pink_sheet,COFFEE_ARABIC,global,1995-11-01,2.76,$/kg,2026-09-08T08:09:02Z,CC-BY-4.0
worldbank_pink_sheet,COFFEE_ARABIC,global,1995-12-01,2.34,$/kg,2026-09-08T08:09:02Z,CC-BY-4.0
worldbank_pink_sheet,COFFEE_ARABIC,global,1996-01-01,2.44,$/kg,2026-09-08T08:09:02Z,CC-BY-4.0
worldbank_pink_sheet,COFFEE_ARABIC,global,1996-02-01,2.74,$/kg,2026-09-08T08:09:02Z,CC-BY-4.0
worldbank_pink_sheet,COFFEE_ARABIC,global,1996-03-01,2.66,$/kg,2026-09-08T08:09:02Z,CC-BY-4.0
worldbank_pink_sheet,COFFEE_ARABIC,global,1996-04-01,2.72,$/kg,2026-09-08T08:09:02Z,CC-BY-4.0
worldbank_pink_sheet,COFFEE_ARABIC,global,1996-05-01,2.85,$/kg,2026-09-08T08:09:02Z,CC-BY-4.0
worldbank_pink_sheet,COFFEE_ARABIC,global,1996-06-01,2.77,$/kg,2026-09-08T08:09:02Z,CC-BY-4.0
worldbank_pink_sheet,COFFEE_ARABIC,global,1996-07-01,2.7,$/kg,2026-09-08T08:09:02Z,CC-BY-4.0
worldbank_pink_sheet,COFFEE_ARABIC,global,1996-08-01,2.78,$/kg,2026-09-08T08:09:02Z,CC-BY-4.0
worldbank_pink_sheet,COFFEE_ARABIC,global,1996-09-01,2.62,$/kg,2026-09-08T08:09:02Z,CC-BY-4.0
worldbank_pink_sheet,COFFEE_ARABIC,global,1996-10-01,2.74,$/kg,2026-09-08T08:09:02Z,CC-BY-4.0
worldbank_pink_sheet,COFFEE_ARABIC,global,1996-11-01,2.74,$/kg,2026-09-08T08:09:02Z,CC-BY-4.0
worldbank_pink_sheet,COFFEE_ARABIC,global,1996-12-01,2.58,$/kg,2026-09-08T08:09:02Z,CC-BY-4.0
worldbank_pink_sheet,COFFEE_ARABIC,global,1997-01-01,2.93,$/kg,2026-09-08T08:09:02Z,CC-BY-4.0
worldbank_pink_sheet,COFFEE_ARABIC,global,1997-02-01,3.71,$/kg,2026-09-08T08:09:02Z,CC-BY-4.0
worldbank_pink_sheet,COFFEE_ARABIC,global,1997-03-01,4.29,$/kg,2026-09-08T08:09:02Z,CC-BY-4.0
worldbank_pink_sheet,COFFEE_ARABIC,global,1997-04-01,4.56,$/kg,2026-09-08T08:09:02Z,CC-BY-4.0
worldbank_pink_sheet,COFFEE_ARABIC,global,1997-05-01,5.89,$/kg,2026-09-08T08:09:02Z,CC-BY-4.0
worldbank_pink_sheet,COFFEE_ARABIC,global,1997-06-01,4.89,$/kg,2026-09-08T08:09:02Z,CC-BY-4.0
worldbank_pink_sheet,COFFEE_ARABIC,global,1997-07-01,4.2,$/kg,2026-09-08T08:09:02Z,CC-BY-4.0
worldbank_pink_sheet,COFFEE_ARABIC,global,1997-08-01,4.21,$/kg,2026-09-08T08:09:02Z,CC-BY-4.0
worldbank_pink_sheet,COFFEE_ARABIC,global,1997-09-01,4.19,$/kg,2026-09-08T08:09:02Z,CC-BY-4.0
worldbank_pink_sheet,COFFEE_ARABIC,global,1997-10-01,3.7,$/kg,2026-09-08T08:09:02Z,CC-BY-4.0
worldbank_pink_sheet,COFFEE_ARABIC,global,1997-11-01,3.53,$/kg,2026-09-08T08:09:02Z,CC-BY-4.0
worldbank_pink_sheet,COFFEE_ARABIC,global,1997-12-01,3.91,$/kg,2026-09-08T08:09:02Z,CC-BY-4.0
worldbank_pink_sheet,COFFEE_ARABIC,global,1998-01-01,3.92,$/kg,2026-09-08T08:09:02Z,CC-BY-4.0
worldbank_pink_sheet,COFFEE_ARABIC,global,1998-02-01,3.93,$/kg,2026-09-08T08:09:02Z,CC-BY-4.0
worldbank_pink_sheet,COFFEE_ARABIC,global,1998-03-01,3.48,$/kg,2026-09-08T08:09:02Z,CC-BY-4.0
worldbank_pink_sheet,COFFEE_ARABIC,global,1998-04-01,3.31,$/kg,2026-09-08T08:09:02Z,CC-BY-4.0
worldbank_pink_sheet,COFFEE_ARABIC,global,1998-05-01,3.04,$/kg,2026-09-08T08:09:02Z,CC-BY-4.0
worldbank_pink_sheet,COFFEE_ARABIC,global,1998-06-01,2.75,$/kg,2026-09-08T08:09:02Z,CC-BY-4.0
worldbank_pink_sheet,COFFEE_ARABIC,global,1998-07-01,2.59,$/kg,2026-09-08T08:09:02Z,CC-BY-4.0
worldbank_pink_sheet,COFFEE_ARABIC,global,1998-08-01,2.72,$/kg,2026-09-08T08:09:02Z,CC-BY-4.0
worldbank_pink_sheet,COFFEE_ARABIC,global,1998-09-01,2.47,$/kg,2026-09-08T08:09:02Z,CC-BY-4.0
worldbank_pink_sheet,COFFEE_ARABIC,global,1998-10-01,2.42,$/kg,2026-09-08T08:09:02Z,CC-BY-4.0
worldbank_pink_sheet,COFFEE_ARABIC,global,1998-11-01,2.57,$/kg,2026-09-08T08:09:02Z,CC-BY-4.0
worldbank_pink_sheet,COFFEE_ARABIC,global,1998-12-01,2.59,$/kg,2026-09-08T08:09:02Z,CC-BY-4.0
worldbank_pink_sheet,COFFEE_ARABIC,global,1999-01-01,2.49,$/kg,2026-09-08T08:09:02Z,CC-BY-4.0
worldbank_pink_sheet,COFFEE_ARABIC,global,1999-02-01,2.33,$/kg,2026-09-08T08:09:02Z,CC-BY-4.0
worldbank_pink_sheet,COFFEE_ARABIC,global,1999-03-01,2.32,$/kg,2026-09-08T08:09:02Z,CC-BY-4.0
worldbank_pink_sheet,COFFEE_ARABIC,global,1999-04-01,2.25,$/kg,2026-09-08T08:09:02Z,CC-BY-4.0
worldbank_pink_sheet,COFFEE_ARABIC,global,1999-05-01,2.45,$/kg,2026-09-08T08:09:02Z,CC-BY-4.0
worldbank_pink_sheet,COFFEE_ARABIC,global,1999-06-01,2.36,$/kg,2026-09-08T08:09:02Z,CC-BY-4.0
worldbank_pink_sheet,COFFEE_ARABIC,global,1999-07-01,2.09,$/kg,2026-09-08T08:09:02Z,CC-BY-4.0
worldbank_pink_sheet,COFFEE_ARABIC,global,1999-08-01,2.01,$/kg,2026-09-08T08:09:02Z,CC-BY-4.0
worldbank_pink_sheet,COFFEE_ARABIC,global,1999-09-01,1.86,$/kg,2026-09-08T08:09:02Z,CC-BY-4.0
worldbank_pink_sheet,COFFEE_ARABIC,global,1999-10-01,2.08,$/kg,2026-09-08T08:09:02Z,CC-BY-4.0
worldbank_pink_sheet,COFFEE_ARABIC,global,1999-11-01,2.5,$/kg,2026-09-08T08:09:02Z,CC-BY-4.0
worldbank_pink_sheet,COFFEE_ARABIC,global,1999-12-01,2.74,$/kg,2026-09-08T08:09:02Z,CC-BY-4.0
worldbank_pink_sheet,COFFEE_ARABIC,global,2000-01-01,2.45,$/kg,2026-09-08T08:09:02Z,CC-BY-4.0
worldbank_pink_sheet,COFFEE_ARABIC,global,2000-02-01,2.28,$/kg,2026-09-08T08:09:02Z,CC-BY-4.0
worldbank_pink_sheet,COFFEE_ARABIC,global,2000-03-01,2.22,$/kg,2026-09-08T08:09:02Z,CC-BY-4.0
worldbank_pink_sheet,COFFEE_ARABIC,global,2000-04-01,2.09,$/kg,2026-09-08T08:09:02Z,CC-BY-4.0
worldbank_pink_sheet,COFFEE_ARABIC,global,2000-05-01,2.08,$/kg,2026-09-08T08:09:02Z,CC-BY-4.0
worldbank_pink_sheet,COFFEE_ARABIC,global,2000-06-01,1.91,$/kg,2026-09-08T08:09:02Z,CC-BY-4.0
worldbank_pink_sheet,COFFEE_ARABIC,global,2000-07-01,1.93,$/kg,2026-09-08T08:09:02Z,CC-BY-4.0
worldbank_pink_sheet,COFFEE_ARABIC,global,2000-08-01,1.7,$/kg,2026-09-08T08:09:02Z,CC-BY-4.0
worldbank_pink_sheet,COFFEE_ARABIC,global,2000-09-01,1.67,$/kg,2026-09-08T08:09:02Z,CC-BY-4.0
worldbank_pink_sheet,COFFEE_ARABIC,global,2000-10-01,1.69,$/kg,2026-09-08T08:09:02Z,CC-BY-4.0
worldbank_pink_sheet,COFFEE_ARABIC,global,2000-11-01,1.58,$/kg,2026-09-08T08:09:02Z,CC-BY-4.0
worldbank_pink_sheet,COFFEE_ARABIC,global,2000-12-01,1.46,$/kg,2026-09-08T08:09:02Z,CC-BY-4.0
worldbank_pink_sheet,COFFEE_ARABIC,global,2001-01-01,1.45,$/kg,2026-09-08T08:09:02Z,CC-BY-4.0
worldbank_pink_sheet,COFFEE_ARABIC,global,2001-02-01,1.48,$/kg,2026-09-08T08:09:02Z,CC-BY-4.0
worldbank_pink_sheet,COFFEE_ARABIC,global,2001-03-01,1.47,$/kg,2026-09-08T08:09:02Z,CC-BY-4.0
worldbank_pink_sheet,COFFEE_ARABIC,global,2001-04-01,1.46,$/kg,2026-09-08T08:09:02Z,CC-BY-4.0
worldbank_pink_sheet,COFFEE_ARABIC,global,2001-05-01,1.53,$/kg,2026-09-08T08:09:02Z,CC-BY-4.0
worldbank_pink_sheet,COFFEE_ARABIC,global,2001-06-01,1.41,$/kg,2026-09-08T08:09:02Z,CC-BY-4.0
worldbank_pink_sheet,COFFEE_ARABIC,global,2001-07-01,1.29,$/kg,2026-09-08T08:09:02Z,CC-BY-4.0
worldbank_pink_sheet,COFFEE_ARABIC,global,2001-08-01,1.32,$/kg,2026-09-08T08:09:02Z,CC-BY-4.0
worldbank_pink_sheet,COFFEE_ARABIC,global,2001-09-01,1.28,$/kg,2026-09-08T08:09:02Z,CC-BY-4.0
worldbank_pink_sheet,COFFEE_ARABIC,global,2001-10-01,1.24,$/kg,2026-09-08T08:09:02Z,CC-BY-4.0
worldbank_pink_sheet,COFFEE_ARABIC,global,2001-11-01,1.3,$/kg,2026-09-08T08:09:02Z,CC-BY-4.0
worldbank_pink_sheet,COFFEE_ARABIC,global,2001-12-01,1.25,$/kg,2026-09-08T08:09:02Z,CC-BY-4.0
worldbank_pink_sheet,COFFEE_ARABIC,global,2002-01-01,1.28,$/kg,2026-09-08T08:09:02Z,CC-BY-4.0
worldbank_pink_sheet,COFFEE_ARABIC,global,2002-02-01,1.3,$/kg,2026-09-08T08:09:02Z,CC-BY-4.0
worldbank_pink_sheet,COFFEE_ARABIC,global,2002-03-01,1.42,$/kg,2026-09-08T08:09:02Z,CC-BY-4.0
worldbank_pink_sheet,COFFEE_ARABIC,global,2002-04-01,1.44,$/kg,2026-09-08T08:09:02Z,CC-BY-4.0
worldbank_pink_sheet,COFFEE_ARABIC,global,2002-05-01,1.35,$/kg,2026-09-08T08:09:02Z,CC-BY-4.0
worldbank_pink_sheet,COFFEE_ARABIC,global,2002-06-01,1.29,$/kg,2026-09-08T08:09:02Z,CC-BY-4.0
worldbank_pink_sheet,COFFEE_ARABIC,global,2002-07-01,1.25,$/kg,2026-09-08T08:09:02Z,CC-BY-4.0
worldbank_pink_sheet,COFFEE_ARABIC,global,2002-08-01,1.2,$/kg,2026-09-08T08:09:02Z,CC-BY-4.0
worldbank_pink_sheet,COFFEE_ARABIC,global,2002-09-01,1.34,$/kg,2026-09-08T08:09:02Z,CC-BY-4.0
worldbank_pink_sheet,COFFEE_ARABIC,global,2002-10-01,1.45,$/kg,2026-09-08T08:09:02Z,CC-BY-4.0
worldbank_pink_sheet,COFFEE_ARABIC,global,2002-11-01,1.54,$/kg,2026-09-08T08:09:02Z,CC-BY-4.0
worldbank_pink_sheet,COFFEE_ARABIC,global,2002-12-01,1.41,$/kg,2026-09-08T08:09:02Z,CC-BY-4.0
worldbank_pink_sheet,COFFEE_ARABIC,global,2003-01-01,1.45,$/kg,2026-09-08T08:09:02Z,CC-BY-4.0
worldbank_pink_sheet,COFFEE_ARABIC,global,2003-02-01,1.46,$/kg,2026-09-08T08:09:02Z,CC-BY-4.0
worldbank_pink_sheet,COFFEE_ARABIC,global,2003-03-01,1.36,$/kg,2026-09-08T08:09:02Z,CC-BY-4.0
worldbank_pink_sheet,COFFEE_ARABIC,global,2003-04-01,1.43,$/kg,2026-09-08T08:09:02Z,CC-BY-4.0
worldbank_pink_sheet,COFFEE_ARABIC,global,2003-05-01,1.46,$/kg,2026-09-08T08:09:02Z,CC-BY-4.0
worldbank_pink_sheet,COFFEE_ARABIC,global,2003-06-01,1.35,$/kg,2026-09-08T08:09:02Z,CC-BY-4.0
worldbank_pink_sheet,COFFEE_ARABIC,global,2003-07-01,1.39,$/kg,2026-09-08T08:09:02Z,CC-BY-4.0
worldbank_pink_sheet,COFFEE_ARABIC,global,2003-08-01,1.41,$/kg,2026-09-08T08:09:02Z,CC-BY-4.0
worldbank_pink_sheet,COFFEE_ARABIC,global,2003-09-01,1.46,$/kg,2026-09-08T08:09:02Z,CC-BY-4.0
worldbank_pink_sheet,COFFEE_ARABIC,global,2003-10-01,1.42,$/kg,2026-09-08T08:09:02Z,CC-BY-4.0
worldbank_pink_sheet,COFFEE_ARABIC,global,2003-11-01,1.37,$/kg,2026-09-08T08:09:02Z,CC-BY-4.0
worldbank_pink_sheet,COFFEE_ARABIC,global,2003-12-01,1.43,$/kg,2026-09-08T08:09:02Z,CC-BY-4.0
worldbank_pink_sheet,COFFEE_ARABIC,global,2004-01-01,1.6,$/kg,2026-09-08T08:09:02Z,CC-BY-4.0
worldbank_pink_sheet,COFFEE_ARABIC,global,2004-02-01,1.68,$/kg,2026-09-08T08:09:02Z,CC-BY-4.0
worldbank_pink_sheet,COFFEE_ARABIC,global,2004-03-01,1.72,$/kg,2026-09-08T08:09:02Z,CC-BY-4.0
worldbank_pink_sheet,COFFEE_ARABIC,global,2004-04-01,1.66,$/kg,2026-09-08T08:09:02Z,CC-BY-4.0
worldbank_pink_sheet,COFFEE_ARABIC,global,2004-05-01,1.7,$/kg,2026-09-08T08:09:02Z,CC-BY-4.0
worldbank_pink_sheet,COFFEE_ARABIC,global,2004-06-01,1.81,$/kg,2026-09-08T08:09:02Z,CC-BY-4.0
worldbank_pink_sheet,COFFEE_ARABIC,global,2004-07-01,1.65,$/kg,2026-09-08T08:09:02Z,CC-BY-4.0
worldbank_pink_sheet,COFFEE_ARABIC,global,2004-08-01,1.62,$/kg,2026-09-08T08:09:02Z,CC-BY-4.0
worldbank_pink_sheet,COFFEE_ARABIC,global,2004-09-01,1.77,$/kg,2026-09-08T08:09:02Z,CC-BY-4.0
worldbank_pink_sheet,COFFEE_ARABIC,global,2004-10-01,1.78,$/kg,2026-09-08T08:09:02Z,CC-BY-4.0
worldbank_pink_sheet,COFFEE_ARABIC,global,2004-11-01,1.99,$/kg,2026-09-08T08:09:02Z,CC-BY-4.0
worldbank_pink_sheet,COFFEE_ARABIC,global,2004-12-01,2.3,$/kg,2026-09-08T08:09:02Z,CC-BY-4.0
worldbank_pink_sheet,COFFEE_ARABIC,global,2005-01-01,2.36,$/kg,2026-09-08T08:09:02Z,CC-BY-4.0
worldbank_pink_sheet,COFFEE_ARABIC,global,2005-02-01,2.66,$/kg,2026-09-08T08:09:02Z,CC-BY-4.0
worldbank_pink_sheet,COFFEE_ARABIC,global,2005-03-01,2.98,$/kg,2026-09-08T08:09:02Z,CC-BY-4.0
worldbank_pink_sheet,COFFEE_ARABIC,global,2005-04-01,2.86,$/kg,2026-09-08T08:09:02Z,CC-BY-4.0
worldbank_pink_sheet,COFFEE_ARABIC,global,2005-05-01,2.83,$/kg,2026-09-08T08:09:02Z,CC-BY-4.0
worldbank_pink_sheet,COFFEE_ARABIC,global,2005-06-01,2.67,$/kg,2026-09-08T08:09:02Z,CC-BY-4.0
worldbank_pink_sheet,COFFEE_ARABIC,global,2005-07-01,2.42,$/kg,2026-09-08T08:09:02Z,CC-BY-4.0
worldbank_pink_sheet,COFFEE_ARABIC,global,2005-08-01,2.39,$/kg,2026-09-08T08:09:02Z,CC-BY-4.0
worldbank_pink_sheet,COFFEE_ARABIC,global,2005-09-01,2.19,$/kg,2026-09-08T08:09:02Z,CC-BY-4.0
worldbank_pink_sheet,COFFEE_ARABIC,global,2005-10-01,2.32,$/kg,2026-09-08T08:09:02Z,CC-BY-4.0
worldbank_pink_sheet,COFFEE_ARABIC,global,2005-11-01,2.38,$/kg,2026-09-08T08:09:02Z,CC-BY-4.0
worldbank_pink_sheet,COFFEE_ARABIC,global,2005-12-01,2.33,$/kg,2026-09-08T08:09:02Z,CC-BY-4.0
worldbank_pink_sheet,COFFEE_ARABIC,global,2006-01-01,2.74,$/kg,2026-09-08T08:09:02Z,CC-BY-4.0
worldbank_pink_sheet,COFFEE_ARABIC,global,2006-02-01,2.63,$/kg,2026-09-08T08:09:02Z,CC-BY-4.0
worldbank_pink_sheet,COFFEE_ARABIC,global,2006-03-01,2.51,$/kg,2026-09-08T08:09:02Z,CC-BY-4.0
worldbank_pink_sheet,COFFEE_ARABIC,global,2006-04-01,2.54,$/kg,2026-09-08T08:09:02Z,CC-BY-4.0
worldbank_pink_sheet,COFFEE_ARABIC,global,2006-05-01,2.41,$/kg,2026-09-08T08:09:02Z,CC-BY-4.0
worldbank_pink_sheet,COFFEE_ARABIC,global,2006-06-01,2.27,$/kg,2026-09-08T08:09:02Z,CC-BY-4.0
worldbank_pink_sheet,COFFEE_ARABIC,global,2006-07-01,2.31,$/kg,2026-09-08T08:09:02Z,CC-BY-4.0
worldbank_pink_sheet,COFFEE_ARABIC,global,2006-08-01,2.46,$/kg,2026-09-08T08:09:02Z,CC-BY-4.0
worldbank_pink_sheet,COFFEE_ARABIC,global,2006-09-01,2.42,$/kg,2026-09-08T08:09:02Z,CC-BY-4.0
worldbank_pink_sheet,COFFEE_ARABIC,global,2006-10-01,2.44,$/kg,2026-09-08T08:09:02Z,CC-BY-4.0
worldbank_pink_sheet,COFFEE_ARABIC,global,2006-11-01,2.7,$/kg,2026-09-08T08:09:02Z,CC-BY-4.0
worldbank_pink_sheet,COFFEE_ARABIC,global,2006-12-01,2.83,$/kg,2026-09-08T08:09:02Z,CC-BY-4.0
worldbank_pink_sheet,COFFEE_ARABIC,global,2007-01-01,2.75,$/kg,2026-09-08T08:09:02Z,CC-BY-4.0
worldbank_pink_sheet,COFFEE_ARABIC,global,2007-02-01,2.69,$/kg,2026-09-08T08:09:02Z,CC-BY-4.0
worldbank_pink_sheet,COFFEE_ARABIC,global,2007-03-01,2.58,$/kg,2026-09-08T08:09:02Z,CC-BY-4.0
worldbank_pink_sheet,COFFEE_ARABIC,global,2007-04-01,2.53,$/kg,2026-09-08T08:09:02Z,CC-BY-4.0
worldbank_pink_sheet,COFFEE_ARABIC,global,2007-05-01,2.5,$/kg,2026-09-08T08:09:02Z,CC-BY-4.0
worldbank_pink_sheet,COFFEE_ARABIC,global,2007-06-01,2.63,$/kg,2026-09-08T08:09:02Z,CC-BY-4.0
worldbank_pink_sheet,COFFEE_ARABIC,global,2007-07-01,2.59,$/kg,2026-09-08T08:09:02Z,CC-BY-4.0
worldbank_pink_sheet,COFFEE_ARABIC,global,2007-08-01,2.72,$/kg,2026-09-08T08:09:02Z,CC-BY-4.0
worldbank_pink_sheet,COFFEE_ARABIC,global,2007-09-01,2.82,$/kg,2026-09-08T08:09:02Z,CC-BY-4.0
worldbank_pink_sheet,COFFEE_ARABIC,global,2007-10-01,2.96,$/kg,2026-09-08T08:09:02Z,CC-BY-4.0
worldbank_pink_sheet,COFFEE_ARABIC,global,2007-11-01,2.89,$/kg,2026-09-08T08:09:02Z,CC-BY-4.0
worldbank_pink_sheet,COFFEE_ARABIC,global,2007-12-01,3.03,$/kg,2026-09-08T08:09:02Z,CC-BY-4.0
worldbank_pink_sheet,COFFEE_ARABIC,global,2008-01-01,3.08,$/kg,2026-09-08T08:09:02Z,CC-BY-4.0
worldbank_pink_sheet,COFFEE_ARABIC,global,2008-02-01,3.47,$/kg,2026-09-08T08:09:02Z,CC-BY-4.0
worldbank_pink_sheet,COFFEE_ARABIC,global,2008-03-01,3.3,$/kg,2026-09-08T08:09:02Z,CC-BY-4.0
worldbank_pink_sheet,COFFEE_ARABIC,global,2008-04-01,3.1,$/kg,2026-09-08T08:09:02Z,CC-BY-4.0
worldbank_pink_sheet,COFFEE_ARABIC,global,2008-05-01,3.13,$/kg,2026-09-08T08:09:02Z,CC-BY-4.0
worldbank_pink_sheet,COFFEE_ARABIC,global,2008-06-01,3.22,$/kg,2026-09-08T08:09:02Z,CC-BY-4.0
worldbank_pink_sheet,COFFEE_ARABIC,global,2008-07-01,3.25,$/kg,2026-09-08T08:09:02Z,CC-BY-4.0
worldbank_pink_sheet,COFFEE_ARABIC,global,2008-08-01,3.23,$/kg,2026-09-08T08:09:02Z,CC-BY-4.0
worldbank_pink_sheet,COFFEE_ARABIC,global,2008-09-01,3.16,$/kg,2026-09-08T08:09:02Z,CC-BY-4.0
worldbank_pink_sheet,COFFEE_ARABIC,global,2008-10-01,2.72,$/kg,2026-09-08T08:09:02Z,CC-BY-4.0
worldbank_pink_sheet,COFFEE_ARABIC,global,2008-11-01,2.69,$/kg,2026-09-08T08:09:02Z,CC-BY-4.0
worldbank_pink_sheet,COFFEE_ARABIC,global,2008-12-01,2.62,$/kg,2026-09-08T08:09:02Z,CC-BY-4.0
worldbank_pink_sheet,COFFEE_ARABIC,global,2009-01-01,2.83,$/kg,2026-09-08T08:09:02Z,CC-BY-4.0
worldbank_pink_sheet,COFFEE_ARABIC,global,2009-02-01,2.85,$/kg,2026-09-08T08:09:02Z,CC-BY-4.0
worldbank_pink_sheet,COFFEE_ARABIC,global,2009-03-01,2.83,$/kg,2026-09-08T08:09:02Z,CC-BY-4.0
worldbank_pink_sheet,COFFEE_ARABIC,global,2009-04-01,2.97,$/kg,2026-09-08T08:09:02Z,CC-BY-4.0
worldbank_pink_sheet,COFFEE_ARABIC,global,2009-05-01,3.33,$/kg,2026-09-08T08:09:02Z,CC-BY-4.0
worldbank_pink_sheet,COFFEE_ARABIC,global,2009-06-01,3.3,$/kg,2026-09-08T08:09:02Z,CC-BY-4.0
worldbank_pink_sheet,COFFEE_ARABIC,global,2009-07-01,3.11,$/kg,2026-09-08T08:09:02Z,CC-BY-4.0
worldbank_pink_sheet,COFFEE_ARABIC,global,2009-08-01,3.3,$/kg,2026-09-08T08:09:02Z,CC-BY-4.0
worldbank_pink_sheet,COFFEE_ARABIC,global,2009-09-01,3.27,$/kg,2026-09-08T08:09:02Z,CC-BY-4.0
worldbank_pink_sheet,COFFEE_ARABIC,global,2009-10-01,3.41,$/kg,2026-09-08T08:09:02Z,CC-BY-4.0
worldbank_pink_sheet,COFFEE_ARABIC,global,2009-11-01,3.36,$/kg,2026-09-08T08:09:02Z,CC-BY-4.0
worldbank_pink_sheet,COFFEE_ARABIC,global,2009-12-01,3.49,$/kg,2026-09-08T08:09:02Z,CC-BY-4.0
worldbank_pink_sheet,COFFEE_ARABIC,global,2010-01-01,3.5,$/kg,2026-09-08T08:09:02Z,CC-BY-4.0
worldbank_pink_sheet,COFFEE_ARABIC,global,2010-02-01,3.48,$/kg,2026-09-08T08:09:02Z,CC-BY-4.0
worldbank_pink_sheet,COFFEE_ARABIC,global,2010-03-01,3.63,$/kg,2026-09-08T08:09:02Z,CC-BY-4.0
worldbank_pink_sheet,COFFEE_ARABIC,global,2010-04-01,3.73,$/kg,2026-09-08T08:09:02Z,CC-BY-4.0
worldbank_pink_sheet,COFFEE_ARABIC,global,2010-05-01,3.82,$/kg,2026-09-08T08:09:02Z,CC-BY-4.0
worldbank_pink_sheet,COFFEE_ARABIC,global,2010-06-01,4.21,$/kg,2026-09-08T08:09:02Z,CC-BY-4.0
worldbank_pink_sheet,COFFEE_ARABIC,global,2010-07-01,4.48,$/kg,2026-09-08T08:09:02Z,CC-BY-4.0
worldbank_pink_sheet,COFFEE_ARABIC,global,2010-08-01,4.66,$/kg,2026-09-08T08:09:02Z,CC-BY-4.0
worldbank_pink_sheet,COFFEE_ARABIC,global,2010-09-01,4.91,$/kg,2026-09-08T08:09:02Z,CC-BY-4.0
worldbank_pink_sheet,COFFEE_ARABIC,global,2010-10-01,4.8,$/kg,2026-09-08T08:09:02Z,CC-BY-4.0
worldbank_pink_sheet,COFFEE_ARABIC,global,2010-11-01,5.15,$/kg,2026-09-08T08:09:02Z,CC-BY-4.0
worldbank_pink_sheet,COFFEE_ARABIC,global,2010-12-01,5.47,$/kg,2026-09-08T08:09:02Z,CC-BY-4.0
worldbank_pink_sheet,COFFEE_ARABIC,global,2011-01-01,5.82,$/kg,2026-09-08T08:09:02Z,CC-BY-4.0
worldbank_pink_sheet,COFFEE_ARABIC,global,2011-02-01,6.35,$/kg,2026-09-08T08:09:02Z,CC-BY-4.0
worldbank_pink_sheet,COFFEE_ARABIC,global,2011-03-01,6.44,$/kg,2026-09-08T08:09:02Z,CC-BY-4.0
worldbank_pink_sheet,COFFEE_ARABIC,global,2011-04-01,6.62,$/kg,2026-09-08T08:09:02Z,CC-BY-4.0
worldbank_pink_sheet,COFFEE_ARABIC,global,2011-05-01,6.42,$/kg,2026-09-08T08:09:02Z,CC-BY-4.0
worldbank_pink_sheet,COFFEE_ARABIC,global,2011-06-01,6.06,$/kg,2026-09-08T08:09:02Z,CC-BY-4.0
worldbank_pink_sheet,COFFEE_ARABIC,global,2011-07-01,5.91,$/kg,2026-09-08T08:09:02Z,CC-BY-4.0
worldbank_pink_sheet,COFFEE_ARABIC,global,2011-08-01,5.96,$/kg,2026-09-08T08:09:02Z,CC-BY-4.0
worldbank_pink_sheet,COFFEE_ARABIC,global,2011-09-01,6.06,$/kg,2026-09-08T08:09:02Z,CC-BY-4.0
worldbank_pink_sheet,COFFEE_ARABIC,global,2011-10-01,5.46,$/kg,2026-09-08T08:09:02Z,CC-BY-4.0
worldbank_pink_sheet,COFFEE_ARABIC,global,2011-11-01,5.4,$/kg,2026-09-08T08:09:02Z,CC-BY-4.0
worldbank_pink_sheet,COFFEE_ARABIC,global,2011-12-01,5.22,$/kg,2026-09-08T08:09:02Z,CC-BY-4.0
worldbank_pink_sheet,COFFEE_ARABIC,global,2012-01-01,5.23,$/kg,2026-09-08T08:09:02Z,CC-BY-4.0
worldbank_pink_sheet,COFFEE_ARABIC,global,2012-02-01,4.94,$/kg,2026-09-08T08:09:02Z,CC-BY-4.0
worldbank_pink_sheet,COFFEE_ARABIC,global,2012-03-01,4.44,$/kg,2026-09-08T08:09:02Z,CC-BY-4.0
worldbank_pink_sheet,COFFEE_ARABIC,global,2012-04-01,4.22,$/kg,2026-09-08T08:09:02Z,CC-BY-4.0
worldbank_pink_sheet,COFFEE_ARABIC,global,2012-05-01,4.07,$/kg,2026-09-08T08:09:02Z,CC-BY-4.0
worldbank_pink_sheet,COFFEE_ARABIC,global,2012-06-01,3.72,$/kg,2026-09-08T08:09:02Z,CC-BY-4.0
worldbank_pink_sheet,COFFEE_ARABIC,global,2012-07-01,4.2,$/kg,2026-09-08T08:09:02Z,CC-BY-4.0
worldbank_pink_sheet,COFFEE_ARABIC,global,2012-08-01,3.85,$/kg,2026-09-08T08:09:02Z,CC-BY-4.0
worldbank_pink_sheet,COFFEE_ARABIC,global,2012-09-01,3.95,$/kg,2026-09-08T08:09:02Z,CC-BY-4.0
worldbank_pink_sheet,COFFEE_ARABIC,global,2012-10-01,3.82,$/kg,2026-09-08T08:09:02Z,CC-BY-4.0
worldbank_pink_sheet,COFFEE_ARABIC,global,2012-11-01,3.53,$/kg,2026-09-08T08:09:02Z,CC-BY-4.0
worldbank_pink_sheet,COFFEE_ARABIC,global,2012-12-01,3.37,$/kg,2026-09-08T08:09:02Z,CC-BY-4.0
worldbank_pink_sheet,COFFEE_ARABIC,global,2013-01-01,3.47,$/kg,2026-09-08T08:09:02Z,CC-BY-4.0
worldbank_pink_sheet,COFFEE_ARABIC,global,2013-02-01,3.3,$/kg,2026-09-08T08:09:02Z,CC-BY-4.0
worldbank_pink_sheet,COFFEE_ARABIC,global,2013-03-01,3.3,$/kg,2026-09-08T08:09:02Z,CC-BY-4.0
worldbank_pink_sheet,COFFEE_ARABIC,global,2013-04-01,3.3,$/kg,2026-09-08T08:09:02Z,CC-BY-4.0
worldbank_pink_sheet,COFFEE_ARABIC,global,2013-05-01,3.24,$/kg,2026-09-08T08:09:02Z,CC-BY-4.0
worldbank_pink_sheet,COFFEE_ARABIC,global,2013-06-01,3.05,$/kg,2026-09-08T08:09:02Z,CC-BY-4.0
worldbank_pink_sheet,COFFEE_ARABIC,global,2013-07-01,3.05,$/kg,2026-09-08T08:09:02Z,CC-BY-4.0
worldbank_pink_sheet,COFFEE_ARABIC,global,2013-08-01,2.98,$/kg,2026-09-08T08:09:02Z,CC-BY-4.0
worldbank_pink_sheet,COFFEE_ARABIC,global,2013-09-01,2.92,$/kg,2026-09-08T08:09:02Z,CC-BY-4.0
worldbank_pink_sheet,COFFEE_ARABIC,global,2013-10-01,2.84,$/kg,2026-09-08T08:09:02Z,CC-BY-4.0
worldbank_pink_sheet,COFFEE_ARABIC,global,2013-11-01,2.69,$/kg,2026-09-08T08:09:02Z,CC-BY-4.0
worldbank_pink_sheet,COFFEE_ARABIC,global,2013-12-01,2.78,$/kg,2026-09-08T08:09:02Z,CC-BY-4.0
worldbank_pink_sheet,COFFEE_ARABIC,global,2014-01-01,2.93,$/kg,2026-09-08T08:09:02Z,CC-BY-4.0
worldbank_pink_sheet,COFFEE_ARABIC,global,2014-02-01,3.83,$/kg,2026-09-08T08:09:02Z,CC-BY-4.0
worldbank_pink_sheet,COFFEE_ARABIC,global,2014-03-01,4.72,$/kg,2026-09-08T08:09:02Z,CC-BY-4.0
worldbank_pink_sheet,COFFEE_ARABIC,global,2014-04-01,4.93,$/kg,2026-09-08T08:09:02Z,CC-BY-4.0
worldbank_pink_sheet,COFFEE_ARABIC,global,2014-05-01,4.72,$/kg,2026-09-08T08:09:02Z,CC-BY-4.0
worldbank_pink_sheet,COFFEE_ARABIC,global,2014-06-01,4.36,$/kg,2026-09-08T08:09:02Z,CC-BY-4.0
worldbank_pink_sheet,COFFEE_ARABIC,global,2014-07-01,4.34,$/kg,2026-09-08T08:09:02Z,CC-BY-4.0
worldbank_pink_sheet,COFFEE_ARABIC,global,2014-08-01,4.7,$/kg,2026-09-08T08:09:02Z,CC-BY-4.0
worldbank_pink_sheet,COFFEE_ARABIC,global,2014-09-01,4.64,$/kg,2026-09-08T08:09:02Z,CC-BY-4.0
worldbank_pink_sheet,COFFEE_ARABIC,global,2014-10-01,4.97,$/kg,2026-09-08T08:09:02Z,CC-BY-4.0
worldbank_pink_sheet,COFFEE_ARABIC,global,2014-11-01,4.62,$/kg,2026-09-08T08:09:02Z,CC-BY-4.0
worldbank_pink_sheet,COFFEE_ARABIC,global,2014-12-01,4.34,$/kg,2026-09-08T08:09:02Z,CC-BY-4.0
worldbank_pink_sheet,COFFEE_ARABIC,global,2015-01-01,4.19,$/kg,2026-09-08T08:09:02Z,CC-BY-4.0
worldbank_pink_sheet,COFFEE_ARABIC,global,2015-02-01,3.94,$/kg,2026-09-08T08:09:02Z,CC-BY-4.0
worldbank_pink_sheet,COFFEE_ARABIC,global,2015-03-01,3.54,$/kg,2026-09-08T08:09:02Z,CC-BY-4.0
worldbank_pink_sheet,COFFEE_ARABIC,global,2015-04-01,3.62,$/kg,2026-09-08T08:09:02Z,CC-BY-4.0
worldbank_pink_sheet,COFFEE_ARABIC,global,2015-05-01,3.49,$/kg,2026-09-08T08:09:02Z,CC-BY-4.0
worldbank_pink_sheet,COFFEE_ARABIC,global,2015-06-01,3.52,$/kg,2026-09-08T08:09:02Z,CC-BY-4.0
worldbank_pink_sheet,COFFEE_ARABIC,global,2015-07-01,3.41,$/kg,2026-09-08T08:09:02Z,CC-BY-4.0
worldbank_pink_sheet,COFFEE_ARABIC,global,2015-08-01,3.46,$/kg,2026-09-08T08:09:02Z,CC-BY-4.0
worldbank_pink_sheet,COFFEE_ARABIC,global,2015-09-01,3.22,$/kg,2026-09-08T08:09:02Z,CC-BY-4.0
worldbank_pink_sheet,COFFEE_ARABIC,global,2015-10-01,3.38,$/kg,2026-09-08T08:09:02Z,CC-BY-4.0
worldbank_pink_sheet,COFFEE_ARABIC,global,2015-11-01,3.26,$/kg,2026-09-08T08:09:02Z,CC-BY-4.0
worldbank_pink_sheet,COFFEE_ARABIC,global,2015-12-01,3.28,$/kg,2026-09-08T08:09:02Z,CC-BY-4.0
worldbank_pink_sheet,COFFEE_ARABIC,global,2016-01-01,3.2,$/kg,2026-09-08T08:09:02Z,CC-BY-4.0
worldbank_pink_sheet,COFFEE_ARABIC,global,2016-02-01,3.26,$/kg,2026-09-08T08:09:02Z,CC-BY-4.0
worldbank_pink_sheet,COFFEE_ARABIC,global,2016-03-01,3.47,$/kg,2026-09-08T08:09:02Z,CC-BY-4.0
worldbank_pink_sheet,COFFEE_ARABIC,global,2016-04-01,3.4,$/kg,2026-09-08T08:09:02Z,CC-BY-4.0
worldbank_pink_sheet,COFFEE_ARABIC,global,2016-05-01,3.42,$/kg,2026-09-08T08:09:02Z,CC-BY-4.0
worldbank_pink_sheet,COFFEE_ARABIC,global,2016-06-01,3.65,$/kg,2026-09-08T08:09:02Z,CC-BY-4.0
worldbank_pink_sheet,COFFEE_ARABIC,global,2016-07-01,3.79,$/kg,2026-09-08T08:09:02Z,CC-BY-4.0
worldbank_pink_sheet,COFFEE_ARABIC,global,2016-08-01,3.69,$/kg,2026-09-08T08:09:02Z,CC-BY-4.0
worldbank_pink_sheet,COFFEE_ARABIC,global,2016-09-01,3.89,$/kg,2026-09-08T08:09:02Z,CC-BY-4.0
worldbank_pink_sheet,COFFEE_ARABIC,global,2016-10-01,3.95,$/kg,2026-09-08T08:09:02Z,CC-BY-4.0
worldbank_pink_sheet,COFFEE_ARABIC,global,2016-11-01,4.06,$/kg,2026-09-08T08:09:02Z,CC-BY-4.0
worldbank_pink_sheet,COFFEE_ARABIC,global,2016-12-01,3.57,$/kg,2026-09-08T08:09:02Z,CC-BY-4.0
worldbank_pink_sheet,COFFEE_ARABIC,global,2017-01-01,3.72,$/kg,2026-09-08T08:09:02Z,CC-BY-4.0
worldbank_pink_sheet,COFFEE_ARABIC,global,2017-02-01,3.67,$/kg,2026-09-08T08:09:02Z,CC-BY-4.0
worldbank_pink_sheet,COFFEE_ARABIC,global,2017-03-01,3.53,$/kg,2026-09-08T08:09:02Z,CC-BY-4.0
worldbank_pink_sheet,COFFEE_ARABIC,global,2017-04-01,3.43,$/kg,2026-09-08T08:09:02Z,CC-BY-4.0
worldbank_pink_sheet,COFFEE_ARABIC,global,2017-05-01,3.31,$/kg,2026-09-08T08:09:02Z,CC-BY-4.0
worldbank_pink_sheet,COFFEE_ARABIC,global,2017-06-01,3.16,$/kg,2026-09-08T08:09:02Z,CC-BY-4.0
worldbank_pink_sheet,COFFEE_ARABIC,global,2017-07-01,3.3,$/kg,2026-09-08T08:09:02Z,CC-BY-4.0
worldbank_pink_sheet,COFFEE_ARABIC,global,2017-08-01,3.3,$/kg,2026-09-08T08:09:02Z,CC-BY-4.0
worldbank_pink_sheet,COFFEE_ARABIC,global,2017-09-01,3.23,$/kg,2026-09-08T08:09:02Z,CC-BY-4.0
worldbank_pink_sheet,COFFEE_ARABIC,global,2017-10-01,3.1,$/kg,2026-09-08T08:09:02Z,CC-BY-4.0
worldbank_pink_sheet,COFFEE_ARABIC,global,2017-11-01,3.11,$/kg,2026-09-08T08:09:02Z,CC-BY-4.0
worldbank_pink_sheet,COFFEE_ARABIC,global,2017-12-01,3.03,$/kg,2026-09-08T08:09:02Z,CC-BY-4.0
worldbank_pink_sheet,COFFEE_ARABIC,global,2018-01-01,3.06,$/kg,2026-09-08T08:09:02Z,CC-BY-4.0
worldbank_pink_sheet,COFFEE_ARABIC,global,2018-02-01,3.0,$/kg,2026-09-08T08:09:02Z,CC-BY-4.0
worldbank_pink_sheet,COFFEE_ARABIC,global,2018-03-01,2.98,$/kg,2026-09-08T08:09:02Z,CC-BY-4.0
worldbank_pink_sheet,COFFEE_ARABIC,global,2018-04-01,2.96,$/kg,2026-09-08T08:09:02Z,CC-BY-4.0
worldbank_pink_sheet,COFFEE_ARABIC,global,2018-05-01,2.99,$/kg,2026-09-08T08:09:02Z,CC-BY-4.0
worldbank_pink_sheet,COFFEE_ARABIC,global,2018-06-01,2.95,$/kg,2026-09-08T08:09:02Z,CC-BY-4.0
worldbank_pink_sheet,COFFEE_ARABIC,global,2018-07-01,2.88,$/kg,2026-09-08T08:09:02Z,CC-BY-4.0
worldbank_pink_sheet,COFFEE_ARABIC,global,2018-08-01,2.76,$/kg,2026-09-08T08:09:02Z,CC-BY-4.0
worldbank_pink_sheet,COFFEE_ARABIC,global,2018-09-01,2.67,$/kg,2026-09-08T08:09:02Z,CC-BY-4.0
worldbank_pink_sheet,COFFEE_ARABIC,global,2018-10-01,3.03,$/kg,2026-09-08T08:09:02Z,CC-BY-4.0
worldbank_pink_sheet,COFFEE_ARABIC,global,2018-11-01,3.02,$/kg,2026-09-08T08:09:02Z,CC-BY-4.0
worldbank_pink_sheet,COFFEE_ARABIC,global,2018-12-01,2.8,$/kg,2026-09-08T08:09:02Z,CC-BY-4.0
worldbank_pink_sheet,COFFEE_ARABIC,global,2019-01-01,2.83,$/kg,2026-09-08T08:09:02Z,CC-BY-4.0
worldbank_pink_sheet,COFFEE_ARABIC,global,2019-02-01,2.83,$/kg,2026-09-08T08:09:02Z,CC-BY-4.0
worldbank_pink_sheet,COFFEE_ARABIC,global,2019-03-01,2.73,$/kg,2026-09-08T08:09:02Z,CC-BY-4.0
worldbank_pink_sheet,COFFEE_ARABIC,global,2019-04-01,2.67,$/kg,2026-09-08T08:09:02Z,CC-BY-4.0
worldbank_pink_sheet,COFFEE_ARABIC,global,2019-05-01,2.66,$/kg,2026-09-08T08:09:02Z,CC-BY-4.0
worldbank_pink_sheet,COFFEE_ARABIC,global,2019-06-01,2.86,$/kg,2026-09-08T08:09:02Z,CC-BY-4.0
worldbank_pink_sheet,COFFEE_ARABIC,global,2019-07-01,2.99,$/kg,2026-09-08T08:09:02Z,CC-BY-4.0
worldbank_pink_sheet,COFFEE_ARABIC,global,2019-08-01,2.78,$/kg,2026-09-08T08:09:02Z,CC-BY-4.0
worldbank_pink_sheet,COFFEE_ARABIC,global,2019-09-01,2.84,$/kg,2026-09-08T08:09:02Z,CC-BY-4.0
worldbank_pink_sheet,COFFEE_ARABIC,global,2019-10-01,2.8,$/kg,2026-09-08T08:09:02Z,CC-BY-4.0
worldbank_pink_sheet,COFFEE_ARABIC,global,2019-11-01,3.11,$/kg,2026-09-08T08:09:02Z,CC-BY-4.0
worldbank_pink_sheet,COFFEE_ARABIC,global,2019-12-01,3.46,$/kg,2026-09-08T08:09:02Z,CC-BY-4.0
worldbank_pink_sheet,COFFEE_ARABIC,global,2020-01-01,3.13,$/kg,2026-09-08T08:09:02Z,CC-BY-4.0
worldbank_pink_sheet,COFFEE_ARABIC,global,2020-02-01,2.99,$/kg,2026-09-08T08:09:02Z,CC-BY-4.0
worldbank_pink_sheet,COFFEE_ARABIC,global,2020-03-01,3.27,$/kg,2026-09-08T08:09:02Z,CC-BY-4.0
worldbank_pink_sheet,COFFEE_ARABIC,global,2020-04-01,3.41,$/kg,2026-09-08T08:09:02Z,CC-BY-4.0
worldbank_pink_sheet,COFFEE_ARABIC,global,2020-05-01,3.3,$/kg,2026-09-08T08:09:02Z,CC-BY-4.0
worldbank_pink_sheet,COFFEE_ARABIC,global,2020-06-01,3.12,$/kg,2026-09-08T08:09:02Z,CC-BY-4.0
worldbank_pink_sheet,COFFEE_ARABIC,global,2020-07-01,3.24,$/kg,2026-09-08T08:09:02Z,CC-BY-4.0
worldbank_pink_sheet,COFFEE_ARABIC,global,2020-08-01,3.6,$/kg,2026-09-08T08:09:02Z,CC-BY-4.0
worldbank_pink_sheet,COFFEE_ARABIC,global,2020-09-01,3.67,$/kg,2026-09-08T08:09:02Z,CC-BY-4.0
worldbank_pink_sheet,COFFEE_ARABIC,global,2020-10-01,3.35,$/kg,2026-09-08T08:09:02Z,CC-BY-4.0
worldbank_pink_sheet,COFFEE_ARABIC,global,2020-11-01,3.32,$/kg,2026-09-08T08:09:02Z,CC-BY-4.0
worldbank_pink_sheet,COFFEE_ARABIC,global,2020-12-01,3.48,$/kg,2026-09-08T08:09:02Z,CC-BY-4.0
worldbank_pink_sheet,COFFEE_ARABIC,global,2021-01-01,3.54,$/kg,2026-09-08T08:09:02Z,CC-BY-4.0
worldbank_pink_sheet,COFFEE_ARABIC,global,2021-02-01,3.67,$/kg,2026-09-08T08:09:02Z,CC-BY-4.0
worldbank_pink_sheet,COFFEE_ARABIC,global,2021-03-01,3.68,$/kg,2026-09-08T08:09:02Z,CC-BY-4.0
worldbank_pink_sheet,COFFEE_ARABIC,global,2021-04-01,3.72,$/kg,2026-09-08T08:09:02Z,CC-BY-4.0
worldbank_pink_sheet,COFFEE_ARABIC,global,2021-05-01,4.11,$/kg,2026-09-08T08:09:02Z,CC-BY-4.0
worldbank_pink_sheet,COFFEE_ARABIC,global,2021-06-01,4.24,$/kg,2026-09-08T08:09:02Z,CC-BY-4.0
worldbank_pink_sheet,COFFEE_ARABIC,global,2021-07-01,4.5,$/kg,2026-09-08T08:09:02Z,CC-BY-4.0
worldbank_pink_sheet,COFFEE_ARABIC,global,2021-08-01,4.77,$/kg,2026-09-08T08:09:02Z,CC-BY-4.0
worldbank_pink_sheet,COFFEE_ARABIC,global,2021-09-01,4.97,$/kg,2026-09-08T08:09:02Z,CC-BY-4.0
worldbank_pink_sheet,COFFEE_ARABIC,global,2021-10-01,5.31,$/kg,2026-09-08T08:09:02Z,CC-BY-4.0
worldbank_pink_sheet,COFFEE_ARABIC,global,2021-11-01,5.71,$/kg,2026-09-08T08:09:02Z,CC-BY-4.0
worldbank_pink_sheet,COFFEE_ARABIC,global,2021-12-01,5.91,$/kg,2026-09-08T08:09:02Z,CC-BY-4.0
worldbank_pink_sheet,COFFEE_ARABIC,global,2022-01-01,5.98,$/kg,2026-09-08T08:09:02Z,CC-BY-4.0
worldbank_pink_sheet,COFFEE_ARABIC,global,2022-02-01,6.17,$/kg,2026-09-08T08:09:02Z,CC-BY-4.0
worldbank_pink_sheet,COFFEE_ARABIC,global,2022-03-01,5.7,$/kg,2026-09-08T08:09:02Z,CC-BY-4.0
worldbank_pink_sheet,COFFEE_ARABIC,global,2022-04-01,5.85,$/kg,2026-09-08T08:09:02Z,CC-BY-4.0
worldbank_pink_sheet,COFFEE_ARABIC,global,2022-05-01,5.74,$/kg,2026-09-08T08:09:02Z,CC-BY-4.0
worldbank_pink_sheet,COFFEE_ARABIC,global,2022-06-01,6.03,$/kg,2026-09-08T08:09:02Z,CC-BY-4.0
worldbank_pink_sheet,COFFEE_ARABIC,global,2022-07-01,5.64,$/kg,2026-09-08T08:09:02Z,CC-BY-4.0
worldbank_pink_sheet,COFFEE_ARABIC,global,2022-08-01,5.92,$/kg,2026-09-08T08:09:02Z,CC-BY-4.0
worldbank_pink_sheet,COFFEE_ARABIC,global,2022-09-01,5.9,$/kg,2026-09-08T08:09:02Z,CC-BY-4.0
worldbank_pink_sheet,COFFEE_ARABIC,global,2022-10-01,5.29,$/kg,2026-09-08T08:09:02Z,CC-BY-4.0
worldbank_pink_sheet,COFFEE_ARABIC,global,2022-11-01,4.72,$/kg,2026-09-08T08:09:02Z,CC-BY-4.0
worldbank_pink_sheet,COFFEE_ARABIC,global,2022-12-01,4.63,$/kg,2026-09-08T08:09:02Z,CC-BY-4.0
worldbank_pink_sheet,COFFEE_ARABIC,global,2023-01-01,4.56,$/kg,2026-09-08T08:09:02Z,CC-BY-4.0
worldbank_pink_sheet,COFFEE_ARABIC,global,2023-02-01,5.06,$/kg,2026-09-08T08:09:02Z,CC-BY-4.0
worldbank_pink_sheet,COFFEE_ARABIC,global,2023-03-01,4.9,$/kg,2026-09-08T08:09:02Z,CC-BY-4.0
worldbank_pink_sheet,COFFEE_ARABIC,global,2023-04-01,5.06,$/kg,2026-09-08T08:09:02Z,CC-BY-4.0
worldbank_pink_sheet,COFFEE_ARABIC,global,2023-05-01,4.85,$/kg,2026-09-08T08:09:02Z,CC-BY-4.0
worldbank_pink_sheet,COFFEE_ARABIC,global,2023-06-01,4.57,$/kg,2026-09-08T08:09:02Z,CC-BY-4.0
worldbank_pink_sheet,COFFEE_ARABIC,global,2023-07-01,4.27,$/kg,2026-09-08T08:09:02Z,CC-BY-4.0
worldbank_pink_sheet,COFFEE_ARABIC,global,2023-08-01,4.12,$/kg,2026-09-08T08:09:02Z,CC-BY-4.0
worldbank_pink_sheet,COFFEE_ARABIC,global,2023-09-01,4.05,$/kg,2026-09-08T08:09:02Z,CC-BY-4.0
worldbank_pink_sheet,COFFEE_ARABIC,global,2023-10-01,4.05,$/kg,2026-09-08T08:09:02Z,CC-BY-4.0
worldbank_pink_sheet,COFFEE_ARABIC,global,2023-11-01,4.35,$/kg,2026-09-08T08:09:02Z,CC-BY-4.0
worldbank_pink_sheet,COFFEE_ARABIC,global,2023-12-01,4.65,$/kg,2026-09-08T08:09:02Z,CC-BY-4.0
worldbank_pink_sheet,COFFEE_ARABIC,global,2024-01-01,4.47,$/kg,2026-09-08T08:09:02Z,CC-BY-4.0
worldbank_pink_sheet,COFFEE_ARABIC,global,2024-02-01,4.6,$/kg,2026-09-08T08:09:02Z,CC-BY-4.0
worldbank_pink_sheet,COFFEE_ARABIC,global,2024-03-01,4.61,$/kg,2026-09-08T08:09:02Z,CC-BY-4.0
worldbank_pink_sheet,COFFEE_ARABIC,global,2024-04-01,5.27,$/kg,2026-09-08T08:09:02Z,CC-BY-4.0
worldbank_pink_sheet,COFFEE_ARABIC,global,2024-05-01,5.08,$/kg,2026-09-08T08:09:02Z,CC-BY-4.0
worldbank_pink_sheet,COFFEE_ARABIC,global,2024-06-01,5.48,$/kg,2026-09-08T08:09:02Z,CC-BY-4.0
worldbank_pink_sheet,COFFEE_ARABIC,global,2024-07-01,5.67,$/kg,2026-09-08T08:09:02Z,CC-BY-4.0
worldbank_pink_sheet,COFFEE_ARABIC,global,2024-08-01,5.76,$/kg,2026-09-08T08:09:02Z,CC-BY-4.0
worldbank_pink_sheet,COFFEE_ARABIC,global,2024-09-01,6.12,$/kg,2026-09-08T08:09:02Z,CC-BY-4.0
worldbank_pink_sheet,COFFEE_ARABIC,global,2024-10-01,6.1,$/kg,2026-09-08T08:09:02Z,CC-BY-4.0
worldbank_pink_sheet,COFFEE_ARABIC,global,2024-11-01,6.72,$/kg,2026-09-08T08:09:02Z,CC-BY-4.0
worldbank_pink_sheet,COFFEE_ARABIC,global,2024-12-01,7.57,$/kg,2026-09-08T08:09:02Z,CC-BY-4.0
worldbank_pink_sheet,COFFEE_ARABIC,global,2025-01-01,7.81,$/kg,2026-09-08T08:09:02Z,CC-BY-4.0
worldbank_pink_sheet,COFFEE_ARABIC,global,2025-02-01,9.05,$/kg,2026-09-08T08:09:02Z,CC-BY-4.0
worldbank_pink_sheet,COFFEE_ARABIC,global,2025-03-01,8.92,$/kg,2026-09-08T08:09:02Z,CC-BY-4.0
worldbank_pink_sheet,COFFEE_ARABIC,global,2025-04-01,8.64,$/kg,2026-09-08T08:09:02Z,CC-BY-4.0
worldbank_pink_sheet,COFFEE_ARABIC,global,2025-05-01,8.77,$/kg,2026-09-08T08:09:02Z,CC-BY-4.0
worldbank_pink_sheet,COFFEE_ARABIC,global,2025-06-01,8.01,$/kg,2026-09-08T08:09:02Z,CC-BY-4.0
worldbank_pink_sheet,COFFEE_ARABIC,global,2025-07-01,7.18,$/kg,2026-09-08T08:09:02Z,CC-BY-4.0
worldbank_pink_sheet,COFFEE_ARABIC,global,2025-08-01,8.08,$/kg,2026-09-08T08:09:02Z,CC-BY-4.0
worldbank_pink_sheet,COFFEE_ARABIC,global,2025-09-01,8.83,$/kg,2026-09-08T08:09:02Z,CC-BY-4.0
worldbank_pink_sheet,COFFEE_ARABIC,global,2025-10-01,8.9,$/kg,2026-09-08T08:09:02Z,CC-BY-4.0
worldbank_pink_sheet,COFFEE_ARABIC,global,2025-11-01,9.05,$/kg,2026-09-08T08:09:02Z,CC-BY-4.0
worldbank_pink_sheet,COFFEE_ARABIC,global,2025-12-01,8.4,$/kg,2026-09-08T08:09:02Z,CC-BY-4.0
worldbank_pink_sheet,COFFEE_ARABIC,global,2026-01-01,8.02,$/kg,2026-09-08T08:09:02Z,CC-BY-4.0
worldbank_pink_sheet,COFFEE_ARABIC,global,2026-02-01,7.08,$/kg,2026-09-08T08:09:02Z,CC-BY-4.0
worldbank_pink_sheet,COFFEE_ARABIC,global,2026-03-01,7.37,$/kg,2026-09-08T08:09:02Z,CC-BY-4.0
worldbank_pink_sheet,COFFEE_ARABIC,global,2026-04-01,7.3,$/kg,2026-09-08T08:09:02Z,CC-BY-4.0
worldbank_pink_sheet,COFFEE_ARABIC,global,2026-05-01,6.95,$/kg,2026-09-08T08:09:02Z,CC-BY-4.0
worldbank_pink_sheet,COFFEE_ARABIC,global,2026-06-01,6.79,$/kg,2026-09-08T08:09:02Z,CC-BY-4.0
worldbank_pink_sheet,COFFEE_ARABIC,global,2026-07-01,7.91,$/kg,2026-09-08T08:09:02Z,CC-BY-4.0
worldbank_pink_sheet,COFFEE_ARABIC,global,2026-08-01,7.97,$/kg,2026-09-08T08:09:02Z,CC-BY-4.0
worldbank_pink_sheet,COFFEE_ROBUS,global,1960-01-01,0.7,$/kg,2026-09-08T08:09:02Z,CC-BY-4.0
worldbank_pink_sheet,COFFEE_ROBUS,global,1960-02-01,0.69,$/kg,2026-09-08T08:09:02Z,CC-BY-4.0
worldbank_pink_sheet,COFFEE_ROBUS,global,1960-03-01,0.69,$/kg,2026-09-08T08:09:02Z,CC-BY-4.0
worldbank_pink_sheet,COFFEE_ROBUS,global,1960-04-01,0.68,$/kg,2026-09-08T08:09:02Z,CC-BY-4.0
worldbank_pink_sheet,COFFEE_ROBUS,global,1960-05-01,0.69,$/kg,2026-09-08T08:09:02Z,CC-BY-4.0
worldbank_pink_sheet,COFFEE_ROBUS,global,1960-06-01,0.7,$/kg,2026-09-08T08:09:02Z,CC-BY-4.0
worldbank_pink_sheet,COFFEE_ROBUS,global,1960-07-01,0.69,$/kg,2026-09-08T08:09:02Z,CC-BY-4.0
worldbank_pink_sheet,COFFEE_ROBUS,global,1960-08-01,0.7,$/kg,2026-09-08T08:09:02Z,CC-BY-4.0
worldbank_pink_sheet,COFFEE_ROBUS,global,1960-09-01,0.7,$/kg,2026-09-08T08:09:02Z,CC-BY-4.0
worldbank_pink_sheet,COFFEE_ROBUS,global,1960-10-01,0.71,$/kg,2026-09-08T08:09:02Z,CC-BY-4.0
worldbank_pink_sheet,COFFEE_ROBUS,global,1960-11-01,0.71,$/kg,2026-09-08T08:09:02Z,CC-BY-4.0
worldbank_pink_sheet,COFFEE_ROBUS,global,1960-12-01,0.7,$/kg,2026-09-08T08:09:02Z,CC-BY-4.0
worldbank_pink_sheet,COFFEE_ROBUS,global,1961-01-01,0.68,$/kg,2026-09-08T08:09:02Z,CC-BY-4.0
worldbank_pink_sheet,COFFEE_ROBUS,global,1961-02-01,0.68,$/kg,2026-09-08T08:09:02Z,CC-BY-4.0
worldbank_pink_sheet,COFFEE_ROBUS,global,1961-03-01,0.67,$/kg,2026-09-08T08:09:02Z,CC-BY-4.0
worldbank_pink_sheet,COFFEE_ROBUS,global,1961-04-01,0.66,$/kg,2026-09-08T08:09:02Z,CC-BY-4.0
worldbank_pink_sheet,COFFEE_ROBUS,global,1961-05-01,0.66,$/kg,2026-09-08T08:09:02Z,CC-BY-4.0
worldbank_pink_sheet,COFFEE_ROBUS,global,1961-06-01,0.67,$/kg,2026-09-08T08:09:02Z,CC-BY-4.0
worldbank_pink_sheet,COFFEE_ROBUS,global,1961-07-01,0.67,$/kg,2026-09-08T08:09:02Z,CC-BY-4.0
worldbank_pink_sheet,COFFEE_ROBUS,global,1961-08-01,0.67,$/kg,2026-09-08T08:09:02Z,CC-BY-4.0
worldbank_pink_sheet,COFFEE_ROBUS,global,1961-09-01,0.67,$/kg,2026-09-08T08:09:02Z,CC-BY-4.0
worldbank_pink_sheet,COFFEE_ROBUS,global,1961-10-01,0.67,$/kg,2026-09-08T08:09:02Z,CC-BY-4.0
worldbank_pink_sheet,COFFEE_ROBUS,global,1961-11-01,0.67,$/kg,2026-09-08T08:09:02Z,CC-BY-4.0
worldbank_pink_sheet,COFFEE_ROBUS,global,1961-12-01,0.67,$/kg,2026-09-08T08:09:02Z,CC-BY-4.0
worldbank_pink_sheet,COFFEE_ROBUS,global,1962-01-01,0.67,$/kg,2026-09-08T08:09:02Z,CC-BY-4.0
worldbank_pink_sheet,COFFEE_ROBUS,global,1962-02-01,0.67,$/kg,2026-09-08T08:09:02Z,CC-BY-4.0
worldbank_pink_sheet,COFFEE_ROBUS,global,1962-03-01,0.67,$/kg,2026-09-08T08:09:02Z,CC-BY-4.0
worldbank_pink_sheet,COFFEE_ROBUS,global,1962-04-01,0.67,$/kg,2026-09-08T08:09:02Z,CC-BY-4.0
worldbank_pink_sheet,COFFEE_ROBUS,global,1962-05-01,0.67,$/kg,2026-09-08T08:09:02Z,CC-BY-4.0
worldbank_pink_sheet,COFFEE_ROBUS,global,1962-06-01,0.67,$/kg,2026-09-08T08:09:02Z,CC-BY-4.0
worldbank_pink_sheet,COFFEE_ROBUS,global,1962-07-01,0.68,$/kg,2026-09-08T08:09:02Z,CC-BY-4.0
worldbank_pink_sheet,COFFEE_ROBUS,global,1962-08-01,0.68,$/kg,2026-09-08T08:09:02Z,CC-BY-4.0
worldbank_pink_sheet,COFFEE_ROBUS,global,1962-09-01,0.69,$/kg,2026-09-08T08:09:02Z,CC-BY-4.0
worldbank_pink_sheet,COFFEE_ROBUS,global,1962-10-01,0.69,$/kg,2026-09-08T08:09:02Z,CC-BY-4.0
worldbank_pink_sheet,COFFEE_ROBUS,global,1962-11-01,0.69,$/kg,2026-09-08T08:09:02Z,CC-BY-4.0
worldbank_pink_sheet,COFFEE_ROBUS,global,1962-12-01,0.72,$/kg,2026-09-08T08:09:02Z,CC-BY-4.0
worldbank_pink_sheet,COFFEE_ROBUS,global,1963-01-01,0.65,$/kg,2026-09-08T08:09:02Z,CC-BY-4.0
worldbank_pink_sheet,COFFEE_ROBUS,global,1963-02-01,0.61,$/kg,2026-09-08T08:09:02Z,CC-BY-4.0
worldbank_pink_sheet,COFFEE_ROBUS,global,1963-03-01,0.62,$/kg,2026-09-08T08:09:02Z,CC-BY-4.0
worldbank_pink_sheet,COFFEE_ROBUS,global,1963-04-01,0.62,$/kg,2026-09-08T08:09:02Z,CC-BY-4.0
worldbank_pink_sheet,COFFEE_ROBUS,global,1963-05-01,0.61,$/kg,2026-09-08T08:09:02Z,CC-BY-4.0
worldbank_pink_sheet,COFFEE_ROBUS,global,1963-06-01,0.61,$/kg,2026-09-08T08:09:02Z,CC-BY-4.0
worldbank_pink_sheet,COFFEE_ROBUS,global,1963-07-01,0.62,$/kg,2026-09-08T08:09:02Z,CC-BY-4.0
worldbank_pink_sheet,COFFEE_ROBUS,global,1963-08-01,0.61,$/kg,2026-09-08T08:09:02Z,CC-BY-4.0
worldbank_pink_sheet,COFFEE_ROBUS,global,1963-09-01,0.62,$/kg,2026-09-08T08:09:02Z,CC-BY-4.0
worldbank_pink_sheet,COFFEE_ROBUS,global,1963-10-01,0.63,$/kg,2026-09-08T08:09:02Z,CC-BY-4.0
worldbank_pink_sheet,COFFEE_ROBUS,global,1963-11-01,0.63,$/kg,2026-09-08T08:09:02Z,CC-BY-4.0
worldbank_pink_sheet,COFFEE_ROBUS,global,1963-12-01,0.65,$/kg,2026-09-08T08:09:02Z,CC-BY-4.0
worldbank_pink_sheet,COFFEE_ROBUS,global,1964-01-01,0.7,$/kg,2026-09-08T08:09:02Z,CC-BY-4.0
worldbank_pink_sheet,COFFEE_ROBUS,global,1964-02-01,0.72,$/kg,2026-09-08T08:09:02Z,CC-BY-4.0
worldbank_pink_sheet,COFFEE_ROBUS,global,1964-03-01,0.78,$/kg,2026-09-08T08:09:02Z,CC-BY-4.0
worldbank_pink_sheet,COFFEE_ROBUS,global,1964-04-01,0.82,$/kg,2026-09-08T08:09:02Z,CC-BY-4.0
worldbank_pink_sheet,COFFEE_ROBUS,global,1964-05-01,0.83,$/kg,2026-09-08T08:09:02Z,CC-BY-4.0
worldbank_pink_sheet,COFFEE_ROBUS,global,1964-06-01,0.85,$/kg,2026-09-08T08:09:02Z,CC-BY-4.0
worldbank_pink_sheet,COFFEE_ROBUS,global,1964-07-01,0.82,$/kg,2026-09-08T08:09:02Z,CC-BY-4.0
worldbank_pink_sheet,COFFEE_ROBUS,global,1964-08-01,0.82,$/kg,2026-09-08T08:09:02Z,CC-BY-4.0
worldbank_pink_sheet,COFFEE_ROBUS,global,1964-09-01,0.79,$/kg,2026-09-08T08:09:02Z,CC-BY-4.0
worldbank_pink_sheet,COFFEE_ROBUS,global,1964-10-01,0.77,$/kg,2026-09-08T08:09:02Z,CC-BY-4.0
worldbank_pink_sheet,COFFEE_ROBUS,global,1964-11-01,0.79,$/kg,2026-09-08T08:09:02Z,CC-BY-4.0
worldbank_pink_sheet,COFFEE_ROBUS,global,1964-12-01,0.76,$/kg,2026-09-08T08:09:02Z,CC-BY-4.0
worldbank_pink_sheet,COFFEE_ROBUS,global,1965-01-01,0.63,$/kg,2026-09-08T08:09:02Z,CC-BY-4.0
worldbank_pink_sheet,COFFEE_ROBUS,global,1965-02-01,0.64,$/kg,2026-09-08T08:09:02Z,CC-BY-4.0
worldbank_pink_sheet,COFFEE_ROBUS,global,1965-03-01,0.58,$/kg,2026-09-08T08:09:02Z,CC-BY-4.0
worldbank_pink_sheet,COFFEE_ROBUS,global,1965-04-01,0.55,$/kg,2026-09-08T08:09:02Z,CC-BY-4.0
worldbank_pink_sheet,COFFEE_ROBUS,global,1965-05-01,0.49,$/kg,2026-09-08T08:09:02Z,CC-BY-4.0
worldbank_pink_sheet,COFFEE_ROBUS,global,1965-06-01,0.61,$/kg,2026-09-08T08:09:02Z,CC-BY-4.0
worldbank_pink_sheet,COFFEE_ROBUS,global,1965-07-01,0.72,$/kg,2026-09-08T08:09:02Z,CC-BY-4.0
worldbank_pink_sheet,COFFEE_ROBUS,global,1965-08-01,0.79,$/kg,2026-09-08T08:09:02Z,CC-BY-4.0
worldbank_pink_sheet,COFFEE_ROBUS,global,1965-09-01,0.78,$/kg,2026-09-08T08:09:02Z,CC-BY-4.0
worldbank_pink_sheet,COFFEE_ROBUS,global,1965-10-01,0.81,$/kg,2026-09-08T08:09:02Z,CC-BY-4.0
worldbank_pink_sheet,COFFEE_ROBUS,global,1965-11-01,0.76,$/kg,2026-09-08T08:09:02Z,CC-BY-4.0
worldbank_pink_sheet,COFFEE_ROBUS,global,1965-12-01,0.79,$/kg,2026-09-08T08:09:02Z,CC-BY-4.0
worldbank_pink_sheet,COFFEE_ROBUS,global,1966-01-01,0.8,$/kg,2026-09-08T08:09:02Z,CC-BY-4.0
worldbank_pink_sheet,COFFEE_ROBUS,global,1966-02-01,0.76,$/kg,2026-09-08T08:09:02Z,CC-BY-4.0
worldbank_pink_sheet,COFFEE_ROBUS,global,1966-03-01,0.74,$/kg,2026-09-08T08:09:02Z,CC-BY-4.0
worldbank_pink_sheet,COFFEE_ROBUS,global,1966-04-01,0.76,$/kg,2026-09-08T08:09:02Z,CC-BY-4.0
worldbank_pink_sheet,COFFEE_ROBUS,global,1966-05-01,0.77,$/kg,2026-09-08T08:09:02Z,CC-BY-4.0
worldbank_pink_sheet,COFFEE_ROBUS,global,1966-06-01,0.74,$/kg,2026-09-08T08:09:02Z,CC-BY-4.0
worldbank_pink_sheet,COFFEE_ROBUS,global,1966-07-01,0.73,$/kg,2026-09-08T08:09:02Z,CC-BY-4.0
worldbank_pink_sheet,COFFEE_ROBUS,global,1966-08-01,0.72,$/kg,2026-09-08T08:09:02Z,CC-BY-4.0
worldbank_pink_sheet,COFFEE_ROBUS,global,1966-09-01,0.7,$/kg,2026-09-08T08:09:02Z,CC-BY-4.0
worldbank_pink_sheet,COFFEE_ROBUS,global,1966-10-01,0.72,$/kg,2026-09-08T08:09:02Z,CC-BY-4.0
worldbank_pink_sheet,COFFEE_ROBUS,global,1966-11-01,0.72,$/kg,2026-09-08T08:09:02Z,CC-BY-4.0
worldbank_pink_sheet,COFFEE_ROBUS,global,1966-12-01,0.72,$/kg,2026-09-08T08:09:02Z,CC-BY-4.0
worldbank_pink_sheet,COFFEE_ROBUS,global,1967-01-01,0.71,$/kg,2026-09-08T08:09:02Z,CC-BY-4.0
worldbank_pink_sheet,COFFEE_ROBUS,global,1967-02-01,0.73,$/kg,2026-09-08T08:09:02Z,CC-BY-4.0
worldbank_pink_sheet,COFFEE_ROBUS,global,1967-03-01,0.73,$/kg,2026-09-08T08:09:02Z,CC-BY-4.0
worldbank_pink_sheet,COFFEE_ROBUS,global,1967-04-01,0.75,$/kg,2026-09-08T08:09:02Z,CC-BY-4.0
worldbank_pink_sheet,COFFEE_ROBUS,global,1967-05-01,0.77,$/kg,2026-09-08T08:09:02Z,CC-BY-4.0
worldbank_pink_sheet,COFFEE_ROBUS,global,1967-06-01,0.78,$/kg,2026-09-08T08:09:02Z,CC-BY-4.0
worldbank_pink_sheet,COFFEE_ROBUS,global,1967-07-01,0.74,$/kg,2026-09-08T08:09:02Z,CC-BY-4.0
worldbank_pink_sheet,COFFEE_ROBUS,global,1967-08-01,0.72,$/kg,2026-09-08T08:09:02Z,CC-BY-4.0
worldbank_pink_sheet,COFFEE_ROBUS,global,1967-09-01,0.72,$/kg,2026-09-08T08:09:02Z,CC-BY-4.0
worldbank_pink_sheet,COFFEE_ROBUS,global,1967-10-01,0.73,$/kg,2026-09-08T08:09:02Z,CC-BY-4.0
worldbank_pink_sheet,COFFEE_ROBUS,global,1967-11-01,0.75,$/kg,2026-09-08T08:09:02Z,CC-BY-4.0
worldbank_pink_sheet,COFFEE_ROBUS,global,1967-12-01,0.75,$/kg,2026-09-08T08:09:02Z,CC-BY-4.0
worldbank_pink_sheet,COFFEE_ROBUS,global,1968-01-01,0.76,$/kg,2026-09-08T08:09:02Z,CC-BY-4.0
worldbank_pink_sheet,COFFEE_ROBUS,global,1968-02-01,0.76,$/kg,2026-09-08T08:09:02Z,CC-BY-4.0
worldbank_pink_sheet,COFFEE_ROBUS,global,1968-03-01,0.75,$/kg,2026-09-08T08:09:02Z,CC-BY-4.0
worldbank_pink_sheet,COFFEE_ROBUS,global,1968-04-01,0.75,$/kg,2026-09-08T08:09:02Z,CC-BY-4.0
worldbank_pink_sheet,COFFEE_ROBUS,global,1968-05-01,0.76,$/kg,2026-09-08T08:09:02Z,CC-BY-4.0
worldbank_pink_sheet,COFFEE_ROBUS,global,1968-06-01,0.76,$/kg,2026-09-08T08:09:02Z,CC-BY-4.0
worldbank_pink_sheet,COFFEE_ROBUS,global,1968-07-01,0.75,$/kg,2026-09-08T08:09:02Z,CC-BY-4.0
worldbank_pink_sheet,COFFEE_ROBUS,global,1968-08-01,0.75,$/kg,2026-09-08T08:09:02Z,CC-BY-4.0
worldbank_pink_sheet,COFFEE_ROBUS,global,1968-09-01,0.75,$/kg,2026-09-08T08:09:02Z,CC-BY-4.0
worldbank_pink_sheet,COFFEE_ROBUS,global,1968-10-01,0.74,$/kg,2026-09-08T08:09:02Z,CC-BY-4.0
worldbank_pink_sheet,COFFEE_ROBUS,global,1968-11-01,0.72,$/kg,2026-09-08T08:09:02Z,CC-BY-4.0
worldbank_pink_sheet,COFFEE_ROBUS,global,1968-12-01,0.71,$/kg,2026-09-08T08:09:02Z,CC-BY-4.0
worldbank_pink_sheet,COFFEE_ROBUS,global,1969-01-01,0.71,$/kg,2026-09-08T08:09:02Z,CC-BY-4.0
worldbank_pink_sheet,COFFEE_ROBUS,global,1969-02-01,0.71,$/kg,2026-09-08T08:09:02Z,CC-BY-4.0
worldbank_pink_sheet,COFFEE_ROBUS,global,1969-03-01,0.69,$/kg,2026-09-08T08:09:02Z,CC-BY-4.0
worldbank_pink_sheet,COFFEE_ROBUS,global,1969-04-01,0.66,$/kg,2026-09-08T08:09:02Z,CC-BY-4.0
worldbank_pink_sheet,COFFEE_ROBUS,global,1969-05-01,0.65,$/kg,2026-09-08T08:09:02Z,CC-BY-4.0
worldbank_pink_sheet,COFFEE_ROBUS,global,1969-06-01,0.68,$/kg,2026-09-08T08:09:02Z,CC-BY-4.0
worldbank_pink_sheet,COFFEE_ROBUS,global,1969-07-01,0.69,$/kg,2026-09-08T08:09:02Z,CC-BY-4.0
worldbank_pink_sheet,COFFEE_ROBUS,global,1969-08-01,0.72,$/kg,2026-09-08T08:09:02Z,CC-BY-4.0
worldbank_pink_sheet,COFFEE_ROBUS,global,1969-09-01,0.76,$/kg,2026-09-08T08:09:02Z,CC-BY-4.0
worldbank_pink_sheet,COFFEE_ROBUS,global,1969-10-01,0.85,$/kg,2026-09-08T08:09:02Z,CC-BY-4.0
worldbank_pink_sheet,COFFEE_ROBUS,global,1969-11-01,0.82,$/kg,2026-09-08T08:09:02Z,CC-BY-4.0
worldbank_pink_sheet,COFFEE_ROBUS,global,1969-12-01,0.83,$/kg,2026-09-08T08:09:02Z,CC-BY-4.0
worldbank_pink_sheet,COFFEE_ROBUS,global,1970-01-01,0.86,$/kg,2026-09-08T08:09:02Z,CC-BY-4.0
worldbank_pink_sheet,COFFEE_ROBUS,global,1970-02-01,0.85,$/kg,2026-09-08T08:09:02Z,CC-BY-4.0
worldbank_pink_sheet,COFFEE_ROBUS,global,1970-03-01,0.87,$/kg,2026-09-08T08:09:02Z,CC-BY-4.0
worldbank_pink_sheet,COFFEE_ROBUS,global,1970-04-01,0.91,$/kg,2026-09-08T08:09:02Z,CC-BY-4.0
worldbank_pink_sheet,COFFEE_ROBUS,global,1970-05-01,0.94,$/kg,2026-09-08T08:09:02Z,CC-BY-4.0
worldbank_pink_sheet,COFFEE_ROBUS,global,1970-06-01,0.93,$/kg,2026-09-08T08:09:02Z,CC-BY-4.0
worldbank_pink_sheet,COFFEE_ROBUS,global,1970-07-01,0.94,$/kg,2026-09-08T08:09:02Z,CC-BY-4.0
worldbank_pink_sheet,COFFEE_ROBUS,global,1970-08-01,0.94,$/kg,2026-09-08T08:09:02Z,CC-BY-4.0
worldbank_pink_sheet,COFFEE_ROBUS,global,1970-09-01,0.94,$/kg,2026-09-08T08:09:02Z,CC-BY-4.0
worldbank_pink_sheet,COFFEE_ROBUS,global,1970-10-01,0.94,$/kg,2026-09-08T08:09:02Z,CC-BY-4.0
worldbank_pink_sheet,COFFEE_ROBUS,global,1970-11-01,0.92,$/kg,2026-09-08T08:09:02Z,CC-BY-4.0
worldbank_pink_sheet,COFFEE_ROBUS,global,1970-12-01,0.92,$/kg,2026-09-08T08:09:02Z,CC-BY-4.0
worldbank_pink_sheet,COFFEE_ROBUS,global,1971-01-01,0.93,$/kg,2026-09-08T08:09:02Z,CC-BY-4.0
worldbank_pink_sheet,COFFEE_ROBUS,global,1971-02-01,0.93,$/kg,2026-09-08T08:09:02Z,CC-BY-4.0
worldbank_pink_sheet,COFFEE_ROBUS,global,1971-03-01,0.94,$/kg,2026-09-08T08:09:02Z,CC-BY-4.0
worldbank_pink_sheet,COFFEE_ROBUS,global,1971-04-01,0.94,$/kg,2026-09-08T08:09:02Z,CC-BY-4.0
worldbank_pink_sheet,COFFEE_ROBUS,global,1971-05-01,0.94,$/kg,2026-09-08T08:09:02Z,CC-BY-4.0
worldbank_pink_sheet,COFFEE_ROBUS,global,1971-06-01,0.93,$/kg,2026-09-08T08:09:02Z,CC-BY-4.0
worldbank_pink_sheet,COFFEE_ROBUS,global,1971-07-01,0.93,$/kg,2026-09-08T08:09:02Z,CC-BY-4.0
worldbank_pink_sheet,COFFEE_ROBUS,global,1971-08-01,0.93,$/kg,2026-09-08T08:09:02Z,CC-BY-4.0
worldbank_pink_sheet,COFFEE_ROBUS,global,1971-09-01,0.92,$/kg,2026-09-08T08:09:02Z,CC-BY-4.0
worldbank_pink_sheet,COFFEE_ROBUS,global,1971-10-01,0.92,$/kg,2026-09-08T08:09:02Z,CC-BY-4.0
worldbank_pink_sheet,COFFEE_ROBUS,global,1971-11-01,0.93,$/kg,2026-09-08T08:09:02Z,CC-BY-4.0
worldbank_pink_sheet,COFFEE_ROBUS,global,1971-12-01,0.94,$/kg,2026-09-08T08:09:02Z,CC-BY-4.0
worldbank_pink_sheet,COFFEE_ROBUS,global,1972-01-01,0.93,$/kg,2026-09-08T08:09:02Z,CC-BY-4.0
worldbank_pink_sheet,COFFEE_ROBUS,global,1972-02-01,0.93,$/kg,2026-09-08T08:09:02Z,CC-BY-4.0
worldbank_pink_sheet,COFFEE_ROBUS,global,1972-03-01,0.95,$/kg,2026-09-08T08:09:02Z,CC-BY-4.0
worldbank_pink_sheet,COFFEE_ROBUS,global,1972-04-01,0.96,$/kg,2026-09-08T08:09:02Z,CC-BY-4.0
worldbank_pink_sheet,COFFEE_ROBUS,global,1972-05-01,0.96,$/kg,2026-09-08T08:09:02Z,CC-BY-4.0
worldbank_pink_sheet,COFFEE_ROBUS,global,1972-06-01,0.96,$/kg,2026-09-08T08:09:02Z,CC-BY-4.0
worldbank_pink_sheet,COFFEE_ROBUS,global,1972-07-01,1.04,$/kg,2026-09-08T08:09:02Z,CC-BY-4.0
worldbank_pink_sheet,COFFEE_ROBUS,global,1972-08-01,1.04,$/kg,2026-09-08T08:09:02Z,CC-BY-4.0
worldbank_pink_sheet,COFFEE_ROBUS,global,1972-09-01,1.03,$/kg,2026-09-08T08:09:02Z,CC-BY-4.0
worldbank_pink_sheet,COFFEE_ROBUS,global,1972-10-01,1.04,$/kg,2026-09-08T08:09:02Z,CC-BY-4.0
worldbank_pink_sheet,COFFEE_ROBUS,global,1972-11-01,1.04,$/kg,2026-09-08T08:09:02Z,CC-BY-4.0
worldbank_pink_sheet,COFFEE_ROBUS,global,1972-12-01,1.05,$/kg,2026-09-08T08:09:02Z,CC-BY-4.0
worldbank_pink_sheet,COFFEE_ROBUS,global,1973-01-01,1.05,$/kg,2026-09-08T08:09:02Z,CC-BY-4.0
worldbank_pink_sheet,COFFEE_ROBUS,global,1973-02-01,1.09,$/kg,2026-09-08T08:09:02Z,CC-BY-4.0
worldbank_pink_sheet,COFFEE_ROBUS,global,1973-03-01,1.11,$/kg,2026-09-08T08:09:02Z,CC-BY-4.0
worldbank_pink_sheet,COFFEE_ROBUS,global,1973-04-01,1.08,$/kg,2026-09-08T08:09:02Z,CC-BY-4.0
worldbank_pink_sheet,COFFEE_ROBUS,global,1973-05-01,1.07,$/kg,2026-09-08T08:09:02Z,CC-BY-4.0
worldbank_pink_sheet,COFFEE_ROBUS,global,1973-06-01,1.08,$/kg,2026-09-08T08:09:02Z,CC-BY-4.0
worldbank_pink_sheet,COFFEE_ROBUS,global,1973-07-01,1.06,$/kg,2026-09-08T08:09:02Z,CC-BY-4.0
worldbank_pink_sheet,COFFEE_ROBUS,global,1973-08-01,1.04,$/kg,2026-09-08T08:09:02Z,CC-BY-4.0
worldbank_pink_sheet,COFFEE_ROBUS,global,1973-09-01,1.1,$/kg,2026-09-08T08:09:02Z,CC-BY-4.0
worldbank_pink_sheet,COFFEE_ROBUS,global,1973-10-01,1.15,$/kg,2026-09-08T08:09:02Z,CC-BY-4.0
worldbank_pink_sheet,COFFEE_ROBUS,global,1973-11-01,1.17,$/kg,2026-09-08T08:09:02Z,CC-BY-4.0
worldbank_pink_sheet,COFFEE_ROBUS,global,1973-12-01,1.19,$/kg,2026-09-08T08:09:02Z,CC-BY-4.0
worldbank_pink_sheet,COFFEE_ROBUS,global,1974-01-01,1.23,$/kg,2026-09-08T08:09:02Z,CC-BY-4.0
worldbank_pink_sheet,COFFEE_ROBUS,global,1974-02-01,1.33,$/kg,2026-09-08T08:09:02Z,CC-BY-4.0
worldbank_pink_sheet,COFFEE_ROBUS,global,1974-03-01,1.38,$/kg,2026-09-08T08:09:02Z,CC-BY-4.0
worldbank_pink_sheet,COFFEE_ROBUS,global,1974-04-01,1.41,$/kg,2026-09-08T08:09:02Z,CC-BY-4.0
worldbank_pink_sheet,COFFEE_ROBUS,global,1974-05-01,1.42,$/kg,2026-09-08T08:09:02Z,CC-BY-4.0
worldbank_pink_sheet,COFFEE_ROBUS,global,1974-06-01,1.36,$/kg,2026-09-08T08:09:02Z,CC-BY-4.0
worldbank_pink_sheet,COFFEE_ROBUS,global,1974-07-01,1.3,$/kg,2026-09-08T08:09:02Z,CC-BY-4.0
worldbank_pink_sheet,COFFEE_ROBUS,global,1974-08-01,1.23,$/kg,2026-09-08T08:09:02Z,CC-BY-4.0
worldbank_pink_sheet,COFFEE_ROBUS,global,1974-09-01,1.19,$/kg,2026-09-08T08:09:02Z,CC-BY-4.0
worldbank_pink_sheet,COFFEE_ROBUS,global,1974-10-01,1.21,$/kg,2026-09-08T08:09:02Z,CC-BY-4.0
worldbank_pink_sheet,COFFEE_ROBUS,global,1974-11-01,1.23,$/kg,2026-09-08T08:09:02Z,CC-BY-4.0
worldbank_pink_sheet,COFFEE_ROBUS,global,1974-12-01,1.22,$/kg,2026-09-08T08:09:02Z,CC-BY-4.0
worldbank_pink_sheet,COFFEE_ROBUS,global,1975-01-01,1.2,$/kg,2026-09-08T08:09:02Z,CC-BY-4.0
worldbank_pink_sheet,COFFEE_ROBUS,global,1975-02-01,1.15,$/kg,2026-09-08T08:09:02Z,CC-BY-4.0
worldbank_pink_sheet,COFFEE_ROBUS,global,1975-03-01,1.09,$/kg,2026-09-08T08:09:02Z,CC-BY-4.0
worldbank_pink_sheet,COFFEE_ROBUS,global,1975-04-01,1.08,$/kg,2026-09-08T08:09:02Z,CC-BY-4.0
worldbank_pink_sheet,COFFEE_ROBUS,global,1975-05-01,1.05,$/kg,2026-09-08T08:09:02Z,CC-BY-4.0
worldbank_pink_sheet,COFFEE_ROBUS,global,1975-06-01,1.09,$/kg,2026-09-08T08:09:02Z,CC-BY-4.0
worldbank_pink_sheet,COFFEE_ROBUS,global,1975-07-01,1.29,$/kg,2026-09-08T08:09:02Z,CC-BY-4.0
worldbank_pink_sheet,COFFEE_ROBUS,global,1975-08-01,1.7,$/kg,2026-09-08T08:09:02Z,CC-BY-4.0
worldbank_pink_sheet,COFFEE_ROBUS,global,1975-09-01,1.68,$/kg,2026-09-08T08:09:02Z,CC-BY-4.0
worldbank_pink_sheet,COFFEE_ROBUS,global,1975-10-01,1.61,$/kg,2026-09-08T08:09:02Z,CC-BY-4.0
worldbank_pink_sheet,COFFEE_ROBUS,global,1975-11-01,1.57,$/kg,2026-09-08T08:09:02Z,CC-BY-4.0
worldbank_pink_sheet,COFFEE_ROBUS,global,1975-12-01,1.63,$/kg,2026-09-08T08:09:02Z,CC-BY-4.0
worldbank_pink_sheet,COFFEE_ROBUS,global,1976-01-01,1.74,$/kg,2026-09-08T08:09:02Z,CC-BY-4.0
worldbank_pink_sheet,COFFEE_ROBUS,global,1976-02-01,1.82,$/kg,2026-09-08T08:09:02Z,CC-BY-4.0
worldbank_pink_sheet,COFFEE_ROBUS,global,1976-03-01,1.82,$/kg,2026-09-08T08:09:02Z,CC-BY-4.0
worldbank_pink_sheet,COFFEE_ROBUS,global,1976-04-01,2.38,$/kg,2026-09-08T08:09:02Z,CC-BY-4.0
worldbank_pink_sheet,COFFEE_ROBUS,global,1976-05-01,2.68,$/kg,2026-09-08T08:09:02Z,CC-BY-4.0
worldbank_pink_sheet,COFFEE_ROBUS,global,1976-06-01,2.87,$/kg,2026-09-08T08:09:02Z,CC-BY-4.0
worldbank_pink_sheet,COFFEE_ROBUS,global,1976-07-01,2.78,$/kg,2026-09-08T08:09:02Z,CC-BY-4.0
worldbank_pink_sheet,COFFEE_ROBUS,global,1976-08-01,2.92,$/kg,2026-09-08T08:09:02Z,CC-BY-4.0
worldbank_pink_sheet,COFFEE_ROBUS,global,1976-09-01,3.02,$/kg,2026-09-08T08:09:02Z,CC-BY-4.0
worldbank_pink_sheet,COFFEE_ROBUS,global,1976-10-01,3.35,$/kg,2026-09-08T08:09:02Z,CC-BY-4.0
worldbank_pink_sheet,COFFEE_ROBUS,global,1976-11-01,3.89,$/kg,2026-09-08T08:09:02Z,CC-BY-4.0
worldbank_pink_sheet,COFFEE_ROBUS,global,1976-12-01,4.5,$/kg,2026-09-08T08:09:02Z,CC-BY-4.0
worldbank_pink_sheet,COFFEE_ROBUS,global,1977-01-01,4.77,$/kg,2026-09-08T08:09:02Z,CC-BY-4.0
worldbank_pink_sheet,COFFEE_ROBUS,global,1977-02-01,5.43,$/kg,2026-09-08T08:09:02Z,CC-BY-4.0
worldbank_pink_sheet,COFFEE_ROBUS,global,1977-03-01,6.75,$/kg,2026-09-08T08:09:02Z,CC-BY-4.0
worldbank_pink_sheet,COFFEE_ROBUS,global,1977-04-01,6.88,$/kg,2026-09-08T08:09:02Z,CC-BY-4.0
worldbank_pink_sheet,COFFEE_ROBUS,global,1977-05-01,5.94,$/kg,2026-09-08T08:09:02Z,CC-BY-4.0
worldbank_pink_sheet,COFFEE_ROBUS,global,1977-06-01,4.94,$/kg,2026-09-08T08:09:02Z,CC-BY-4.0
worldbank_pink_sheet,COFFEE_ROBUS,global,1977-07-01,4.33,$/kg,2026-09-08T08:09:02Z,CC-BY-4.0
worldbank_pink_sheet,COFFEE_ROBUS,global,1977-08-01,4.48,$/kg,2026-09-08T08:09:02Z,CC-BY-4.0
worldbank_pink_sheet,COFFEE_ROBUS,global,1977-09-01,4.44,$/kg,2026-09-08T08:09:02Z,CC-BY-4.0
worldbank_pink_sheet,COFFEE_ROBUS,global,1977-10-01,3.83,$/kg,2026-09-08T08:09:02Z,CC-BY-4.0
worldbank_pink_sheet,COFFEE_ROBUS,global,1977-11-01,3.68,$/kg,2026-09-08T08:09:02Z,CC-BY-4.0
worldbank_pink_sheet,COFFEE_ROBUS,global,1977-12-01,3.72,$/kg,2026-09-08T08:09:02Z,CC-BY-4.0
worldbank_pink_sheet,COFFEE_ROBUS,global,1978-01-01,3.9,$/kg,2026-09-08T08:09:02Z,CC-BY-4.0
worldbank_pink_sheet,COFFEE_ROBUS,global,1978-02-01,3.85,$/kg,2026-09-08T08:09:02Z,CC-BY-4.0
worldbank_pink_sheet,COFFEE_ROBUS,global,1978-03-01,3.48,$/kg,2026-09-08T08:09:02Z,CC-BY-4.0
worldbank_pink_sheet,COFFEE_ROBUS,global,1978-04-01,3.19,$/kg,2026-09-08T08:09:02Z,CC-BY-4.0
worldbank_pink_sheet,COFFEE_ROBUS,global,1978-05-01,3.0,$/kg,2026-09-08T08:09:02Z,CC-BY-4.0
worldbank_pink_sheet,COFFEE_ROBUS,global,1978-06-01,3.33,$/kg,2026-09-08T08:09:02Z,CC-BY-4.0
worldbank_pink_sheet,COFFEE_ROBUS,global,1978-07-01,2.79,$/kg,2026-09-08T08:09:02Z,CC-BY-4.0
worldbank_pink_sheet,COFFEE_ROBUS,global,1978-08-01,2.83,$/kg,2026-09-08T08:09:02Z,CC-BY-4.0
worldbank_pink_sheet,COFFEE_ROBUS,global,1978-09-01,3.24,$/kg,2026-09-08T08:09:02Z,CC-BY-4.0
worldbank_pink_sheet,COFFEE_ROBUS,global,1978-10-01,3.31,$/kg,2026-09-08T08:09:02Z,CC-BY-4.0
worldbank_pink_sheet,COFFEE_ROBUS,global,1978-11-01,3.18,$/kg,2026-09-08T08:09:02Z,CC-BY-4.0
worldbank_pink_sheet,COFFEE_ROBUS,global,1978-12-01,2.91,$/kg,2026-09-08T08:09:02Z,CC-BY-4.0
worldbank_pink_sheet,COFFEE_ROBUS,global,1979-01-01,2.94,$/kg,2026-09-08T08:09:02Z,CC-BY-4.0
worldbank_pink_sheet,COFFEE_ROBUS,global,1979-02-01,2.92,$/kg,2026-09-08T08:09:02Z,CC-BY-4.0
worldbank_pink_sheet,COFFEE_ROBUS,global,1979-03-01,2.98,$/kg,2026-09-08T08:09:02Z,CC-BY-4.0
worldbank_pink_sheet,COFFEE_ROBUS,global,1979-04-01,3.13,$/kg,2026-09-08T08:09:02Z,CC-BY-4.0
worldbank_pink_sheet,COFFEE_ROBUS,global,1979-05-01,3.26,$/kg,2026-09-08T08:09:02Z,CC-BY-4.0
worldbank_pink_sheet,COFFEE_ROBUS,global,1979-06-01,4.16,$/kg,2026-09-08T08:09:02Z,CC-BY-4.0
worldbank_pink_sheet,COFFEE_ROBUS,global,1979-07-01,4.32,$/kg,2026-09-08T08:09:02Z,CC-BY-4.0
worldbank_pink_sheet,COFFEE_ROBUS,global,1979-08-01,4.01,$/kg,2026-09-08T08:09:02Z,CC-BY-4.0
worldbank_pink_sheet,COFFEE_ROBUS,global,1979-09-01,4.23,$/kg,2026-09-08T08:09:02Z,CC-BY-4.0
worldbank_pink_sheet,COFFEE_ROBUS,global,1979-10-01,4.06,$/kg,2026-09-08T08:09:02Z,CC-BY-4.0
worldbank_pink_sheet,COFFEE_ROBUS,global,1979-11-01,3.91,$/kg,2026-09-08T08:09:02Z,CC-BY-4.0
worldbank_pink_sheet,COFFEE_ROBUS,global,1979-12-01,3.9,$/kg,2026-09-08T08:09:02Z,CC-BY-4.0
worldbank_pink_sheet,COFFEE_ROBUS,global,1980-01-01,3.57,$/kg,2026-09-08T08:09:02Z,CC-BY-4.0
worldbank_pink_sheet,COFFEE_ROBUS,global,1980-02-01,3.55,$/kg,2026-09-08T08:09:02Z,CC-BY-4.0
worldbank_pink_sheet,COFFEE_ROBUS,global,1980-03-01,3.72,$/kg,2026-09-08T08:09:02Z,CC-BY-4.0
worldbank_pink_sheet,COFFEE_ROBUS,global,1980-04-01,3.65,$/kg,2026-09-08T08:09:02Z,CC-BY-4.0
worldbank_pink_sheet,COFFEE_ROBUS,global,1980-05-01,3.88,$/kg,2026-09-08T08:09:02Z,CC-BY-4.0
worldbank_pink_sheet,COFFEE_ROBUS,global,1980-06-01,3.76,$/kg,2026-09-08T08:09:02Z,CC-BY-4.0
worldbank_pink_sheet,COFFEE_ROBUS,global,1980-07-01,3.28,$/kg,2026-09-08T08:09:02Z,CC-BY-4.0
worldbank_pink_sheet,COFFEE_ROBUS,global,1980-08-01,2.95,$/kg,2026-09-08T08:09:02Z,CC-BY-4.0
worldbank_pink_sheet,COFFEE_ROBUS,global,1980-09-01,2.76,$/kg,2026-09-08T08:09:02Z,CC-BY-4.0
worldbank_pink_sheet,COFFEE_ROBUS,global,1980-10-01,2.72,$/kg,2026-09-08T08:09:02Z,CC-BY-4.0
worldbank_pink_sheet,COFFEE_ROBUS,global,1980-11-01,2.52,$/kg,2026-09-08T08:09:02Z,CC-BY-4.0
worldbank_pink_sheet,COFFEE_ROBUS,global,1980-12-01,2.55,$/kg,2026-09-08T08:09:02Z,CC-BY-4.0
worldbank_pink_sheet,COFFEE_ROBUS,global,1981-01-01,2.63,$/kg,2026-09-08T08:09:02Z,CC-BY-4.0
worldbank_pink_sheet,COFFEE_ROBUS,global,1981-02-01,2.49,$/kg,2026-09-08T08:09:02Z,CC-BY-4.0
worldbank_pink_sheet,COFFEE_ROBUS,global,1981-03-01,2.47,$/kg,2026-09-08T08:09:02Z,CC-BY-4.0
worldbank_pink_sheet,COFFEE_ROBUS,global,1981-04-01,2.45,$/kg,2026-09-08T08:09:02Z,CC-BY-4.0
worldbank_pink_sheet,COFFEE_ROBUS,global,1981-05-01,2.35,$/kg,2026-09-08T08:09:02Z,CC-BY-4.0
worldbank_pink_sheet,COFFEE_ROBUS,global,1981-06-01,1.86,$/kg,2026-09-08T08:09:02Z,CC-BY-4.0
worldbank_pink_sheet,COFFEE_ROBUS,global,1981-07-01,1.94,$/kg,2026-09-08T08:09:02Z,CC-BY-4.0
worldbank_pink_sheet,COFFEE_ROBUS,global,1981-08-01,1.98,$/kg,2026-09-08T08:09:02Z,CC-BY-4.0
worldbank_pink_sheet,COFFEE_ROBUS,global,1981-09-01,1.97,$/kg,2026-09-08T08:09:02Z,CC-BY-4.0
worldbank_pink_sheet,COFFEE_ROBUS,global,1981-10-01,2.17,$/kg,2026-09-08T08:09:02Z,CC-BY-4.0
worldbank_pink_sheet,COFFEE_ROBUS,global,1981-11-01,2.31,$/kg,2026-09-08T08:09:02Z,CC-BY-4.0
worldbank_pink_sheet,COFFEE_ROBUS,global,1981-12-01,2.27,$/kg,2026-09-08T08:09:02Z,CC-BY-4.0
worldbank_pink_sheet,COFFEE_ROBUS,global,1982-01-01,2.31,$/kg,2026-09-08T08:09:02Z,CC-BY-4.0
worldbank_pink_sheet,COFFEE_ROBUS,global,1982-02-01,2.52,$/kg,2026-09-08T08:09:02Z,CC-BY-4.0
worldbank_pink_sheet,COFFEE_ROBUS,global,1982-03-01,2.47,$/kg,2026-09-08T08:09:02Z,CC-BY-4.0
worldbank_pink_sheet,COFFEE_ROBUS,global,1982-04-01,2.35,$/kg,2026-09-08T08:09:02Z,CC-BY-4.0
worldbank_pink_sheet,COFFEE_ROBUS,global,1982-05-01,2.28,$/kg,2026-09-08T08:09:02Z,CC-BY-4.0
worldbank_pink_sheet,COFFEE_ROBUS,global,1982-06-01,2.24,$/kg,2026-09-08T08:09:02Z,CC-BY-4.0
worldbank_pink_sheet,COFFEE_ROBUS,global,1982-07-01,2.17,$/kg,2026-09-08T08:09:02Z,CC-BY-4.0
worldbank_pink_sheet,COFFEE_ROBUS,global,1982-08-01,2.25,$/kg,2026-09-08T08:09:02Z,CC-BY-4.0
worldbank_pink_sheet,COFFEE_ROBUS,global,1982-09-01,2.41,$/kg,2026-09-08T08:09:02Z,CC-BY-4.0
worldbank_pink_sheet,COFFEE_ROBUS,global,1982-10-01,2.59,$/kg,2026-09-08T08:09:02Z,CC-BY-4.0
worldbank_pink_sheet,COFFEE_ROBUS,global,1982-11-01,2.69,$/kg,2026-09-08T08:09:02Z,CC-BY-4.0
worldbank_pink_sheet,COFFEE_ROBUS,global,1982-12-01,2.82,$/kg,2026-09-08T08:09:02Z,CC-BY-4.0
worldbank_pink_sheet,COFFEE_ROBUS,global,1983-01-01,2.75,$/kg,2026-09-08T08:09:02Z,CC-BY-4.0
worldbank_pink_sheet,COFFEE_ROBUS,global,1983-02-01,2.68,$/kg,2026-09-08T08:09:02Z,CC-BY-4.0
worldbank_pink_sheet,COFFEE_ROBUS,global,1983-03-01,2.67,$/kg,2026-09-08T08:09:02Z,CC-BY-4.0
worldbank_pink_sheet,COFFEE_ROBUS,global,1983-04-01,2.67,$/kg,2026-09-08T08:09:02Z,CC-BY-4.0
worldbank_pink_sheet,COFFEE_ROBUS,global,1983-05-01,2.72,$/kg,2026-09-08T08:09:02Z,CC-BY-4.0
worldbank_pink_sheet,COFFEE_ROBUS,global,1983-06-01,2.65,$/kg,2026-09-08T08:09:02Z,CC-BY-4.0
worldbank_pink_sheet,COFFEE_ROBUS,global,1983-07-01,2.65,$/kg,2026-09-08T08:09:02Z,CC-BY-4.0
worldbank_pink_sheet,COFFEE_ROBUS,global,1983-08-01,2.65,$/kg,2026-09-08T08:09:02Z,CC-BY-4.0
worldbank_pink_sheet,COFFEE_ROBUS,global,1983-09-01,2.69,$/kg,2026-09-08T08:09:02Z,CC-BY-4.0
worldbank_pink_sheet,COFFEE_ROBUS,global,1983-10-01,2.87,$/kg,2026-09-08T08:09:02Z,CC-BY-4.0
worldbank_pink_sheet,COFFEE_ROBUS,global,1983-11-01,2.85,$/kg,2026-09-08T08:09:02Z,CC-BY-4.0
worldbank_pink_sheet,COFFEE_ROBUS,global,1983-12-01,2.93,$/kg,2026-09-08T08:09:02Z,CC-BY-4.0
worldbank_pink_sheet,COFFEE_ROBUS,global,1984-01-01,2.93,$/kg,2026-09-08T08:09:02Z,CC-BY-4.0
worldbank_pink_sheet,COFFEE_ROBUS,global,1984-02-01,3.0,$/kg,2026-09-08T08:09:02Z,CC-BY-4.0
worldbank_pink_sheet,COFFEE_ROBUS,global,1984-03-01,3.04,$/kg,2026-09-08T08:09:02Z,CC-BY-4.0
worldbank_pink_sheet,COFFEE_ROBUS,global,1984-04-01,3.03,$/kg,2026-09-08T08:09:02Z,CC-BY-4.0
worldbank_pink_sheet,COFFEE_ROBUS,global,1984-05-01,3.23,$/kg,2026-09-08T08:09:02Z,CC-BY-4.0
worldbank_pink_sheet,COFFEE_ROBUS,global,1984-06-01,3.17,$/kg,2026-09-08T08:09:02Z,CC-BY-4.0
worldbank_pink_sheet,COFFEE_ROBUS,global,1984-07-01,3.04,$/kg,2026-09-08T08:09:02Z,CC-BY-4.0
worldbank_pink_sheet,COFFEE_ROBUS,global,1984-08-01,3.1,$/kg,2026-09-08T08:09:02Z,CC-BY-4.0
worldbank_pink_sheet,COFFEE_ROBUS,global,1984-09-01,3.12,$/kg,2026-09-08T08:09:02Z,CC-BY-4.0
worldbank_pink_sheet,COFFEE_ROBUS,global,1984-10-01,2.98,$/kg,2026-09-08T08:09:02Z,CC-BY-4.0
worldbank_pink_sheet,COFFEE_ROBUS,global,1984-11-01,3.0,$/kg,2026-09-08T08:09:02Z,CC-BY-4.0
worldbank_pink_sheet,COFFEE_ROBUS,global,1984-12-01,2.8,$/kg,2026-09-08T08:09:02Z,CC-BY-4.0
worldbank_pink_sheet,COFFEE_ROBUS,global,1985-01-01,2.77,$/kg,2026-09-08T08:09:02Z,CC-BY-4.0
worldbank_pink_sheet,COFFEE_ROBUS,global,1985-02-01,2.7,$/kg,2026-09-08T08:09:02Z,CC-BY-4.0
worldbank_pink_sheet,COFFEE_ROBUS,global,1985-03-01,2.71,$/kg,2026-09-08T08:09:02Z,CC-BY-4.0
worldbank_pink_sheet,COFFEE_ROBUS,global,1985-04-01,2.7,$/kg,2026-09-08T08:09:02Z,CC-BY-4.0
worldbank_pink_sheet,COFFEE_ROBUS,global,1985-05-01,2.67,$/kg,2026-09-08T08:09:02Z,CC-BY-4.0
worldbank_pink_sheet,COFFEE_ROBUS,global,1985-06-01,2.65,$/kg,2026-09-08T08:09:02Z,CC-BY-4.0
worldbank_pink_sheet,COFFEE_ROBUS,global,1985-07-01,2.34,$/kg,2026-09-08T08:09:02Z,CC-BY-4.0
worldbank_pink_sheet,COFFEE_ROBUS,global,1985-08-01,2.35,$/kg,2026-09-08T08:09:02Z,CC-BY-4.0
worldbank_pink_sheet,COFFEE_ROBUS,global,1985-09-01,2.29,$/kg,2026-09-08T08:09:02Z,CC-BY-4.0
worldbank_pink_sheet,COFFEE_ROBUS,global,1985-10-01,2.45,$/kg,2026-09-08T08:09:02Z,CC-BY-4.0
worldbank_pink_sheet,COFFEE_ROBUS,global,1985-11-01,2.78,$/kg,2026-09-08T08:09:02Z,CC-BY-4.0
worldbank_pink_sheet,COFFEE_ROBUS,global,1985-12-01,3.37,$/kg,2026-09-08T08:09:02Z,CC-BY-4.0
worldbank_pink_sheet,COFFEE_ROBUS,global,1986-01-01,3.75,$/kg,2026-09-08T08:09:02Z,CC-BY-4.0
worldbank_pink_sheet,COFFEE_ROBUS,global,1986-02-01,3.57,$/kg,2026-09-08T08:09:02Z,CC-BY-4.0
worldbank_pink_sheet,COFFEE_ROBUS,global,1986-03-01,3.72,$/kg,2026-09-08T08:09:02Z,CC-BY-4.0
worldbank_pink_sheet,COFFEE_ROBUS,global,1986-04-01,3.47,$/kg,2026-09-08T08:09:02Z,CC-BY-4.0
worldbank_pink_sheet,COFFEE_ROBUS,global,1986-05-01,3.14,$/kg,2026-09-08T08:09:02Z,CC-BY-4.0
worldbank_pink_sheet,COFFEE_ROBUS,global,1986-06-01,2.76,$/kg,2026-09-08T08:09:02Z,CC-BY-4.0
worldbank_pink_sheet,COFFEE_ROBUS,global,1986-07-01,2.78,$/kg,2026-09-08T08:09:02Z,CC-BY-4.0
worldbank_pink_sheet,COFFEE_ROBUS,global,1986-08-01,2.98,$/kg,2026-09-08T08:09:02Z,CC-BY-4.0
worldbank_pink_sheet,COFFEE_ROBUS,global,1986-09-01,3.61,$/kg,2026-09-08T08:09:02Z,CC-BY-4.0
worldbank_pink_sheet,COFFEE_ROBUS,global,1986-10-01,3.28,$/kg,2026-09-08T08:09:02Z,CC-BY-4.0
worldbank_pink_sheet,COFFEE_ROBUS,global,1986-11-01,3.13,$/kg,2026-09-08T08:09:02Z,CC-BY-4.0
worldbank_pink_sheet,COFFEE_ROBUS,global,1986-12-01,2.75,$/kg,2026-09-08T08:09:02Z,CC-BY-4.0
worldbank_pink_sheet,COFFEE_ROBUS,global,1987-01-01,2.5,$/kg,2026-09-08T08:09:02Z,CC-BY-4.0
worldbank_pink_sheet,COFFEE_ROBUS,global,1987-02-01,2.43,$/kg,2026-09-08T08:09:02Z,CC-BY-4.0
worldbank_pink_sheet,COFFEE_ROBUS,global,1987-03-01,2.16,$/kg,2026-09-08T08:09:02Z,CC-BY-4.0
worldbank_pink_sheet,COFFEE_ROBUS,global,1987-04-01,2.23,$/kg,2026-09-08T08:09:02Z,CC-BY-4.0
worldbank_pink_sheet,COFFEE_ROBUS,global,1987-05-01,2.33,$/kg,2026-09-08T08:09:02Z,CC-BY-4.0
worldbank_pink_sheet,COFFEE_ROBUS,global,1987-06-01,2.16,$/kg,2026-09-08T08:09:02Z,CC-BY-4.0
worldbank_pink_sheet,COFFEE_ROBUS,global,1987-07-01,2.04,$/kg,2026-09-08T08:09:02Z,CC-BY-4.0
worldbank_pink_sheet,COFFEE_ROBUS,global,1987-08-01,2.08,$/kg,2026-09-08T08:09:02Z,CC-BY-4.0
worldbank_pink_sheet,COFFEE_ROBUS,global,1987-09-01,2.19,$/kg,2026-09-08T08:09:02Z,CC-BY-4.0
worldbank_pink_sheet,COFFEE_ROBUS,global,1987-10-01,2.28,$/kg,2026-09-08T08:09:02Z,CC-BY-4.0
worldbank_pink_sheet,COFFEE_ROBUS,global,1987-11-01,2.31,$/kg,2026-09-08T08:09:02Z,CC-BY-4.0
worldbank_pink_sheet,COFFEE_ROBUS,global,1987-12-01,2.27,$/kg,2026-09-08T08:09:02Z,CC-BY-4.0
worldbank_pink_sheet,COFFEE_ROBUS,global,1988-01-01,2.25,$/kg,2026-09-08T08:09:02Z,CC-BY-4.0
worldbank_pink_sheet,COFFEE_ROBUS,global,1988-02-01,2.27,$/kg,2026-09-08T08:09:02Z,CC-BY-4.0
worldbank_pink_sheet,COFFEE_ROBUS,global,1988-03-01,2.18,$/kg,2026-09-08T08:09:02Z,CC-BY-4.0
worldbank_pink_sheet,COFFEE_ROBUS,global,1988-04-01,2.12,$/kg,2026-09-08T08:09:02Z,CC-BY-4.0
worldbank_pink_sheet,COFFEE_ROBUS,global,1988-05-01,2.07,$/kg,2026-09-08T08:09:02Z,CC-BY-4.0
worldbank_pink_sheet,COFFEE_ROBUS,global,1988-06-01,2.06,$/kg,2026-09-08T08:09:02Z,CC-BY-4.0
worldbank_pink_sheet,COFFEE_ROBUS,global,1988-07-01,1.88,$/kg,2026-09-08T08:09:02Z,CC-BY-4.0
worldbank_pink_sheet,COFFEE_ROBUS,global,1988-08-01,1.8,$/kg,2026-09-08T08:09:02Z,CC-BY-4.0
worldbank_pink_sheet,COFFEE_ROBUS,global,1988-09-01,1.98,$/kg,2026-09-08T08:09:02Z,CC-BY-4.0
worldbank_pink_sheet,COFFEE_ROBUS,global,1988-10-01,2.07,$/kg,2026-09-08T08:09:02Z,CC-BY-4.0
worldbank_pink_sheet,COFFEE_ROBUS,global,1988-11-01,2.04,$/kg,2026-09-08T08:09:02Z,CC-BY-4.0
worldbank_pink_sheet,COFFEE_ROBUS,global,1988-12-01,2.22,$/kg,2026-09-08T08:09:02Z,CC-BY-4.0
worldbank_pink_sheet,COFFEE_ROBUS,global,1989-01-01,2.23,$/kg,2026-09-08T08:09:02Z,CC-BY-4.0
worldbank_pink_sheet,COFFEE_ROBUS,global,1989-02-01,2.12,$/kg,2026-09-08T08:09:02Z,CC-BY-4.0
worldbank_pink_sheet,COFFEE_ROBUS,global,1989-03-01,2.08,$/kg,2026-09-08T08:09:02Z,CC-BY-4.0
worldbank_pink_sheet,COFFEE_ROBUS,global,1989-04-01,2.01,$/kg,2026-09-08T08:09:02Z,CC-BY-4.0
worldbank_pink_sheet,COFFEE_ROBUS,global,1989-05-01,2.01,$/kg,2026-09-08T08:09:02Z,CC-BY-4.0
worldbank_pink_sheet,COFFEE_ROBUS,global,1989-06-01,1.85,$/kg,2026-09-08T08:09:02Z,CC-BY-4.0
worldbank_pink_sheet,COFFEE_ROBUS,global,1989-07-01,1.44,$/kg,2026-09-08T08:09:02Z,CC-BY-4.0
worldbank_pink_sheet,COFFEE_ROBUS,global,1989-08-01,1.31,$/kg,2026-09-08T08:09:02Z,CC-BY-4.0
worldbank_pink_sheet,COFFEE_ROBUS,global,1989-09-01,1.32,$/kg,2026-09-08T08:09:02Z,CC-BY-4.0
worldbank_pink_sheet,COFFEE_ROBUS,global,1989-10-01,1.18,$/kg,2026-09-08T08:09:02Z,CC-BY-4.0
worldbank_pink_sheet,COFFEE_ROBUS,global,1989-11-01,1.17,$/kg,2026-09-08T08:09:02Z,CC-BY-4.0
worldbank_pink_sheet,COFFEE_ROBUS,global,1989-12-01,1.13,$/kg,2026-09-08T08:09:02Z,CC-BY-4.0
worldbank_pink_sheet,COFFEE_ROBUS,global,1990-01-01,1.09,$/kg,2026-09-08T08:09:02Z,CC-BY-4.0
worldbank_pink_sheet,COFFEE_ROBUS,global,1990-02-01,1.1,$/kg,2026-09-08T08:09:02Z,CC-BY-4.0
worldbank_pink_sheet,COFFEE_ROBUS,global,1990-03-01,1.23,$/kg,2026-09-08T08:09:02Z,CC-BY-4.0
worldbank_pink_sheet,COFFEE_ROBUS,global,1990-04-01,1.23,$/kg,2026-09-08T08:09:02Z,CC-BY-4.0
worldbank_pink_sheet,COFFEE_ROBUS,global,1990-05-01,1.18,$/kg,2026-09-08T08:09:02Z,CC-BY-4.0
worldbank_pink_sheet,COFFEE_ROBUS,global,1990-06-01,1.12,$/kg,2026-09-08T08:09:02Z,CC-BY-4.0
worldbank_pink_sheet,COFFEE_ROBUS,global,1990-07-01,1.1,$/kg,2026-09-08T08:09:02Z,CC-BY-4.0
worldbank_pink_sheet,COFFEE_ROBUS,global,1990-08-01,1.19,$/kg,2026-09-08T08:09:02Z,CC-BY-4.0
worldbank_pink_sheet,COFFEE_ROBUS,global,1990-09-01,1.23,$/kg,2026-09-08T08:09:02Z,CC-BY-4.0
worldbank_pink_sheet,COFFEE_ROBUS,global,1990-10-01,1.24,$/kg,2026-09-08T08:09:02Z,CC-BY-4.0
worldbank_pink_sheet,COFFEE_ROBUS,global,1990-11-01,1.22,$/kg,2026-09-08T08:09:02Z,CC-BY-4.0
worldbank_pink_sheet,COFFEE_ROBUS,global,1990-12-01,1.24,$/kg,2026-09-08T08:09:02Z,CC-BY-4.0
worldbank_pink_sheet,COFFEE_ROBUS,global,1991-01-01,1.16,$/kg,2026-09-08T08:09:02Z,CC-BY-4.0
worldbank_pink_sheet,COFFEE_ROBUS,global,1991-02-01,1.14,$/kg,2026-09-08T08:09:02Z,CC-BY-4.0
worldbank_pink_sheet,COFFEE_ROBUS,global,1991-03-01,1.13,$/kg,2026-09-08T08:09:02Z,CC-BY-4.0
worldbank_pink_sheet,COFFEE_ROBUS,global,1991-04-01,1.12,$/kg,2026-09-08T08:09:02Z,CC-BY-4.0
worldbank_pink_sheet,COFFEE_ROBUS,global,1991-05-01,1.04,$/kg,2026-09-08T08:09:02Z,CC-BY-4.0
worldbank_pink_sheet,COFFEE_ROBUS,global,1991-06-01,1.0,$/kg,2026-09-08T08:09:02Z,CC-BY-4.0
worldbank_pink_sheet,COFFEE_ROBUS,global,1991-07-01,1.0,$/kg,2026-09-08T08:09:02Z,CC-BY-4.0
worldbank_pink_sheet,COFFEE_ROBUS,global,1991-08-01,0.99,$/kg,2026-09-08T08:09:02Z,CC-BY-4.0
worldbank_pink_sheet,COFFEE_ROBUS,global,1991-09-01,1.03,$/kg,2026-09-08T08:09:02Z,CC-BY-4.0
worldbank_pink_sheet,COFFEE_ROBUS,global,1991-10-01,1.01,$/kg,2026-09-08T08:09:02Z,CC-BY-4.0
worldbank_pink_sheet,COFFEE_ROBUS,global,1991-11-01,1.11,$/kg,2026-09-08T08:09:02Z,CC-BY-4.0
worldbank_pink_sheet,COFFEE_ROBUS,global,1991-12-01,1.12,$/kg,2026-09-08T08:09:02Z,CC-BY-4.0
worldbank_pink_sheet,COFFEE_ROBUS,global,1992-01-01,1.08,$/kg,2026-09-08T08:09:02Z,CC-BY-4.0
worldbank_pink_sheet,COFFEE_ROBUS,global,1992-02-01,0.94,$/kg,2026-09-08T08:09:02Z,CC-BY-4.0
worldbank_pink_sheet,COFFEE_ROBUS,global,1992-03-01,0.94,$/kg,2026-09-08T08:09:02Z,CC-BY-4.0
worldbank_pink_sheet,COFFEE_ROBUS,global,1992-04-01,0.91,$/kg,2026-09-08T08:09:02Z,CC-BY-4.0
worldbank_pink_sheet,COFFEE_ROBUS,global,1992-05-01,0.83,$/kg,2026-09-08T08:09:02Z,CC-BY-4.0
worldbank_pink_sheet,COFFEE_ROBUS,global,1992-06-01,0.82,$/kg,2026-09-08T08:09:02Z,CC-BY-4.0
worldbank_pink_sheet,COFFEE_ROBUS,global,1992-07-01,0.86,$/kg,2026-09-08T08:09:02Z,CC-BY-4.0
worldbank_pink_sheet,COFFEE_ROBUS,global,1992-08-01,0.86,$/kg,2026-09-08T08:09:02Z,CC-BY-4.0
worldbank_pink_sheet,COFFEE_ROBUS,global,1992-09-01,0.9,$/kg,2026-09-08T08:09:02Z,CC-BY-4.0
worldbank_pink_sheet,COFFEE_ROBUS,global,1992-10-01,0.97,$/kg,2026-09-08T08:09:02Z,CC-BY-4.0
worldbank_pink_sheet,COFFEE_ROBUS,global,1992-11-01,1.05,$/kg,2026-09-08T08:09:02Z,CC-BY-4.0
worldbank_pink_sheet,COFFEE_ROBUS,global,1992-12-01,1.12,$/kg,2026-09-08T08:09:02Z,CC-BY-4.0
worldbank_pink_sheet,COFFEE_ROBUS,global,1993-01-01,1.03,$/kg,2026-09-08T08:09:02Z,CC-BY-4.0
worldbank_pink_sheet,COFFEE_ROBUS,global,1993-02-01,1.04,$/kg,2026-09-08T08:09:02Z,CC-BY-4.0
worldbank_pink_sheet,COFFEE_ROBUS,global,1993-03-01,1.01,$/kg,2026-09-08T08:09:02Z,CC-BY-4.0
worldbank_pink_sheet,COFFEE_ROBUS,global,1993-04-01,0.99,$/kg,2026-09-08T08:09:02Z,CC-BY-4.0
worldbank_pink_sheet,COFFEE_ROBUS,global,1993-05-01,1.02,$/kg,2026-09-08T08:09:02Z,CC-BY-4.0
worldbank_pink_sheet,COFFEE_ROBUS,global,1993-06-01,1.03,$/kg,2026-09-08T08:09:02Z,CC-BY-4.0
worldbank_pink_sheet,COFFEE_ROBUS,global,1993-07-01,1.09,$/kg,2026-09-08T08:09:02Z,CC-BY-4.0
worldbank_pink_sheet,COFFEE_ROBUS,global,1993-08-01,1.29,$/kg,2026-09-08T08:09:02Z,CC-BY-4.0
worldbank_pink_sheet,COFFEE_ROBUS,global,1993-09-01,1.38,$/kg,2026-09-08T08:09:02Z,CC-BY-4.0
worldbank_pink_sheet,COFFEE_ROBUS,global,1993-10-01,1.3,$/kg,2026-09-08T08:09:02Z,CC-BY-4.0
worldbank_pink_sheet,COFFEE_ROBUS,global,1993-11-01,1.36,$/kg,2026-09-08T08:09:02Z,CC-BY-4.0
worldbank_pink_sheet,COFFEE_ROBUS,global,1993-12-01,1.36,$/kg,2026-09-08T08:09:02Z,CC-BY-4.0
worldbank_pink_sheet,COFFEE_ROBUS,global,1994-01-01,1.31,$/kg,2026-09-08T08:09:02Z,CC-BY-4.0
worldbank_pink_sheet,COFFEE_ROBUS,global,1994-02-01,1.34,$/kg,2026-09-08T08:09:02Z,CC-BY-4.0
worldbank_pink_sheet,COFFEE_ROBUS,global,1994-03-01,1.43,$/kg,2026-09-08T08:09:02Z,CC-BY-4.0
worldbank_pink_sheet,COFFEE_ROBUS,global,1994-04-01,1.58,$/kg,2026-09-08T08:09:02Z,CC-BY-4.0
worldbank_pink_sheet,COFFEE_ROBUS,global,1994-05-01,2.09,$/kg,2026-09-08T08:09:02Z,CC-BY-4.0
worldbank_pink_sheet,COFFEE_ROBUS,global,1994-06-01,2.48,$/kg,2026-09-08T08:09:02Z,CC-BY-4.0
worldbank_pink_sheet,COFFEE_ROBUS,global,1994-07-01,3.62,$/kg,2026-09-08T08:09:02Z,CC-BY-4.0
worldbank_pink_sheet,COFFEE_ROBUS,global,1994-08-01,3.59,$/kg,2026-09-08T08:09:02Z,CC-BY-4.0
worldbank_pink_sheet,COFFEE_ROBUS,global,1994-09-01,4.03,$/kg,2026-09-08T08:09:02Z,CC-BY-4.0
worldbank_pink_sheet,COFFEE_ROBUS,global,1994-10-01,3.74,$/kg,2026-09-08T08:09:02Z,CC-BY-4.0
worldbank_pink_sheet,COFFEE_ROBUS,global,1994-11-01,3.38,$/kg,2026-09-08T08:09:02Z,CC-BY-4.0
worldbank_pink_sheet,COFFEE_ROBUS,global,1994-12-01,2.86,$/kg,2026-09-08T08:09:02Z,CC-BY-4.0
worldbank_pink_sheet,COFFEE_ROBUS,global,1995-01-01,2.9,$/kg,2026-09-08T08:09:02Z,CC-BY-4.0
worldbank_pink_sheet,COFFEE_ROBUS,global,1995-02-01,2.97,$/kg,2026-09-08T08:09:02Z,CC-BY-4.0
worldbank_pink_sheet,COFFEE_ROBUS,global,1995-03-01,3.22,$/kg,2026-09-08T08:09:02Z,CC-BY-4.0
worldbank_pink_sheet,COFFEE_ROBUS,global,1995-04-01,3.19,$/kg,2026-09-08T08:09:02Z,CC-BY-4.0
worldbank_pink_sheet,COFFEE_ROBUS,global,1995-05-01,3.11,$/kg,2026-09-08T08:09:02Z,CC-BY-4.0
worldbank_pink_sheet,COFFEE_ROBUS,global,1995-06-01,2.84,$/kg,2026-09-08T08:09:02Z,CC-BY-4.0
worldbank_pink_sheet,COFFEE_ROBUS,global,1995-07-01,2.64,$/kg,2026-09-08T08:09:02Z,CC-BY-4.0
worldbank_pink_sheet,COFFEE_ROBUS,global,1995-08-01,2.87,$/kg,2026-09-08T08:09:02Z,CC-BY-4.0
worldbank_pink_sheet,COFFEE_ROBUS,global,1995-09-01,2.54,$/kg,2026-09-08T08:09:02Z,CC-BY-4.0
worldbank_pink_sheet,COFFEE_ROBUS,global,1995-10-01,2.49,$/kg,2026-09-08T08:09:02Z,CC-BY-4.0
worldbank_pink_sheet,COFFEE_ROBUS,global,1995-11-01,2.44,$/kg,2026-09-08T08:09:02Z,CC-BY-4.0
worldbank_pink_sheet,COFFEE_ROBUS,global,1995-12-01,2.05,$/kg,2026-09-08T08:09:02Z,CC-BY-4.0
worldbank_pink_sheet,COFFEE_ROBUS,global,1996-01-01,1.98,$/kg,2026-09-08T08:09:02Z,CC-BY-4.0
worldbank_pink_sheet,COFFEE_ROBUS,global,1996-02-01,2.14,$/kg,2026-09-08T08:09:02Z,CC-BY-4.0
worldbank_pink_sheet,COFFEE_ROBUS,global,1996-03-01,2.0,$/kg,2026-09-08T08:09:02Z,CC-BY-4.0
worldbank_pink_sheet,COFFEE_ROBUS,global,1996-04-01,2.0,$/kg,2026-09-08T08:09:02Z,CC-BY-4.0
worldbank_pink_sheet,COFFEE_ROBUS,global,1996-05-01,2.01,$/kg,2026-09-08T08:09:02Z,CC-BY-4.0
worldbank_pink_sheet,COFFEE_ROBUS,global,1996-06-01,1.9,$/kg,2026-09-08T08:09:02Z,CC-BY-4.0
worldbank_pink_sheet,COFFEE_ROBUS,global,1996-07-01,1.71,$/kg,2026-09-08T08:09:02Z,CC-BY-4.0
worldbank_pink_sheet,COFFEE_ROBUS,global,1996-08-01,1.75,$/kg,2026-09-08T08:09:02Z,CC-BY-4.0
worldbank_pink_sheet,COFFEE_ROBUS,global,1996-09-01,1.64,$/kg,2026-09-08T08:09:02Z,CC-BY-4.0
worldbank_pink_sheet,COFFEE_ROBUS,global,1996-10-01,1.61,$/kg,2026-09-08T08:09:02Z,CC-BY-4.0
worldbank_pink_sheet,COFFEE_ROBUS,global,1996-11-01,1.55,$/kg,2026-09-08T08:09:02Z,CC-BY-4.0
worldbank_pink_sheet,COFFEE_ROBUS,global,1996-12-01,1.39,$/kg,2026-09-08T08:09:02Z,CC-BY-4.0
worldbank_pink_sheet,COFFEE_ROBUS,global,1997-01-01,1.48,$/kg,2026-09-08T08:09:02Z,CC-BY-4.0
worldbank_pink_sheet,COFFEE_ROBUS,global,1997-02-01,1.66,$/kg,2026-09-08T08:09:02Z,CC-BY-4.0
worldbank_pink_sheet,COFFEE_ROBUS,global,1997-03-01,1.77,$/kg,2026-09-08T08:09:02Z,CC-BY-4.0
worldbank_pink_sheet,COFFEE_ROBUS,global,1997-04-01,1.71,$/kg,2026-09-08T08:09:02Z,CC-BY-4.0
worldbank_pink_sheet,COFFEE_ROBUS,global,1997-05-01,2.06,$/kg,2026-09-08T08:09:02Z,CC-BY-4.0
worldbank_pink_sheet,COFFEE_ROBUS,global,1997-06-01,1.96,$/kg,2026-09-08T08:09:02Z,CC-BY-4.0
worldbank_pink_sheet,COFFEE_ROBUS,global,1997-07-01,1.76,$/kg,2026-09-08T08:09:02Z,CC-BY-4.0
worldbank_pink_sheet,COFFEE_ROBUS,global,1997-08-01,1.64,$/kg,2026-09-08T08:09:02Z,CC-BY-4.0
worldbank_pink_sheet,COFFEE_ROBUS,global,1997-09-01,1.66,$/kg,2026-09-08T08:09:02Z,CC-BY-4.0
worldbank_pink_sheet,COFFEE_ROBUS,global,1997-10-01,1.64,$/kg,2026-09-08T08:09:02Z,CC-BY-4.0
worldbank_pink_sheet,COFFEE_ROBUS,global,1997-11-01,1.68,$/kg,2026-09-08T08:09:02Z,CC-BY-4.0
worldbank_pink_sheet,COFFEE_ROBUS,global,1997-12-01,1.82,$/kg,2026-09-08T08:09:02Z,CC-BY-4.0
worldbank_pink_sheet,COFFEE_ROBUS,global,1998-01-01,1.84,$/kg,2026-09-08T08:09:02Z,CC-BY-4.0
worldbank_pink_sheet,COFFEE_ROBUS,global,1998-02-01,1.84,$/kg,2026-09-08T08:09:02Z,CC-BY-4.0
worldbank_pink_sheet,COFFEE_ROBUS,global,1998-03-01,1.81,$/kg,2026-09-08T08:09:02Z,CC-BY-4.0
worldbank_pink_sheet,COFFEE_ROBUS,global,1998-04-01,1.96,$/kg,2026-09-08T08:09:02Z,CC-BY-4.0
worldbank_pink_sheet,COFFEE_ROBUS,global,1998-05-01,2.0,$/kg,2026-09-08T08:09:02Z,CC-BY-4.0
worldbank_pink_sheet,COFFEE_ROBUS,global,1998-06-01,1.82,$/kg,2026-09-08T08:09:02Z,CC-BY-4.0
worldbank_pink_sheet,COFFEE_ROBUS,global,1998-07-01,1.7,$/kg,2026-09-08T08:09:02Z,CC-BY-4.0
worldbank_pink_sheet,COFFEE_ROBUS,global,1998-08-01,1.75,$/kg,2026-09-08T08:09:02Z,CC-BY-4.0
worldbank_pink_sheet,COFFEE_ROBUS,global,1998-09-01,1.76,$/kg,2026-09-08T08:09:02Z,CC-BY-4.0
worldbank_pink_sheet,COFFEE_ROBUS,global,1998-10-01,1.77,$/kg,2026-09-08T08:09:02Z,CC-BY-4.0
worldbank_pink_sheet,COFFEE_ROBUS,global,1998-11-01,1.77,$/kg,2026-09-08T08:09:02Z,CC-BY-4.0
worldbank_pink_sheet,COFFEE_ROBUS,global,1998-12-01,1.85,$/kg,2026-09-08T08:09:02Z,CC-BY-4.0
worldbank_pink_sheet,COFFEE_ROBUS,global,1999-01-01,1.81,$/kg,2026-09-08T08:09:02Z,CC-BY-4.0
worldbank_pink_sheet,COFFEE_ROBUS,global,1999-02-01,1.75,$/kg,2026-09-08T08:09:02Z,CC-BY-4.0
worldbank_pink_sheet,COFFEE_ROBUS,global,1999-03-01,1.62,$/kg,2026-09-08T08:09:02Z,CC-BY-4.0
worldbank_pink_sheet,COFFEE_ROBUS,global,1999-04-01,1.53,$/kg,2026-09-08T08:09:02Z,CC-BY-4.0
worldbank_pink_sheet,COFFEE_ROBUS,global,1999-05-01,1.5,$/kg,2026-09-08T08:09:02Z,CC-BY-4.0
worldbank_pink_sheet,COFFEE_ROBUS,global,1999-06-01,1.45,$/kg,2026-09-08T08:09:02Z,CC-BY-4.0
worldbank_pink_sheet,COFFEE_ROBUS,global,1999-07-01,1.36,$/kg,2026-09-08T08:09:02Z,CC-BY-4.0
worldbank_pink_sheet,COFFEE_ROBUS,global,1999-08-01,1.39,$/kg,2026-09-08T08:09:02Z,CC-BY-4.0
worldbank_pink_sheet,COFFEE_ROBUS,global,1999-09-01,1.31,$/kg,2026-09-08T08:09:02Z,CC-BY-4.0
worldbank_pink_sheet,COFFEE_ROBUS,global,1999-10-01,1.29,$/kg,2026-09-08T08:09:02Z,CC-BY-4.0
worldbank_pink_sheet,COFFEE_ROBUS,global,1999-11-01,1.39,$/kg,2026-09-08T08:09:02Z,CC-BY-4.0
worldbank_pink_sheet,COFFEE_ROBUS,global,1999-12-01,1.47,$/kg,2026-09-08T08:09:02Z,CC-BY-4.0
worldbank_pink_sheet,COFFEE_ROBUS,global,2000-01-01,1.17,$/kg,2026-09-08T08:09:02Z,CC-BY-4.0
worldbank_pink_sheet,COFFEE_ROBUS,global,2000-02-01,1.08,$/kg,2026-09-08T08:09:02Z,CC-BY-4.0
worldbank_pink_sheet,COFFEE_ROBUS,global,2000-03-01,1.02,$/kg,2026-09-08T08:09:02Z,CC-BY-4.0
worldbank_pink_sheet,COFFEE_ROBUS,global,2000-04-01,0.98,$/kg,2026-09-08T08:09:02Z,CC-BY-4.0
worldbank_pink_sheet,COFFEE_ROBUS,global,2000-05-01,0.98,$/kg,2026-09-08T08:09:02Z,CC-BY-4.0
worldbank_pink_sheet,COFFEE_ROBUS,global,2000-06-01,0.94,$/kg,2026-09-08T08:09:02Z,CC-BY-4.0
worldbank_pink_sheet,COFFEE_ROBUS,global,2000-07-01,0.9,$/kg,2026-09-08T08:09:02Z,CC-BY-4.0
worldbank_pink_sheet,COFFEE_ROBUS,global,2000-08-01,0.84,$/kg,2026-09-08T08:09:02Z,CC-BY-4.0
worldbank_pink_sheet,COFFEE_ROBUS,global,2000-09-01,0.86,$/kg,2026-09-08T08:09:02Z,CC-BY-4.0
worldbank_pink_sheet,COFFEE_ROBUS,global,2000-10-01,0.8,$/kg,2026-09-08T08:09:02Z,CC-BY-4.0
worldbank_pink_sheet,COFFEE_ROBUS,global,2000-11-01,0.72,$/kg,2026-09-08T08:09:02Z,CC-BY-4.0
worldbank_pink_sheet,COFFEE_ROBUS,global,2000-12-01,0.67,$/kg,2026-09-08T08:09:02Z,CC-BY-4.0
worldbank_pink_sheet,COFFEE_ROBUS,global,2001-01-01,0.71,$/kg,2026-09-08T08:09:02Z,CC-BY-4.0
worldbank_pink_sheet,COFFEE_ROBUS,global,2001-02-01,0.7,$/kg,2026-09-08T08:09:02Z,CC-BY-4.0
worldbank_pink_sheet,COFFEE_ROBUS,global,2001-03-01,0.67,$/kg,2026-09-08T08:09:02Z,CC-BY-4.0
worldbank_pink_sheet,COFFEE_ROBUS,global,2001-04-01,0.63,$/kg,2026-09-08T08:09:02Z,CC-BY-4.0
worldbank_pink_sheet,COFFEE_ROBUS,global,2001-05-01,0.65,$/kg,2026-09-08T08:09:02Z,CC-BY-4.0
worldbank_pink_sheet,COFFEE_ROBUS,global,2001-06-01,0.64,$/kg,2026-09-08T08:09:02Z,CC-BY-4.0
worldbank_pink_sheet,COFFEE_ROBUS,global,2001-07-01,0.6,$/kg,2026-09-08T08:09:02Z,CC-BY-4.0
worldbank_pink_sheet,COFFEE_ROBUS,global,2001-08-01,0.57,$/kg,2026-09-08T08:09:02Z,CC-BY-4.0
worldbank_pink_sheet,COFFEE_ROBUS,global,2001-09-01,0.54,$/kg,2026-09-08T08:09:02Z,CC-BY-4.0
worldbank_pink_sheet,COFFEE_ROBUS,global,2001-10-01,0.51,$/kg,2026-09-08T08:09:02Z,CC-BY-4.0
worldbank_pink_sheet,COFFEE_ROBUS,global,2001-11-01,0.52,$/kg,2026-09-08T08:09:02Z,CC-BY-4.0
worldbank_pink_sheet,COFFEE_ROBUS,global,2001-12-01,0.54,$/kg,2026-09-08T08:09:02Z,CC-BY-4.0
worldbank_pink_sheet,COFFEE_ROBUS,global,2002-01-01,0.5,$/kg,2026-09-08T08:09:02Z,CC-BY-4.0
worldbank_pink_sheet,COFFEE_ROBUS,global,2002-02-01,0.54,$/kg,2026-09-08T08:09:02Z,CC-BY-4.0
worldbank_pink_sheet,COFFEE_ROBUS,global,2002-03-01,0.64,$/kg,2026-09-08T08:09:02Z,CC-BY-4.0
worldbank_pink_sheet,COFFEE_ROBUS,global,2002-04-01,0.65,$/kg,2026-09-08T08:09:02Z,CC-BY-4.0
worldbank_pink_sheet,COFFEE_ROBUS,global,2002-05-01,0.62,$/kg,2026-09-08T08:09:02Z,CC-BY-4.0
worldbank_pink_sheet,COFFEE_ROBUS,global,2002-06-01,0.63,$/kg,2026-09-08T08:09:02Z,CC-BY-4.0
worldbank_pink_sheet,COFFEE_ROBUS,global,2002-07-01,0.63,$/kg,2026-09-08T08:09:02Z,CC-BY-4.0
worldbank_pink_sheet,COFFEE_ROBUS,global,2002-08-01,0.61,$/kg,2026-09-08T08:09:02Z,CC-BY-4.0
worldbank_pink_sheet,COFFEE_ROBUS,global,2002-09-01,0.71,$/kg,2026-09-08T08:09:02Z,CC-BY-4.0
worldbank_pink_sheet,COFFEE_ROBUS,global,2002-10-01,0.73,$/kg,2026-09-08T08:09:02Z,CC-BY-4.0
worldbank_pink_sheet,COFFEE_ROBUS,global,2002-11-01,0.84,$/kg,2026-09-08T08:09:02Z,CC-BY-4.0
worldbank_pink_sheet,COFFEE_ROBUS,global,2002-12-01,0.84,$/kg,2026-09-08T08:09:02Z,CC-BY-4.0
worldbank_pink_sheet,COFFEE_ROBUS,global,2003-01-01,0.91,$/kg,2026-09-08T08:09:02Z,CC-BY-4.0
worldbank_pink_sheet,COFFEE_ROBUS,global,2003-02-01,0.9,$/kg,2026-09-08T08:09:02Z,CC-BY-4.0
worldbank_pink_sheet,COFFEE_ROBUS,global,2003-03-01,0.82,$/kg,2026-09-08T08:09:02Z,CC-BY-4.0
worldbank_pink_sheet,COFFEE_ROBUS,global,2003-04-01,0.82,$/kg,2026-09-08T08:09:02Z,CC-BY-4.0
worldbank_pink_sheet,COFFEE_ROBUS,global,2003-05-01,0.83,$/kg,2026-09-08T08:09:02Z,CC-BY-4.0
worldbank_pink_sheet,COFFEE_ROBUS,global,2003-06-01,0.75,$/kg,2026-09-08T08:09:02Z,CC-BY-4.0
worldbank_pink_sheet,COFFEE_ROBUS,global,2003-07-01,0.78,$/kg,2026-09-08T08:09:02Z,CC-BY-4.0
worldbank_pink_sheet,COFFEE_ROBUS,global,2003-08-01,0.8,$/kg,2026-09-08T08:09:02Z,CC-BY-4.0
worldbank_pink_sheet,COFFEE_ROBUS,global,2003-09-01,0.82,$/kg,2026-09-08T08:09:02Z,CC-BY-4.0
worldbank_pink_sheet,COFFEE_ROBUS,global,2003-10-01,0.79,$/kg,2026-09-08T08:09:02Z,CC-BY-4.0
worldbank_pink_sheet,COFFEE_ROBUS,global,2003-11-01,0.75,$/kg,2026-09-08T08:09:02Z,CC-BY-4.0
worldbank_pink_sheet,COFFEE_ROBUS,global,2003-12-01,0.79,$/kg,2026-09-08T08:09:02Z,CC-BY-4.0
worldbank_pink_sheet,COFFEE_ROBUS,global,2004-01-01,0.88,$/kg,2026-09-08T08:09:02Z,CC-BY-4.0
worldbank_pink_sheet,COFFEE_ROBUS,global,2004-02-01,0.82,$/kg,2026-09-08T08:09:02Z,CC-BY-4.0
worldbank_pink_sheet,COFFEE_ROBUS,global,2004-03-01,0.81,$/kg,2026-09-08T08:09:02Z,CC-BY-4.0
worldbank_pink_sheet,COFFEE_ROBUS,global,2004-04-01,0.8,$/kg,2026-09-08T08:09:02Z,CC-BY-4.0
worldbank_pink_sheet,COFFEE_ROBUS,global,2004-05-01,0.81,$/kg,2026-09-08T08:09:02Z,CC-BY-4.0
worldbank_pink_sheet,COFFEE_ROBUS,global,2004-06-01,0.88,$/kg,2026-09-08T08:09:02Z,CC-BY-4.0
worldbank_pink_sheet,COFFEE_ROBUS,global,2004-07-01,0.79,$/kg,2026-09-08T08:09:02Z,CC-BY-4.0
worldbank_pink_sheet,COFFEE_ROBUS,global,2004-08-01,0.75,$/kg,2026-09-08T08:09:02Z,CC-BY-4.0
worldbank_pink_sheet,COFFEE_ROBUS,global,2004-09-01,0.75,$/kg,2026-09-08T08:09:02Z,CC-BY-4.0
worldbank_pink_sheet,COFFEE_ROBUS,global,2004-10-01,0.7,$/kg,2026-09-08T08:09:02Z,CC-BY-4.0
worldbank_pink_sheet,COFFEE_ROBUS,global,2004-11-01,0.72,$/kg,2026-09-08T08:09:02Z,CC-BY-4.0
worldbank_pink_sheet,COFFEE_ROBUS,global,2004-12-01,0.81,$/kg,2026-09-08T08:09:02Z,CC-BY-4.0
worldbank_pink_sheet,COFFEE_ROBUS,global,2005-01-01,0.81,$/kg,2026-09-08T08:09:02Z,CC-BY-4.0
worldbank_pink_sheet,COFFEE_ROBUS,global,2005-02-01,0.91,$/kg,2026-09-08T08:09:02Z,CC-BY-4.0
worldbank_pink_sheet,COFFEE_ROBUS,global,2005-03-01,1.09,$/kg,2026-09-08T08:09:02Z,CC-BY-4.0
worldbank_pink_sheet,COFFEE_ROBUS,global,2005-04-01,1.12,$/kg,2026-09-08T08:09:02Z,CC-BY-4.0
worldbank_pink_sheet,COFFEE_ROBUS,global,2005-05-01,1.24,$/kg,2026-09-08T08:09:02Z,CC-BY-4.0
worldbank_pink_sheet,COFFEE_ROBUS,global,2005-06-01,1.32,$/kg,2026-09-08T08:09:02Z,CC-BY-4.0
worldbank_pink_sheet,COFFEE_ROBUS,global,2005-07-01,1.28,$/kg,2026-09-08T08:09:02Z,CC-BY-4.0
worldbank_pink_sheet,COFFEE_ROBUS,global,2005-08-01,1.15,$/kg,2026-09-08T08:09:02Z,CC-BY-4.0
worldbank_pink_sheet,COFFEE_ROBUS,global,2005-09-01,1.03,$/kg,2026-09-08T08:09:02Z,CC-BY-4.0
worldbank_pink_sheet,COFFEE_ROBUS,global,2005-10-01,1.05,$/kg,2026-09-08T08:09:02Z,CC-BY-4.0
worldbank_pink_sheet,COFFEE_ROBUS,global,2005-11-01,1.13,$/kg,2026-09-08T08:09:02Z,CC-BY-4.0
worldbank_pink_sheet,COFFEE_ROBUS,global,2005-12-01,1.24,$/kg,2026-09-08T08:09:02Z,CC-BY-4.0
worldbank_pink_sheet,COFFEE_ROBUS,global,2006-01-01,1.4,$/kg,2026-09-08T08:09:02Z,CC-BY-4.0
worldbank_pink_sheet,COFFEE_ROBUS,global,2006-02-01,1.39,$/kg,2026-09-08T08:09:02Z,CC-BY-4.0
worldbank_pink_sheet,COFFEE_ROBUS,global,2006-03-01,1.31,$/kg,2026-09-08T08:09:02Z,CC-BY-4.0
worldbank_pink_sheet,COFFEE_ROBUS,global,2006-04-01,1.33,$/kg,2026-09-08T08:09:02Z,CC-BY-4.0
worldbank_pink_sheet,COFFEE_ROBUS,global,2006-05-01,1.32,$/kg,2026-09-08T08:09:02Z,CC-BY-4.0
worldbank_pink_sheet,COFFEE_ROBUS,global,2006-06-01,1.33,$/kg,2026-09-08T08:09:02Z,CC-BY-4.0
worldbank_pink_sheet,COFFEE_ROBUS,global,2006-07-01,1.42,$/kg,2026-09-08T08:09:02Z,CC-BY-4.0
worldbank_pink_sheet,COFFEE_ROBUS,global,2006-08-01,1.62,$/kg,2026-09-08T08:09:02Z,CC-BY-4.0
worldbank_pink_sheet,COFFEE_ROBUS,global,2006-09-01,1.7,$/kg,2026-09-08T08:09:02Z,CC-BY-4.0
worldbank_pink_sheet,COFFEE_ROBUS,global,2006-10-01,1.66,$/kg,2026-09-08T08:09:02Z,CC-BY-4.0
worldbank_pink_sheet,COFFEE_ROBUS,global,2006-11-01,1.69,$/kg,2026-09-08T08:09:02Z,CC-BY-4.0
worldbank_pink_sheet,COFFEE_ROBUS,global,2006-12-01,1.69,$/kg,2026-09-08T08:09:02Z,CC-BY-4.0
worldbank_pink_sheet,COFFEE_ROBUS,global,2007-01-01,1.74,$/kg,2026-09-08T08:09:02Z,CC-BY-4.0
worldbank_pink_sheet,COFFEE_ROBUS,global,2007-02-01,1.74,$/kg,2026-09-08T08:09:02Z,CC-BY-4.0
worldbank_pink_sheet,COFFEE_ROBUS,global,2007-03-01,1.7,$/kg,2026-09-08T08:09:02Z,CC-BY-4.0
worldbank_pink_sheet,COFFEE_ROBUS,global,2007-04-01,1.75,$/kg,2026-09-08T08:09:02Z,CC-BY-4.0
worldbank_pink_sheet,COFFEE_ROBUS,global,2007-05-01,1.85,$/kg,2026-09-08T08:09:02Z,CC-BY-4.0
worldbank_pink_sheet,COFFEE_ROBUS,global,2007-06-01,2.04,$/kg,2026-09-08T08:09:02Z,CC-BY-4.0
worldbank_pink_sheet,COFFEE_ROBUS,global,2007-07-01,2.04,$/kg,2026-09-08T08:09:02Z,CC-BY-4.0
worldbank_pink_sheet,COFFEE_ROBUS,global,2007-08-01,1.93,$/kg,2026-09-08T08:09:02Z,CC-BY-4.0
worldbank_pink_sheet,COFFEE_ROBUS,global,2007-09-01,2.05,$/kg,2026-09-08T08:09:02Z,CC-BY-4.0
worldbank_pink_sheet,COFFEE_ROBUS,global,2007-10-01,2.01,$/kg,2026-09-08T08:09:02Z,CC-BY-4.0
worldbank_pink_sheet,COFFEE_ROBUS,global,2007-11-01,2.04,$/kg,2026-09-08T08:09:02Z,CC-BY-4.0
worldbank_pink_sheet,COFFEE_ROBUS,global,2007-12-01,2.01,$/kg,2026-09-08T08:09:02Z,CC-BY-4.0
worldbank_pink_sheet,COFFEE_ROBUS,global,2008-01-01,2.19,$/kg,2026-09-08T08:09:02Z,CC-BY-4.0
worldbank_pink_sheet,COFFEE_ROBUS,global,2008-02-01,2.55,$/kg,2026-09-08T08:09:02Z,CC-BY-4.0
worldbank_pink_sheet,COFFEE_ROBUS,global,2008-03-01,2.69,$/kg,2026-09-08T08:09:02Z,CC-BY-4.0
worldbank_pink_sheet,COFFEE_ROBUS,global,2008-04-01,2.45,$/kg,2026-09-08T08:09:02Z,CC-BY-4.0
worldbank_pink_sheet,COFFEE_ROBUS,global,2008-05-01,2.4,$/kg,2026-09-08T08:09:02Z,CC-BY-4.0
worldbank_pink_sheet,COFFEE_ROBUS,global,2008-06-01,2.45,$/kg,2026-09-08T08:09:02Z,CC-BY-4.0
worldbank_pink_sheet,COFFEE_ROBUS,global,2008-07-01,2.54,$/kg,2026-09-08T08:09:02Z,CC-BY-4.0
worldbank_pink_sheet,COFFEE_ROBUS,global,2008-08-01,2.48,$/kg,2026-09-08T08:09:02Z,CC-BY-4.0
worldbank_pink_sheet,COFFEE_ROBUS,global,2008-09-01,2.32,$/kg,2026-09-08T08:09:02Z,CC-BY-4.0
worldbank_pink_sheet,COFFEE_ROBUS,global,2008-10-01,1.96,$/kg,2026-09-08T08:09:02Z,CC-BY-4.0
worldbank_pink_sheet,COFFEE_ROBUS,global,2008-11-01,2.0,$/kg,2026-09-08T08:09:02Z,CC-BY-4.0
worldbank_pink_sheet,COFFEE_ROBUS,global,2008-12-01,1.82,$/kg,2026-09-08T08:09:02Z,CC-BY-4.0
worldbank_pink_sheet,COFFEE_ROBUS,global,2009-01-01,1.82,$/kg,2026-09-08T08:09:02Z,CC-BY-4.0
worldbank_pink_sheet,COFFEE_ROBUS,global,2009-02-01,1.77,$/kg,2026-09-08T08:09:02Z,CC-BY-4.0
worldbank_pink_sheet,COFFEE_ROBUS,global,2009-03-01,1.68,$/kg,2026-09-08T08:09:02Z,CC-BY-4.0
worldbank_pink_sheet,COFFEE_ROBUS,global,2009-04-01,1.67,$/kg,2026-09-08T08:09:02Z,CC-BY-4.0
worldbank_pink_sheet,COFFEE_ROBUS,global,2009-05-01,1.67,$/kg,2026-09-08T08:09:02Z,CC-BY-4.0
worldbank_pink_sheet,COFFEE_ROBUS,global,2009-06-01,1.63,$/kg,2026-09-08T08:09:02Z,CC-BY-4.0
worldbank_pink_sheet,COFFEE_ROBUS,global,2009-07-01,1.58,$/kg,2026-09-08T08:09:02Z,CC-BY-4.0
worldbank_pink_sheet,COFFEE_ROBUS,global,2009-08-01,1.6,$/kg,2026-09-08T08:09:02Z,CC-BY-4.0
worldbank_pink_sheet,COFFEE_ROBUS,global,2009-09-01,1.63,$/kg,2026-09-08T08:09:02Z,CC-BY-4.0
worldbank_pink_sheet,COFFEE_ROBUS,global,2009-10-01,1.62,$/kg,2026-09-08T08:09:02Z,CC-BY-4.0
worldbank_pink_sheet,COFFEE_ROBUS,global,2009-11-01,1.53,$/kg,2026-09-08T08:09:02Z,CC-BY-4.0
worldbank_pink_sheet,COFFEE_ROBUS,global,2009-12-01,1.54,$/kg,2026-09-08T08:09:02Z,CC-BY-4.0
worldbank_pink_sheet,COFFEE_ROBUS,global,2010-01-01,1.54,$/kg,2026-09-08T08:09:02Z,CC-BY-4.0
worldbank_pink_sheet,COFFEE_ROBUS,global,2010-02-01,1.5,$/kg,2026-09-08T08:09:02Z,CC-BY-4.0
worldbank_pink_sheet,COFFEE_ROBUS,global,2010-03-01,1.48,$/kg,2026-09-08T08:09:02Z,CC-BY-4.0
worldbank_pink_sheet,COFFEE_ROBUS,global,2010-04-01,1.58,$/kg,2026-09-08T08:09:02Z,CC-BY-4.0
worldbank_pink_sheet,COFFEE_ROBUS,global,2010-05-01,1.56,$/kg,2026-09-08T08:09:02Z,CC-BY-4.0
worldbank_pink_sheet,COFFEE_ROBUS,global,2010-06-01,1.7,$/kg,2026-09-08T08:09:02Z,CC-BY-4.0
worldbank_pink_sheet,COFFEE_ROBUS,global,2010-07-01,1.88,$/kg,2026-09-08T08:09:02Z,CC-BY-4.0
worldbank_pink_sheet,COFFEE_ROBUS,global,2010-08-01,1.82,$/kg,2026-09-08T08:09:02Z,CC-BY-4.0
worldbank_pink_sheet,COFFEE_ROBUS,global,2010-09-01,1.79,$/kg,2026-09-08T08:09:02Z,CC-BY-4.0
worldbank_pink_sheet,COFFEE_ROBUS,global,2010-10-01,1.88,$/kg,2026-09-08T08:09:02Z,CC-BY-4.0
worldbank_pink_sheet,COFFEE_ROBUS,global,2010-11-01,2.03,$/kg,2026-09-08T08:09:02Z,CC-BY-4.0
worldbank_pink_sheet,COFFEE_ROBUS,global,2010-12-01,2.07,$/kg,2026-09-08T08:09:02Z,CC-BY-4.0
worldbank_pink_sheet,COFFEE_ROBUS,global,2011-01-01,2.23,$/kg,2026-09-08T08:09:02Z,CC-BY-4.0
worldbank_pink_sheet,COFFEE_ROBUS,global,2011-02-01,2.41,$/kg,2026-09-08T08:09:02Z,CC-BY-4.0
worldbank_pink_sheet,COFFEE_ROBUS,global,2011-03-01,2.6,$/kg,2026-09-08T08:09:02Z,CC-BY-4.0
worldbank_pink_sheet,COFFEE_ROBUS,global,2011-04-01,2.59,$/kg,2026-09-08T08:09:02Z,CC-BY-4.0
worldbank_pink_sheet,COFFEE_ROBUS,global,2011-05-01,2.69,$/kg,2026-09-08T08:09:02Z,CC-BY-4.0
worldbank_pink_sheet,COFFEE_ROBUS,global,2011-06-01,2.6,$/kg,2026-09-08T08:09:02Z,CC-BY-4.0
worldbank_pink_sheet,COFFEE_ROBUS,global,2011-07-01,2.49,$/kg,2026-09-08T08:09:02Z,CC-BY-4.0
worldbank_pink_sheet,COFFEE_ROBUS,global,2011-08-01,2.47,$/kg,2026-09-08T08:09:02Z,CC-BY-4.0
worldbank_pink_sheet,COFFEE_ROBUS,global,2011-09-01,2.34,$/kg,2026-09-08T08:09:02Z,CC-BY-4.0
worldbank_pink_sheet,COFFEE_ROBUS,global,2011-10-01,2.16,$/kg,2026-09-08T08:09:02Z,CC-BY-4.0
worldbank_pink_sheet,COFFEE_ROBUS,global,2011-11-01,2.14,$/kg,2026-09-08T08:09:02Z,CC-BY-4.0
worldbank_pink_sheet,COFFEE_ROBUS,global,2011-12-01,2.17,$/kg,2026-09-08T08:09:02Z,CC-BY-4.0
worldbank_pink_sheet,COFFEE_ROBUS,global,2012-01-01,2.13,$/kg,2026-09-08T08:09:02Z,CC-BY-4.0
worldbank_pink_sheet,COFFEE_ROBUS,global,2012-02-01,2.25,$/kg,2026-09-08T08:09:02Z,CC-BY-4.0
worldbank_pink_sheet,COFFEE_ROBUS,global,2012-03-01,2.28,$/kg,2026-09-08T08:09:02Z,CC-BY-4.0
worldbank_pink_sheet,COFFEE_ROBUS,global,2012-04-01,2.24,$/kg,2026-09-08T08:09:02Z,CC-BY-4.0
worldbank_pink_sheet,COFFEE_ROBUS,global,2012-05-01,2.36,$/kg,2026-09-08T08:09:02Z,CC-BY-4.0
worldbank_pink_sheet,COFFEE_ROBUS,global,2012-06-01,2.33,$/kg,2026-09-08T08:09:02Z,CC-BY-4.0
worldbank_pink_sheet,COFFEE_ROBUS,global,2012-07-01,2.36,$/kg,2026-09-08T08:09:02Z,CC-BY-4.0
worldbank_pink_sheet,COFFEE_ROBUS,global,2012-08-01,2.35,$/kg,2026-09-08T08:09:02Z,CC-BY-4.0
worldbank_pink_sheet,COFFEE_ROBUS,global,2012-09-01,2.31,$/kg,2026-09-08T08:09:02Z,CC-BY-4.0
worldbank_pink_sheet,COFFEE_ROBUS,global,2012-10-01,2.3,$/kg,2026-09-08T08:09:02Z,CC-BY-4.0
worldbank_pink_sheet,COFFEE_ROBUS,global,2012-11-01,2.15,$/kg,2026-09-08T08:09:02Z,CC-BY-4.0
worldbank_pink_sheet,COFFEE_ROBUS,global,2012-12-01,2.13,$/kg,2026-09-08T08:09:02Z,CC-BY-4.0
worldbank_pink_sheet,COFFEE_ROBUS,global,2013-01-01,2.2,$/kg,2026-09-08T08:09:02Z,CC-BY-4.0
worldbank_pink_sheet,COFFEE_ROBUS,global,2013-02-01,2.29,$/kg,2026-09-08T08:09:02Z,CC-BY-4.0
worldbank_pink_sheet,COFFEE_ROBUS,global,2013-03-01,2.34,$/kg,2026-09-08T08:09:02Z,CC-BY-4.0
worldbank_pink_sheet,COFFEE_ROBUS,global,2013-04-01,2.24,$/kg,2026-09-08T08:09:02Z,CC-BY-4.0
worldbank_pink_sheet,COFFEE_ROBUS,global,2013-05-01,2.19,$/kg,2026-09-08T08:09:02Z,CC-BY-4.0
worldbank_pink_sheet,COFFEE_ROBUS,global,2013-06-01,2.0,$/kg,2026-09-08T08:09:02Z,CC-BY-4.0
worldbank_pink_sheet,COFFEE_ROBUS,global,2013-07-01,2.1,$/kg,2026-09-08T08:09:02Z,CC-BY-4.0
worldbank_pink_sheet,COFFEE_ROBUS,global,2013-08-01,2.07,$/kg,2026-09-08T08:09:02Z,CC-BY-4.0
worldbank_pink_sheet,COFFEE_ROBUS,global,2013-09-01,1.94,$/kg,2026-09-08T08:09:02Z,CC-BY-4.0
worldbank_pink_sheet,COFFEE_ROBUS,global,2013-10-01,1.85,$/kg,2026-09-08T08:09:02Z,CC-BY-4.0
worldbank_pink_sheet,COFFEE_ROBUS,global,2013-11-01,1.76,$/kg,2026-09-08T08:09:02Z,CC-BY-4.0
worldbank_pink_sheet,COFFEE_ROBUS,global,2013-12-01,1.94,$/kg,2026-09-08T08:09:02Z,CC-BY-4.0
worldbank_pink_sheet,COFFEE_ROBUS,global,2014-01-01,1.93,$/kg,2026-09-08T08:09:02Z,CC-BY-4.0
worldbank_pink_sheet,COFFEE_ROBUS,global,2014-02-01,2.11,$/kg,2026-09-08T08:09:02Z,CC-BY-4.0
worldbank_pink_sheet,COFFEE_ROBUS,global,2014-03-01,2.32,$/kg,2026-09-08T08:09:02Z,CC-BY-4.0
worldbank_pink_sheet,COFFEE_ROBUS,global,2014-04-01,2.33,$/kg,2026-09-08T08:09:02Z,CC-BY-4.0
worldbank_pink_sheet,COFFEE_ROBUS,global,2014-05-01,2.27,$/kg,2026-09-08T08:09:02Z,CC-BY-4.0
worldbank_pink_sheet,COFFEE_ROBUS,global,2014-06-01,2.18,$/kg,2026-09-08T08:09:02Z,CC-BY-4.0
worldbank_pink_sheet,COFFEE_ROBUS,global,2014-07-01,2.24,$/kg,2026-09-08T08:09:02Z,CC-BY-4.0
worldbank_pink_sheet,COFFEE_ROBUS,global,2014-08-01,2.21,$/kg,2026-09-08T08:09:02Z,CC-BY-4.0
worldbank_pink_sheet,COFFEE_ROBUS,global,2014-09-01,2.22,$/kg,2026-09-08T08:09:02Z,CC-BY-4.0
worldbank_pink_sheet,COFFEE_ROBUS,global,2014-10-01,2.31,$/kg,2026-09-08T08:09:02Z,CC-BY-4.0
worldbank_pink_sheet,COFFEE_ROBUS,global,2014-11-01,2.27,$/kg,2026-09-08T08:09:02Z,CC-BY-4.0
worldbank_pink_sheet,COFFEE_ROBUS,global,2014-12-01,2.2,$/kg,2026-09-08T08:09:02Z,CC-BY-4.0
worldbank_pink_sheet,COFFEE_ROBUS,global,2015-01-01,2.16,$/kg,2026-09-08T08:09:02Z,CC-BY-4.0
worldbank_pink_sheet,COFFEE_ROBUS,global,2015-02-01,2.17,$/kg,2026-09-08T08:09:02Z,CC-BY-4.0
worldbank_pink_sheet,COFFEE_ROBUS,global,2015-03-01,2.03,$/kg,2026-09-08T08:09:02Z,CC-BY-4.0
worldbank_pink_sheet,COFFEE_ROBUS,global,2015-04-01,2.03,$/kg,2026-09-08T08:09:02Z,CC-BY-4.0
worldbank_pink_sheet,COFFEE_ROBUS,global,2015-05-01,1.93,$/kg,2026-09-08T08:09:02Z,CC-BY-4.0
worldbank_pink_sheet,COFFEE_ROBUS,global,2015-06-01,1.99,$/kg,2026-09-08T08:09:02Z,CC-BY-4.0
worldbank_pink_sheet,COFFEE_ROBUS,global,2015-07-01,1.92,$/kg,2026-09-08T08:09:02Z,CC-BY-4.0
worldbank_pink_sheet,COFFEE_ROBUS,global,2015-08-01,1.89,$/kg,2026-09-08T08:09:02Z,CC-BY-4.0
worldbank_pink_sheet,COFFEE_ROBUS,global,2015-09-01,1.8,$/kg,2026-09-08T08:09:02Z,CC-BY-4.0
worldbank_pink_sheet,COFFEE_ROBUS,global,2015-10-01,1.82,$/kg,2026-09-08T08:09:02Z,CC-BY-4.0
worldbank_pink_sheet,COFFEE_ROBUS,global,2015-11-01,1.8,$/kg,2026-09-08T08:09:02Z,CC-BY-4.0
worldbank_pink_sheet,COFFEE_ROBUS,global,2015-12-01,1.75,$/kg,2026-09-08T08:09:02Z,CC-BY-4.0
worldbank_pink_sheet,COFFEE_ROBUS,global,2016-01-01,1.65,$/kg,2026-09-08T08:09:02Z,CC-BY-4.0
worldbank_pink_sheet,COFFEE_ROBUS,global,2016-02-01,1.63,$/kg,2026-09-08T08:09:02Z,CC-BY-4.0
worldbank_pink_sheet,COFFEE_ROBUS,global,2016-03-01,1.67,$/kg,2026-09-08T08:09:02Z,CC-BY-4.0
worldbank_pink_sheet,COFFEE_ROBUS,global,2016-04-01,1.77,$/kg,2026-09-08T08:09:02Z,CC-BY-4.0
worldbank_pink_sheet,COFFEE_ROBUS,global,2016-05-01,1.85,$/kg,2026-09-08T08:09:02Z,CC-BY-4.0
worldbank_pink_sheet,COFFEE_ROBUS,global,2016-06-01,1.89,$/kg,2026-09-08T08:09:02Z,CC-BY-4.0
worldbank_pink_sheet,COFFEE_ROBUS,global,2016-07-01,2.0,$/kg,2026-09-08T08:09:02Z,CC-BY-4.0
worldbank_pink_sheet,COFFEE_ROBUS,global,2016-08-01,2.02,$/kg,2026-09-08T08:09:02Z,CC-BY-4.0
worldbank_pink_sheet,COFFEE_ROBUS,global,2016-09-01,2.14,$/kg,2026-09-08T08:09:02Z,CC-BY-4.0
worldbank_pink_sheet,COFFEE_ROBUS,global,2016-10-01,2.29,$/kg,2026-09-08T08:09:02Z,CC-BY-4.0
worldbank_pink_sheet,COFFEE_ROBUS,global,2016-11-01,2.29,$/kg,2026-09-08T08:09:02Z,CC-BY-4.0
worldbank_pink_sheet,COFFEE_ROBUS,global,2016-12-01,2.25,$/kg,2026-09-08T08:09:02Z,CC-BY-4.0
worldbank_pink_sheet,COFFEE_ROBUS,global,2017-01-01,2.39,$/kg,2026-09-08T08:09:02Z,CC-BY-4.0
worldbank_pink_sheet,COFFEE_ROBUS,global,2017-02-01,2.35,$/kg,2026-09-08T08:09:02Z,CC-BY-4.0
worldbank_pink_sheet,COFFEE_ROBUS,global,2017-03-01,2.35,$/kg,2026-09-08T08:09:02Z,CC-BY-4.0
worldbank_pink_sheet,COFFEE_ROBUS,global,2017-04-01,2.28,$/kg,2026-09-08T08:09:02Z,CC-BY-4.0
worldbank_pink_sheet,COFFEE_ROBUS,global,2017-05-01,2.17,$/kg,2026-09-08T08:09:02Z,CC-BY-4.0
worldbank_pink_sheet,COFFEE_ROBUS,global,2017-06-01,2.25,$/kg,2026-09-08T08:09:02Z,CC-BY-4.0
worldbank_pink_sheet,COFFEE_ROBUS,global,2017-07-01,2.31,$/kg,2026-09-08T08:09:02Z,CC-BY-4.0
worldbank_pink_sheet,COFFEE_ROBUS,global,2017-08-01,2.3,$/kg,2026-09-08T08:09:02Z,CC-BY-4.0
worldbank_pink_sheet,COFFEE_ROBUS,global,2017-09-01,2.19,$/kg,2026-09-08T08:09:02Z,CC-BY-4.0
worldbank_pink_sheet,COFFEE_ROBUS,global,2017-10-01,2.17,$/kg,2026-09-08T08:09:02Z,CC-BY-4.0
worldbank_pink_sheet,COFFEE_ROBUS,global,2017-11-01,2.01,$/kg,2026-09-08T08:09:02Z,CC-BY-4.0
worldbank_pink_sheet,COFFEE_ROBUS,global,2017-12-01,1.93,$/kg,2026-09-08T08:09:02Z,CC-BY-4.0
worldbank_pink_sheet,COFFEE_ROBUS,global,2018-01-01,1.95,$/kg,2026-09-08T08:09:02Z,CC-BY-4.0
worldbank_pink_sheet,COFFEE_ROBUS,global,2018-02-01,1.97,$/kg,2026-09-08T08:09:02Z,CC-BY-4.0
worldbank_pink_sheet,COFFEE_ROBUS,global,2018-03-01,1.94,$/kg,2026-09-08T08:09:02Z,CC-BY-4.0
worldbank_pink_sheet,COFFEE_ROBUS,global,2018-04-01,1.95,$/kg,2026-09-08T08:09:02Z,CC-BY-4.0
worldbank_pink_sheet,COFFEE_ROBUS,global,2018-05-01,1.96,$/kg,2026-09-08T08:09:02Z,CC-BY-4.0
worldbank_pink_sheet,COFFEE_ROBUS,global,2018-06-01,1.9,$/kg,2026-09-08T08:09:02Z,CC-BY-4.0
worldbank_pink_sheet,COFFEE_ROBUS,global,2018-07-01,1.86,$/kg,2026-09-08T08:09:02Z,CC-BY-4.0
worldbank_pink_sheet,COFFEE_ROBUS,global,2018-08-01,1.78,$/kg,2026-09-08T08:09:02Z,CC-BY-4.0
worldbank_pink_sheet,COFFEE_ROBUS,global,2018-09-01,1.69,$/kg,2026-09-08T08:09:02Z,CC-BY-4.0
worldbank_pink_sheet,COFFEE_ROBUS,global,2018-10-01,1.88,$/kg,2026-09-08T08:09:02Z,CC-BY-4.0
worldbank_pink_sheet,COFFEE_ROBUS,global,2018-11-01,1.84,$/kg,2026-09-08T08:09:02Z,CC-BY-4.0
worldbank_pink_sheet,COFFEE_ROBUS,global,2018-12-01,1.71,$/kg,2026-09-08T08:09:02Z,CC-BY-4.0
worldbank_pink_sheet,COFFEE_ROBUS,global,2019-01-01,1.72,$/kg,2026-09-08T08:09:02Z,CC-BY-4.0
worldbank_pink_sheet,COFFEE_ROBUS,global,2019-02-01,1.73,$/kg,2026-09-08T08:09:02Z,CC-BY-4.0
worldbank_pink_sheet,COFFEE_ROBUS,global,2019-03-01,1.7,$/kg,2026-09-08T08:09:02Z,CC-BY-4.0
worldbank_pink_sheet,COFFEE_ROBUS,global,2019-04-01,1.62,$/kg,2026-09-08T08:09:02Z,CC-BY-4.0
worldbank_pink_sheet,COFFEE_ROBUS,global,2019-05-01,1.57,$/kg,2026-09-08T08:09:02Z,CC-BY-4.0
worldbank_pink_sheet,COFFEE_ROBUS,global,2019-06-01,1.63,$/kg,2026-09-08T08:09:02Z,CC-BY-4.0
worldbank_pink_sheet,COFFEE_ROBUS,global,2019-07-01,1.63,$/kg,2026-09-08T08:09:02Z,CC-BY-4.0
worldbank_pink_sheet,COFFEE_ROBUS,global,2019-08-01,1.56,$/kg,2026-09-08T08:09:02Z,CC-BY-4.0
worldbank_pink_sheet,COFFEE_ROBUS,global,2019-09-01,1.56,$/kg,2026-09-08T08:09:02Z,CC-BY-4.0
worldbank_pink_sheet,COFFEE_ROBUS,global,2019-10-01,1.51,$/kg,2026-09-08T08:09:02Z,CC-BY-4.0
worldbank_pink_sheet,COFFEE_ROBUS,global,2019-11-01,1.62,$/kg,2026-09-08T08:09:02Z,CC-BY-4.0
worldbank_pink_sheet,COFFEE_ROBUS,global,2019-12-01,1.61,$/kg,2026-09-08T08:09:02Z,CC-BY-4.0
worldbank_pink_sheet,COFFEE_ROBUS,global,2020-01-01,1.56,$/kg,2026-09-08T08:09:02Z,CC-BY-4.0
worldbank_pink_sheet,COFFEE_ROBUS,global,2020-02-01,1.5,$/kg,2026-09-08T08:09:02Z,CC-BY-4.0
worldbank_pink_sheet,COFFEE_ROBUS,global,2020-03-01,1.49,$/kg,2026-09-08T08:09:02Z,CC-BY-4.0
worldbank_pink_sheet,COFFEE_ROBUS,global,2020-04-01,1.41,$/kg,2026-09-08T08:09:02Z,CC-BY-4.0
worldbank_pink_sheet,COFFEE_ROBUS,global,2020-05-01,1.42,$/kg,2026-09-08T08:09:02Z,CC-BY-4.0
worldbank_pink_sheet,COFFEE_ROBUS,global,2020-06-01,1.42,$/kg,2026-09-08T08:09:02Z,CC-BY-4.0
worldbank_pink_sheet,COFFEE_ROBUS,global,2020-07-01,1.49,$/kg,2026-09-08T08:09:02Z,CC-BY-4.0
worldbank_pink_sheet,COFFEE_ROBUS,global,2020-08-01,1.6,$/kg,2026-09-08T08:09:02Z,CC-BY-4.0
worldbank_pink_sheet,COFFEE_ROBUS,global,2020-09-01,1.6,$/kg,2026-09-08T08:09:02Z,CC-BY-4.0
worldbank_pink_sheet,COFFEE_ROBUS,global,2020-10-01,1.51,$/kg,2026-09-08T08:09:02Z,CC-BY-4.0
worldbank_pink_sheet,COFFEE_ROBUS,global,2020-11-01,1.6,$/kg,2026-09-08T08:09:02Z,CC-BY-4.0
worldbank_pink_sheet,COFFEE_ROBUS,global,2020-12-01,1.59,$/kg,2026-09-08T08:09:02Z,CC-BY-4.0
worldbank_pink_sheet,COFFEE_ROBUS,global,2021-01-01,1.56,$/kg,2026-09-08T08:09:02Z,CC-BY-4.0
worldbank_pink_sheet,COFFEE_ROBUS,global,2021-02-01,1.62,$/kg,2026-09-08T08:09:02Z,CC-BY-4.0
worldbank_pink_sheet,COFFEE_ROBUS,global,2021-03-01,1.63,$/kg,2026-09-08T08:09:02Z,CC-BY-4.0
worldbank_pink_sheet,COFFEE_ROBUS,global,2021-04-01,1.64,$/kg,2026-09-08T08:09:02Z,CC-BY-4.0
worldbank_pink_sheet,COFFEE_ROBUS,global,2021-05-01,1.76,$/kg,2026-09-08T08:09:02Z,CC-BY-4.0
worldbank_pink_sheet,COFFEE_ROBUS,global,2021-06-01,1.87,$/kg,2026-09-08T08:09:02Z,CC-BY-4.0
worldbank_pink_sheet,COFFEE_ROBUS,global,2021-07-01,2.08,$/kg,2026-09-08T08:09:02Z,CC-BY-4.0
worldbank_pink_sheet,COFFEE_ROBUS,global,2021-08-01,2.1,$/kg,2026-09-08T08:09:02Z,CC-BY-4.0
worldbank_pink_sheet,COFFEE_ROBUS,global,2021-09-01,2.31,$/kg,2026-09-08T08:09:02Z,CC-BY-4.0
worldbank_pink_sheet,COFFEE_ROBUS,global,2021-10-01,2.32,$/kg,2026-09-08T08:09:02Z,CC-BY-4.0
worldbank_pink_sheet,COFFEE_ROBUS,global,2021-11-01,2.41,$/kg,2026-09-08T08:09:02Z,CC-BY-4.0
worldbank_pink_sheet,COFFEE_ROBUS,global,2021-12-01,2.48,$/kg,2026-09-08T08:09:02Z,CC-BY-4.0
worldbank_pink_sheet,COFFEE_ROBUS,global,2022-01-01,2.43,$/kg,2026-09-08T08:09:02Z,CC-BY-4.0
worldbank_pink_sheet,COFFEE_ROBUS,global,2022-02-01,2.41,$/kg,2026-09-08T08:09:02Z,CC-BY-4.0
worldbank_pink_sheet,COFFEE_ROBUS,global,2022-03-01,2.29,$/kg,2026-09-08T08:09:02Z,CC-BY-4.0
worldbank_pink_sheet,COFFEE_ROBUS,global,2022-04-01,2.29,$/kg,2026-09-08T08:09:02Z,CC-BY-4.0
worldbank_pink_sheet,COFFEE_ROBUS,global,2022-05-01,2.27,$/kg,2026-09-08T08:09:02Z,CC-BY-4.0
worldbank_pink_sheet,COFFEE_ROBUS,global,2022-06-01,2.29,$/kg,2026-09-08T08:09:02Z,CC-BY-4.0
worldbank_pink_sheet,COFFEE_ROBUS,global,2022-07-01,2.21,$/kg,2026-09-08T08:09:02Z,CC-BY-4.0
worldbank_pink_sheet,COFFEE_ROBUS,global,2022-08-01,2.42,$/kg,2026-09-08T08:09:02Z,CC-BY-4.0
worldbank_pink_sheet,COFFEE_ROBUS,global,2022-09-01,2.46,$/kg,2026-09-08T08:09:02Z,CC-BY-4.0
worldbank_pink_sheet,COFFEE_ROBUS,global,2022-10-01,2.27,$/kg,2026-09-08T08:09:02Z,CC-BY-4.0
worldbank_pink_sheet,COFFEE_ROBUS,global,2022-11-01,2.04,$/kg,2026-09-08T08:09:02Z,CC-BY-4.0
worldbank_pink_sheet,COFFEE_ROBUS,global,2022-12-01,2.05,$/kg,2026-09-08T08:09:02Z,CC-BY-4.0
worldbank_pink_sheet,COFFEE_ROBUS,global,2023-01-01,2.12,$/kg,2026-09-08T08:09:02Z,CC-BY-4.0
worldbank_pink_sheet,COFFEE_ROBUS,global,2023-02-01,2.29,$/kg,2026-09-08T08:09:02Z,CC-BY-4.0
worldbank_pink_sheet,COFFEE_ROBUS,global,2023-03-01,2.35,$/kg,2026-09-08T08:09:02Z,CC-BY-4.0
worldbank_pink_sheet,COFFEE_ROBUS,global,2023-04-01,2.55,$/kg,2026-09-08T08:09:02Z,CC-BY-4.0
worldbank_pink_sheet,COFFEE_ROBUS,global,2023-05-01,2.7,$/kg,2026-09-08T08:09:02Z,CC-BY-4.0
worldbank_pink_sheet,COFFEE_ROBUS,global,2023-06-01,2.91,$/kg,2026-09-08T08:09:02Z,CC-BY-4.0
worldbank_pink_sheet,COFFEE_ROBUS,global,2023-07-01,2.81,$/kg,2026-09-08T08:09:02Z,CC-BY-4.0
worldbank_pink_sheet,COFFEE_ROBUS,global,2023-08-01,2.75,$/kg,2026-09-08T08:09:02Z,CC-BY-4.0
worldbank_pink_sheet,COFFEE_ROBUS,global,2023-09-01,2.73,$/kg,2026-09-08T08:09:02Z,CC-BY-4.0
worldbank_pink_sheet,COFFEE_ROBUS,global,2023-10-01,2.62,$/kg,2026-09-08T08:09:02Z,CC-BY-4.0
worldbank_pink_sheet,COFFEE_ROBUS,global,2023-11-01,2.7,$/kg,2026-09-08T08:09:02Z,CC-BY-4.0
worldbank_pink_sheet,COFFEE_ROBUS,global,2023-12-01,2.99,$/kg,2026-09-08T08:09:02Z,CC-BY-4.0
worldbank_pink_sheet,COFFEE_ROBUS,global,2024-01-01,3.26,$/kg,2026-09-08T08:09:02Z,CC-BY-4.0
worldbank_pink_sheet,COFFEE_ROBUS,global,2024-02-01,3.38,$/kg,2026-09-08T08:09:02Z,CC-BY-4.0
worldbank_pink_sheet,COFFEE_ROBUS,global,2024-03-01,3.66,$/kg,2026-09-08T08:09:02Z,CC-BY-4.0
worldbank_pink_sheet,COFFEE_ROBUS,global,2024-04-01,4.23,$/kg,2026-09-08T08:09:02Z,CC-BY-4.0
worldbank_pink_sheet,COFFEE_ROBUS,global,2024-05-01,4.04,$/kg,2026-09-08T08:09:02Z,CC-BY-4.0
worldbank_pink_sheet,COFFEE_ROBUS,global,2024-06-01,4.5,$/kg,2026-09-08T08:09:02Z,CC-BY-4.0
worldbank_pink_sheet,COFFEE_ROBUS,global,2024-07-01,4.73,$/kg,2026-09-08T08:09:02Z,CC-BY-4.0
worldbank_pink_sheet,COFFEE_ROBUS,global,2024-08-01,4.73,$/kg,2026-09-08T08:09:02Z,CC-BY-4.0
worldbank_pink_sheet,COFFEE_ROBUS,global,2024-09-01,5.33,$/kg,2026-09-08T08:09:02Z,CC-BY-4.0
worldbank_pink_sheet,COFFEE_ROBUS,global,2024-10-01,4.89,$/kg,2026-09-08T08:09:02Z,CC-BY-4.0
worldbank_pink_sheet,COFFEE_ROBUS,global,2024-11-01,4.98,$/kg,2026-09-08T08:09:02Z,CC-BY-4.0
worldbank_pink_sheet,COFFEE_ROBUS,global,2024-12-01,5.22,$/kg,2026-09-08T08:09:02Z,CC-BY-4.0
worldbank_pink_sheet,COFFEE_ROBUS,global,2025-01-01,5.41,$/kg,2026-09-08T08:09:02Z,CC-BY-4.0
worldbank_pink_sheet,COFFEE_ROBUS,global,2025-02-01,5.81,$/kg,2026-09-08T08:09:02Z,CC-BY-4.0
worldbank_pink_sheet,COFFEE_ROBUS,global,2025-03-01,5.69,$/kg,2026-09-08T08:09:02Z,CC-BY-4.0
worldbank_pink_sheet,COFFEE_ROBUS,global,2025-04-01,5.43,$/kg,2026-09-08T08:09:02Z,CC-BY-4.0
worldbank_pink_sheet,COFFEE_ROBUS,global,2025-05-01,5.24,$/kg,2026-09-08T08:09:02Z,CC-BY-4.0
worldbank_pink_sheet,COFFEE_ROBUS,global,2025-06-01,4.33,$/kg,2026-09-08T08:09:02Z,CC-BY-4.0
worldbank_pink_sheet,COFFEE_ROBUS,global,2025-07-01,3.69,$/kg,2026-09-08T08:09:02Z,CC-BY-4.0
worldbank_pink_sheet,COFFEE_ROBUS,global,2025-08-01,4.39,$/kg,2026-09-08T08:09:02Z,CC-BY-4.0
worldbank_pink_sheet,COFFEE_ROBUS,global,2025-09-01,4.66,$/kg,2026-09-08T08:09:02Z,CC-BY-4.0
worldbank_pink_sheet,COFFEE_ROBUS,global,2025-10-01,4.74,$/kg,2026-09-08T08:09:02Z,CC-BY-4.0
worldbank_pink_sheet,COFFEE_ROBUS,global,2025-11-01,4.74,$/kg,2026-09-08T08:09:02Z,CC-BY-4.0
worldbank_pink_sheet,COFFEE_ROBUS,global,2025-12-01,4.2,$/kg,2026-09-08T08:09:02Z,CC-BY-4.0
worldbank_pink_sheet,COFFEE_ROBUS,global,2026-01-01,4.24,$/kg,2026-09-08T08:09:02Z,CC-BY-4.0
worldbank_pink_sheet,COFFEE_ROBUS,global,2026-02-01,3.96,$/kg,2026-09-08T08:09:02Z,CC-BY-4.0
worldbank_pink_sheet,COFFEE_ROBUS,global,2026-03-01,3.9,$/kg,2026-09-08T08:09:02Z,CC-BY-4.0
worldbank_pink_sheet,COFFEE_ROBUS,global,2026-04-01,3.63,$/kg,2026-09-08T08:09:02Z,CC-BY-4.0
worldbank_pink_sheet,COFFEE_ROBUS,global,2026-05-01,3.67,$/kg,2026-09-08T08:09:02Z,CC-BY-4.0
worldbank_pink_sheet,COFFEE_ROBUS,global,2026-06-01,3.73,$/kg,2026-09-08T08:09:02Z,CC-BY-4.0
worldbank_pink_sheet,COFFEE_ROBUS,global,2026-07-01,4.07,$/kg,2026-09-08T08:09:02Z,CC-BY-4.0
worldbank_pink_sheet,COFFEE_ROBUS,global,2026-08-01,3.98,$/kg,2026-09-08T08:09:02Z,CC-BY-4.0
worldbank_pink_sheet,COCOA,global,1960-01-01,0.63,$/kg,2026-09-08T08:09:02Z,CC-BY-4.0
worldbank_pink_sheet,COCOA,global,1960-02-01,0.61,$/kg,2026-09-08T08:09:02Z,CC-BY-4.0
worldbank_pink_sheet,COCOA,global,1960-03-01,0.58,$/kg,2026-09-08T08:09:02Z,CC-BY-4.0
worldbank_pink_sheet,COCOA,global,1960-04-01,0.6,$/kg,2026-09-08T08:09:02Z,CC-BY-4.0
worldbank_pink_sheet,COCOA,global,1960-05-01,0.6,$/kg,2026-09-08T08:09:02Z,CC-BY-4.0
worldbank_pink_sheet,COCOA,global,1960-06-01,0.59,$/kg,2026-09-08T08:09:02Z,CC-BY-4.0
worldbank_pink_sheet,COCOA,global,1960-07-01,0.6,$/kg,2026-09-08T08:09:02Z,CC-BY-4.0
worldbank_pink_sheet,COCOA,global,1960-08-01,0.59,$/kg,2026-09-08T08:09:02Z,CC-BY-4.0
worldbank_pink_sheet,COCOA,global,1960-09-01,0.58,$/kg,2026-09-08T08:09:02Z,CC-BY-4.0
worldbank_pink_sheet,COCOA,global,1960-10-01,0.59,$/kg,2026-09-08T08:09:02Z,CC-BY-4.0
worldbank_pink_sheet,COCOA,global,1960-11-01,0.57,$/kg,2026-09-08T08:09:02Z,CC-BY-4.0
worldbank_pink_sheet,COCOA,global,1960-12-01,0.52,$/kg,2026-09-08T08:09:02Z,CC-BY-4.0
worldbank_pink_sheet,COCOA,global,1961-01-01,0.49,$/kg,2026-09-08T08:09:02Z,CC-BY-4.0
worldbank_pink_sheet,COCOA,global,1961-02-01,0.49,$/kg,2026-09-08T08:09:02Z,CC-BY-4.0
worldbank_pink_sheet,COCOA,global,1961-03-01,0.46,$/kg,2026-09-08T08:09:02Z,CC-BY-4.0
worldbank_pink_sheet,COCOA,global,1961-04-01,0.44,$/kg,2026-09-08T08:09:02Z,CC-BY-4.0
worldbank_pink_sheet,COCOA,global,1961-05-01,0.48,$/kg,2026-09-08T08:09:02Z,CC-BY-4.0
worldbank_pink_sheet,COCOA,global,1961-06-01,0.49,$/kg,2026-09-08T08:09:02Z,CC-BY-4.0
worldbank_pink_sheet,COCOA,global,1961-07-01,0.48,$/kg,2026-09-08T08:09:02Z,CC-BY-4.0
worldbank_pink_sheet,COCOA,global,1961-08-01,0.48,$/kg,2026-09-08T08:09:02Z,CC-BY-4.0
worldbank_pink_sheet,COCOA,global,1961-09-01,0.47,$/kg,2026-09-08T08:09:02Z,CC-BY-4.0
worldbank_pink_sheet,COCOA,global,1961-10-01,0.46,$/kg,2026-09-08T08:09:02Z,CC-BY-4.0
worldbank_pink_sheet,COCOA,global,1961-11-01,0.48,$/kg,2026-09-08T08:09:02Z,CC-BY-4.0
worldbank_pink_sheet,COCOA,global,1961-12-01,0.54,$/kg,2026-09-08T08:09:02Z,CC-BY-4.0
worldbank_pink_sheet,COCOA,global,1962-01-01,0.46,$/kg,2026-09-08T08:09:02Z,CC-BY-4.0
worldbank_pink_sheet,COCOA,global,1962-02-01,0.49,$/kg,2026-09-08T08:09:02Z,CC-BY-4.0
worldbank_pink_sheet,COCOA,global,1962-03-01,0.44,$/kg,2026-09-08T08:09:02Z,CC-BY-4.0
worldbank_pink_sheet,COCOA,global,1962-04-01,0.46,$/kg,2026-09-08T08:09:02Z,CC-BY-4.0
worldbank_pink_sheet,COCOA,global,1962-05-01,0.47,$/kg,2026-09-08T08:09:02Z,CC-BY-4.0
worldbank_pink_sheet,COCOA,global,1962-06-01,0.47,$/kg,2026-09-08T08:09:02Z,CC-BY-4.0
worldbank_pink_sheet,COCOA,global,1962-07-01,0.46,$/kg,2026-09-08T08:09:02Z,CC-BY-4.0
worldbank_pink_sheet,COCOA,global,1962-08-01,0.46,$/kg,2026-09-08T08:09:02Z,CC-BY-4.0
worldbank_pink_sheet,COCOA,global,1962-09-01,0.45,$/kg,2026-09-08T08:09:02Z,CC-BY-4.0
worldbank_pink_sheet,COCOA,global,1962-10-01,0.44,$/kg,2026-09-08T08:09:02Z,CC-BY-4.0
worldbank_pink_sheet,COCOA,global,1962-11-01,0.44,$/kg,2026-09-08T08:09:02Z,CC-BY-4.0
worldbank_pink_sheet,COCOA,global,1962-12-01,0.45,$/kg,2026-09-08T08:09:02Z,CC-BY-4.0
worldbank_pink_sheet,COCOA,global,1963-01-01,0.5,$/kg,2026-09-08T08:09:02Z,CC-BY-4.0
worldbank_pink_sheet,COCOA,global,1963-02-01,0.54,$/kg,2026-09-08T08:09:02Z,CC-BY-4.0
worldbank_pink_sheet,COCOA,global,1963-03-01,0.53,$/kg,2026-09-08T08:09:02Z,CC-BY-4.0
worldbank_pink_sheet,COCOA,global,1963-04-01,0.56,$/kg,2026-09-08T08:09:02Z,CC-BY-4.0
worldbank_pink_sheet,COCOA,global,1963-05-01,0.61,$/kg,2026-09-08T08:09:02Z,CC-BY-4.0
worldbank_pink_sheet,COCOA,global,1963-06-01,0.56,$/kg,2026-09-08T08:09:02Z,CC-BY-4.0
worldbank_pink_sheet,COCOA,global,1963-07-01,0.52,$/kg,2026-09-08T08:09:02Z,CC-BY-4.0
worldbank_pink_sheet,COCOA,global,1963-08-01,0.52,$/kg,2026-09-08T08:09:02Z,CC-BY-4.0
worldbank_pink_sheet,COCOA,global,1963-09-01,0.55,$/kg,2026-09-08T08:09:02Z,CC-BY-4.0
worldbank_pink_sheet,COCOA,global,1963-10-01,0.58,$/kg,2026-09-08T08:09:02Z,CC-BY-4.0
worldbank_pink_sheet,COCOA,global,1963-11-01,0.57,$/kg,2026-09-08T08:09:02Z,CC-BY-4.0
worldbank_pink_sheet,COCOA,global,1963-12-01,0.57,$/kg,2026-09-08T08:09:02Z,CC-BY-4.0
worldbank_pink_sheet,COCOA,global,1964-01-01,0.55,$/kg,2026-09-08T08:09:02Z,CC-BY-4.0
worldbank_pink_sheet,COCOA,global,1964-02-01,0.51,$/kg,2026-09-08T08:09:02Z,CC-BY-4.0
worldbank_pink_sheet,COCOA,global,1964-03-01,0.51,$/kg,2026-09-08T08:09:02Z,CC-BY-4.0
worldbank_pink_sheet,COCOA,global,1964-04-01,0.48,$/kg,2026-09-08T08:09:02Z,CC-BY-4.0
worldbank_pink_sheet,COCOA,global,1964-05-01,0.48,$/kg,2026-09-08T08:09:02Z,CC-BY-4.0
worldbank_pink_sheet,COCOA,global,1964-06-01,0.5,$/kg,2026-09-08T08:09:02Z,CC-BY-4.0
worldbank_pink_sheet,COCOA,global,1964-07-01,0.51,$/kg,2026-09-08T08:09:02Z,CC-BY-4.0
worldbank_pink_sheet,COCOA,global,1964-08-01,0.5,$/kg,2026-09-08T08:09:02Z,CC-BY-4.0
worldbank_pink_sheet,COCOA,global,1964-09-01,0.51,$/kg,2026-09-08T08:09:02Z,CC-BY-4.0
worldbank_pink_sheet,COCOA,global,1964-10-01,0.51,$/kg,2026-09-08T08:09:02Z,CC-BY-4.0
worldbank_pink_sheet,COCOA,global,1964-11-01,0.52,$/kg,2026-09-08T08:09:02Z,CC-BY-4.0
worldbank_pink_sheet,COCOA,global,1964-12-01,0.5,$/kg,2026-09-08T08:09:02Z,CC-BY-4.0
worldbank_pink_sheet,COCOA,global,1965-01-01,0.47,$/kg,2026-09-08T08:09:02Z,CC-BY-4.0
worldbank_pink_sheet,COCOA,global,1965-02-01,0.42,$/kg,2026-09-08T08:09:02Z,CC-BY-4.0
worldbank_pink_sheet,COCOA,global,1965-03-01,0.35,$/kg,2026-09-08T08:09:02Z,CC-BY-4.0
worldbank_pink_sheet,COCOA,global,1965-04-01,0.35,$/kg,2026-09-08T08:09:02Z,CC-BY-4.0
worldbank_pink_sheet,COCOA,global,1965-05-01,0.33,$/kg,2026-09-08T08:09:02Z,CC-BY-4.0
worldbank_pink_sheet,COCOA,global,1965-06-01,0.29,$/kg,2026-09-08T08:09:02Z,CC-BY-4.0
worldbank_pink_sheet,COCOA,global,1965-07-01,0.26,$/kg,2026-09-08T08:09:02Z,CC-BY-4.0
worldbank_pink_sheet,COCOA,global,1965-08-01,0.33,$/kg,2026-09-08T08:09:02Z,CC-BY-4.0
worldbank_pink_sheet,COCOA,global,1965-09-01,0.36,$/kg,2026-09-08T08:09:02Z,CC-BY-4.0
worldbank_pink_sheet,COCOA,global,1965-10-01,0.37,$/kg,2026-09-08T08:09:02Z,CC-BY-4.0
worldbank_pink_sheet,COCOA,global,1965-11-01,0.4,$/kg,2026-09-08T08:09:02Z,CC-BY-4.0
worldbank_pink_sheet,COCOA,global,1965-12-01,0.46,$/kg,2026-09-08T08:09:02Z,CC-BY-4.0
worldbank_pink_sheet,COCOA,global,1966-01-01,0.47,$/kg,2026-09-08T08:09:02Z,CC-BY-4.0
worldbank_pink_sheet,COCOA,global,1966-02-01,0.47,$/kg,2026-09-08T08:09:02Z,CC-BY-4.0
worldbank_pink_sheet,COCOA,global,1966-03-01,0.49,$/kg,2026-09-08T08:09:02Z,CC-BY-4.0
worldbank_pink_sheet,COCOA,global,1966-04-01,0.53,$/kg,2026-09-08T08:09:02Z,CC-BY-4.0
worldbank_pink_sheet,COCOA,global,1966-05-01,0.51,$/kg,2026-09-08T08:09:02Z,CC-BY-4.0
worldbank_pink_sheet,COCOA,global,1966-06-01,0.53,$/kg,2026-09-08T08:09:02Z,CC-BY-4.0
worldbank_pink_sheet,COCOA,global,1966-07-01,0.58,$/kg,2026-09-08T08:09:02Z,CC-BY-4.0
worldbank_pink_sheet,COCOA,global,1966-08-01,0.57,$/kg,2026-09-08T08:09:02Z,CC-BY-4.0
worldbank_pink_sheet,COCOA,global,1966-09-01,0.5,$/kg,2026-09-08T08:09:02Z,CC-BY-4.0
worldbank_pink_sheet,COCOA,global,1966-10-01,0.51,$/kg,2026-09-08T08:09:02Z,CC-BY-4.0
worldbank_pink_sheet,COCOA,global,1966-11-01,0.5,$/kg,2026-09-08T08:09:02Z,CC-BY-4.0
worldbank_pink_sheet,COCOA,global,1966-12-01,0.55,$/kg,2026-09-08T08:09:02Z,CC-BY-4.0
worldbank_pink_sheet,COCOA,global,1967-01-01,0.57,$/kg,2026-09-08T08:09:02Z,CC-BY-4.0
worldbank_pink_sheet,COCOA,global,1967-02-01,0.61,$/kg,2026-09-08T08:09:02Z,CC-BY-4.0
worldbank_pink_sheet,COCOA,global,1967-03-01,0.6,$/kg,2026-09-08T08:09:02Z,CC-BY-4.0
worldbank_pink_sheet,COCOA,global,1967-04-01,0.58,$/kg,2026-09-08T08:09:02Z,CC-BY-4.0
worldbank_pink_sheet,COCOA,global,1967-05-01,0.57,$/kg,2026-09-08T08:09:02Z,CC-BY-4.0
worldbank_pink_sheet,COCOA,global,1967-06-01,0.58,$/kg,2026-09-08T08:09:02Z,CC-BY-4.0
worldbank_pink_sheet,COCOA,global,1967-07-01,0.57,$/kg,2026-09-08T08:09:02Z,CC-BY-4.0
worldbank_pink_sheet,COCOA,global,1967-08-01,0.59,$/kg,2026-09-08T08:09:02Z,CC-BY-4.0
worldbank_pink_sheet,COCOA,global,1967-09-01,0.62,$/kg,2026-09-08T08:09:02Z,CC-BY-4.0
worldbank_pink_sheet,COCOA,global,1967-10-01,0.61,$/kg,2026-09-08T08:09:02Z,CC-BY-4.0
worldbank_pink_sheet,COCOA,global,1967-11-01,0.64,$/kg,2026-09-08T08:09:02Z,CC-BY-4.0
worldbank_pink_sheet,COCOA,global,1967-12-01,0.65,$/kg,2026-09-08T08:09:02Z,CC-BY-4.0
worldbank_pink_sheet,COCOA,global,1968-01-01,0.65,$/kg,2026-09-08T08:09:02Z,CC-BY-4.0
worldbank_pink_sheet,COCOA,global,1968-02-01,0.63,$/kg,2026-09-08T08:09:02Z,CC-BY-4.0
worldbank_pink_sheet,COCOA,global,1968-03-01,0.62,$/kg,2026-09-08T08:09:02Z,CC-BY-4.0
worldbank_pink_sheet,COCOA,global,1968-04-01,0.63,$/kg,2026-09-08T08:09:02Z,CC-BY-4.0
worldbank_pink_sheet,COCOA,global,1968-05-01,0.62,$/kg,2026-09-08T08:09:02Z,CC-BY-4.0
worldbank_pink_sheet,COCOA,global,1968-06-01,0.61,$/kg,2026-09-08T08:09:02Z,CC-BY-4.0
worldbank_pink_sheet,COCOA,global,1968-07-01,0.63,$/kg,2026-09-08T08:09:02Z,CC-BY-4.0
worldbank_pink_sheet,COCOA,global,1968-08-01,0.65,$/kg,2026-09-08T08:09:02Z,CC-BY-4.0
worldbank_pink_sheet,COCOA,global,1968-09-01,0.77,$/kg,2026-09-08T08:09:02Z,CC-BY-4.0
worldbank_pink_sheet,COCOA,global,1968-10-01,0.83,$/kg,2026-09-08T08:09:02Z,CC-BY-4.0
worldbank_pink_sheet,COCOA,global,1968-11-01,0.97,$/kg,2026-09-08T08:09:02Z,CC-BY-4.0
worldbank_pink_sheet,COCOA,global,1968-12-01,1.02,$/kg,2026-09-08T08:09:02Z,CC-BY-4.0
worldbank_pink_sheet,COCOA,global,1969-01-01,0.94,$/kg,2026-09-08T08:09:02Z,CC-BY-4.0
worldbank_pink_sheet,COCOA,global,1969-02-01,0.91,$/kg,2026-09-08T08:09:02Z,CC-BY-4.0
worldbank_pink_sheet,COCOA,global,1969-03-01,0.9,$/kg,2026-09-08T08:09:02Z,CC-BY-4.0
worldbank_pink_sheet,COCOA,global,1969-04-01,0.88,$/kg,2026-09-08T08:09:02Z,CC-BY-4.0
worldbank_pink_sheet,COCOA,global,1969-05-01,0.81,$/kg,2026-09-08T08:09:02Z,CC-BY-4.0
worldbank_pink_sheet,COCOA,global,1969-06-01,0.89,$/kg,2026-09-08T08:09:02Z,CC-BY-4.0
worldbank_pink_sheet,COCOA,global,1969-07-01,0.93,$/kg,2026-09-08T08:09:02Z,CC-BY-4.0
worldbank_pink_sheet,COCOA,global,1969-08-01,0.91,$/kg,2026-09-08T08:09:02Z,CC-BY-4.0
worldbank_pink_sheet,COCOA,global,1969-09-01,0.9,$/kg,2026-09-08T08:09:02Z,CC-BY-4.0
worldbank_pink_sheet,COCOA,global,1969-10-01,0.92,$/kg,2026-09-08T08:09:02Z,CC-BY-4.0
worldbank_pink_sheet,COCOA,global,1969-11-01,0.93,$/kg,2026-09-08T08:09:02Z,CC-BY-4.0
worldbank_pink_sheet,COCOA,global,1969-12-01,0.85,$/kg,2026-09-08T08:09:02Z,CC-BY-4.0
worldbank_pink_sheet,COCOA,global,1970-01-01,0.68,$/kg,2026-09-08T08:09:02Z,CC-BY-4.0
worldbank_pink_sheet,COCOA,global,1970-02-01,0.68,$/kg,2026-09-08T08:09:02Z,CC-BY-4.0
worldbank_pink_sheet,COCOA,global,1970-03-01,0.68,$/kg,2026-09-08T08:09:02Z,CC-BY-4.0
worldbank_pink_sheet,COCOA,global,1970-04-01,0.68,$/kg,2026-09-08T08:09:02Z,CC-BY-4.0
worldbank_pink_sheet,COCOA,global,1970-05-01,0.68,$/kg,2026-09-08T08:09:02Z,CC-BY-4.0
worldbank_pink_sheet,COCOA,global,1970-06-01,0.68,$/kg,2026-09-08T08:09:02Z,CC-BY-4.0
worldbank_pink_sheet,COCOA,global,1970-07-01,0.68,$/kg,2026-09-08T08:09:02Z,CC-BY-4.0
worldbank_pink_sheet,COCOA,global,1970-08-01,0.68,$/kg,2026-09-08T08:09:02Z,CC-BY-4.0
worldbank_pink_sheet,COCOA,global,1970-09-01,0.68,$/kg,2026-09-08T08:09:02Z,CC-BY-4.0
worldbank_pink_sheet,COCOA,global,1970-10-01,0.68,$/kg,2026-09-08T08:09:02Z,CC-BY-4.0
worldbank_pink_sheet,COCOA,global,1970-11-01,0.68,$/kg,2026-09-08T08:09:02Z,CC-BY-4.0
worldbank_pink_sheet,COCOA,global,1970-12-01,0.68,$/kg,2026-09-08T08:09:02Z,CC-BY-4.0
worldbank_pink_sheet,COCOA,global,1971-01-01,0.54,$/kg,2026-09-08T08:09:02Z,CC-BY-4.0
worldbank_pink_sheet,COCOA,global,1971-02-01,0.54,$/kg,2026-09-08T08:09:02Z,CC-BY-4.0
worldbank_pink_sheet,COCOA,global,1971-03-01,0.54,$/kg,2026-09-08T08:09:02Z,CC-BY-4.0
worldbank_pink_sheet,COCOA,global,1971-04-01,0.54,$/kg,2026-09-08T08:09:02Z,CC-BY-4.0
worldbank_pink_sheet,COCOA,global,1971-05-01,0.54,$/kg,2026-09-08T08:09:02Z,CC-BY-4.0
worldbank_pink_sheet,COCOA,global,1971-06-01,0.54,$/kg,2026-09-08T08:09:02Z,CC-BY-4.0
worldbank_pink_sheet,COCOA,global,1971-07-01,0.54,$/kg,2026-09-08T08:09:02Z,CC-BY-4.0
worldbank_pink_sheet,COCOA,global,1971-08-01,0.54,$/kg,2026-09-08T08:09:02Z,CC-BY-4.0
worldbank_pink_sheet,COCOA,global,1971-09-01,0.54,$/kg,2026-09-08T08:09:02Z,CC-BY-4.0
worldbank_pink_sheet,COCOA,global,1971-10-01,0.54,$/kg,2026-09-08T08:09:02Z,CC-BY-4.0
worldbank_pink_sheet,COCOA,global,1971-11-01,0.54,$/kg,2026-09-08T08:09:02Z,CC-BY-4.0
worldbank_pink_sheet,COCOA,global,1971-12-01,0.54,$/kg,2026-09-08T08:09:02Z,CC-BY-4.0
worldbank_pink_sheet,COCOA,global,1972-01-01,0.64,$/kg,2026-09-08T08:09:02Z,CC-BY-4.0
worldbank_pink_sheet,COCOA,global,1972-02-01,0.64,$/kg,2026-09-08T08:09:02Z,CC-BY-4.0
worldbank_pink_sheet,COCOA,global,1972-03-01,0.64,$/kg,2026-09-08T08:09:02Z,CC-BY-4.0
worldbank_pink_sheet,COCOA,global,1972-04-01,0.64,$/kg,2026-09-08T08:09:02Z,CC-BY-4.0
worldbank_pink_sheet,COCOA,global,1972-05-01,0.64,$/kg,2026-09-08T08:09:02Z,CC-BY-4.0
worldbank_pink_sheet,COCOA,global,1972-06-01,0.64,$/kg,2026-09-08T08:09:02Z,CC-BY-4.0
worldbank_pink_sheet,COCOA,global,1972-07-01,0.64,$/kg,2026-09-08T08:09:02Z,CC-BY-4.0
worldbank_pink_sheet,COCOA,global,1972-08-01,0.64,$/kg,2026-09-08T08:09:02Z,CC-BY-4.0
worldbank_pink_sheet,COCOA,global,1972-09-01,0.64,$/kg,2026-09-08T08:09:02Z,CC-BY-4.0
worldbank_pink_sheet,COCOA,global,1972-10-01,0.64,$/kg,2026-09-08T08:09:02Z,CC-BY-4.0
worldbank_pink_sheet,COCOA,global,1972-11-01,0.64,$/kg,2026-09-08T08:09:02Z,CC-BY-4.0
worldbank_pink_sheet,COCOA,global,1972-12-01,0.64,$/kg,2026-09-08T08:09:02Z,CC-BY-4.0
worldbank_pink_sheet,COCOA,global,1973-01-01,1.13,$/kg,2026-09-08T08:09:02Z,CC-BY-4.0
worldbank_pink_sheet,COCOA,global,1973-02-01,1.13,$/kg,2026-09-08T08:09:02Z,CC-BY-4.0
worldbank_pink_sheet,COCOA,global,1973-03-01,1.13,$/kg,2026-09-08T08:09:02Z,CC-BY-4.0
worldbank_pink_sheet,COCOA,global,1973-04-01,1.13,$/kg,2026-09-08T08:09:02Z,CC-BY-4.0
worldbank_pink_sheet,COCOA,global,1973-05-01,1.13,$/kg,2026-09-08T08:09:02Z,CC-BY-4.0
worldbank_pink_sheet,COCOA,global,1973-06-01,1.13,$/kg,2026-09-08T08:09:02Z,CC-BY-4.0
worldbank_pink_sheet,COCOA,global,1973-07-01,1.13,$/kg,2026-09-08T08:09:02Z,CC-BY-4.0
worldbank_pink_sheet,COCOA,global,1973-08-01,1.13,$/kg,2026-09-08T08:09:02Z,CC-BY-4.0
worldbank_pink_sheet,COCOA,global,1973-09-01,1.13,$/kg,2026-09-08T08:09:02Z,CC-BY-4.0
worldbank_pink_sheet,COCOA,global,1973-10-01,1.13,$/kg,2026-09-08T08:09:02Z,CC-BY-4.0
worldbank_pink_sheet,COCOA,global,1973-11-01,1.13,$/kg,2026-09-08T08:09:02Z,CC-BY-4.0
worldbank_pink_sheet,COCOA,global,1973-12-01,1.13,$/kg,2026-09-08T08:09:02Z,CC-BY-4.0
worldbank_pink_sheet,COCOA,global,1974-01-01,1.56,$/kg,2026-09-08T08:09:02Z,CC-BY-4.0
worldbank_pink_sheet,COCOA,global,1974-02-01,1.56,$/kg,2026-09-08T08:09:02Z,CC-BY-4.0
worldbank_pink_sheet,COCOA,global,1974-03-01,1.56,$/kg,2026-09-08T08:09:02Z,CC-BY-4.0
worldbank_pink_sheet,COCOA,global,1974-04-01,1.56,$/kg,2026-09-08T08:09:02Z,CC-BY-4.0
worldbank_pink_sheet,COCOA,global,1974-05-01,1.56,$/kg,2026-09-08T08:09:02Z,CC-BY-4.0
worldbank_pink_sheet,COCOA,global,1974-06-01,1.56,$/kg,2026-09-08T08:09:02Z,CC-BY-4.0
worldbank_pink_sheet,COCOA,global,1974-07-01,1.56,$/kg,2026-09-08T08:09:02Z,CC-BY-4.0
worldbank_pink_sheet,COCOA,global,1974-08-01,1.56,$/kg,2026-09-08T08:09:02Z,CC-BY-4.0
worldbank_pink_sheet,COCOA,global,1974-09-01,1.56,$/kg,2026-09-08T08:09:02Z,CC-BY-4.0
worldbank_pink_sheet,COCOA,global,1974-10-01,1.56,$/kg,2026-09-08T08:09:02Z,CC-BY-4.0
worldbank_pink_sheet,COCOA,global,1974-11-01,1.56,$/kg,2026-09-08T08:09:02Z,CC-BY-4.0
worldbank_pink_sheet,COCOA,global,1974-12-01,1.56,$/kg,2026-09-08T08:09:02Z,CC-BY-4.0
worldbank_pink_sheet,COCOA,global,1975-01-01,1.25,$/kg,2026-09-08T08:09:02Z,CC-BY-4.0
worldbank_pink_sheet,COCOA,global,1975-02-01,1.25,$/kg,2026-09-08T08:09:02Z,CC-BY-4.0
worldbank_pink_sheet,COCOA,global,1975-03-01,1.25,$/kg,2026-09-08T08:09:02Z,CC-BY-4.0
worldbank_pink_sheet,COCOA,global,1975-04-01,1.25,$/kg,2026-09-08T08:09:02Z,CC-BY-4.0
worldbank_pink_sheet,COCOA,global,1975-05-01,1.25,$/kg,2026-09-08T08:09:02Z,CC-BY-4.0
worldbank_pink_sheet,COCOA,global,1975-06-01,1.25,$/kg,2026-09-08T08:09:02Z,CC-BY-4.0
worldbank_pink_sheet,COCOA,global,1975-07-01,1.25,$/kg,2026-09-08T08:09:02Z,CC-BY-4.0
worldbank_pink_sheet,COCOA,global,1975-08-01,1.25,$/kg,2026-09-08T08:09:02Z,CC-BY-4.0
worldbank_pink_sheet,COCOA,global,1975-09-01,1.25,$/kg,2026-09-08T08:09:02Z,CC-BY-4.0
worldbank_pink_sheet,COCOA,global,1975-10-01,1.25,$/kg,2026-09-08T08:09:02Z,CC-BY-4.0
worldbank_pink_sheet,COCOA,global,1975-11-01,1.25,$/kg,2026-09-08T08:09:02Z,CC-BY-4.0
worldbank_pink_sheet,COCOA,global,1975-12-01,1.25,$/kg,2026-09-08T08:09:02Z,CC-BY-4.0
worldbank_pink_sheet,COCOA,global,1976-01-01,1.4,$/kg,2026-09-08T08:09:02Z,CC-BY-4.0
worldbank_pink_sheet,COCOA,global,1976-02-01,1.43,$/kg,2026-09-08T08:09:02Z,CC-BY-4.0
worldbank_pink_sheet,COCOA,global,1976-03-01,1.42,$/kg,2026-09-08T08:09:02Z,CC-BY-4.0
worldbank_pink_sheet,COCOA,global,1976-04-01,1.64,$/kg,2026-09-08T08:09:02Z,CC-BY-4.0
worldbank_pink_sheet,COCOA,global,1976-05-01,1.77,$/kg,2026-09-08T08:09:02Z,CC-BY-4.0
worldbank_pink_sheet,COCOA,global,1976-06-01,1.92,$/kg,2026-09-08T08:09:02Z,CC-BY-4.0
worldbank_pink_sheet,COCOA,global,1976-07-01,1.96,$/kg,2026-09-08T08:09:02Z,CC-BY-4.0
worldbank_pink_sheet,COCOA,global,1976-08-01,2.12,$/kg,2026-09-08T08:09:02Z,CC-BY-4.0
worldbank_pink_sheet,COCOA,global,1976-09-01,2.39,$/kg,2026-09-08T08:09:02Z,CC-BY-4.0
worldbank_pink_sheet,COCOA,global,1976-10-01,2.59,$/kg,2026-09-08T08:09:02Z,CC-BY-4.0
worldbank_pink_sheet,COCOA,global,1976-11-01,2.93,$/kg,2026-09-08T08:09:02Z,CC-BY-4.0
worldbank_pink_sheet,COCOA,global,1976-12-01,2.98,$/kg,2026-09-08T08:09:02Z,CC-BY-4.0
worldbank_pink_sheet,COCOA,global,1977-01-01,3.45,$/kg,2026-09-08T08:09:02Z,CC-BY-4.0
worldbank_pink_sheet,COCOA,global,1977-02-01,3.82,$/kg,2026-09-08T08:09:02Z,CC-BY-4.0
worldbank_pink_sheet,COCOA,global,1977-03-01,4.03,$/kg,2026-09-08T08:09:02Z,CC-BY-4.0
worldbank_pink_sheet,COCOA,global,1977-04-01,3.59,$/kg,2026-09-08T08:09:02Z,CC-BY-4.0
worldbank_pink_sheet,COCOA,global,1977-05-01,3.78,$/kg,2026-09-08T08:09:02Z,CC-BY-4.0
worldbank_pink_sheet,COCOA,global,1977-06-01,4.25,$/kg,2026-09-08T08:09:02Z,CC-BY-4.0
worldbank_pink_sheet,COCOA,global,1977-07-01,4.36,$/kg,2026-09-08T08:09:02Z,CC-BY-4.0
worldbank_pink_sheet,COCOA,global,1977-08-01,3.97,$/kg,2026-09-08T08:09:02Z,CC-BY-4.0
worldbank_pink_sheet,COCOA,global,1977-09-01,3.85,$/kg,2026-09-08T08:09:02Z,CC-BY-4.0
worldbank_pink_sheet,COCOA,global,1977-10-01,3.69,$/kg,2026-09-08T08:09:02Z,CC-BY-4.0
worldbank_pink_sheet,COCOA,global,1977-11-01,3.48,$/kg,2026-09-08T08:09:02Z,CC-BY-4.0
worldbank_pink_sheet,COCOA,global,1977-12-01,3.19,$/kg,2026-09-08T08:09:02Z,CC-BY-4.0
worldbank_pink_sheet,COCOA,global,1978-01-01,2.98,$/kg,2026-09-08T08:09:02Z,CC-BY-4.0
worldbank_pink_sheet,COCOA,global,1978-02-01,2.83,$/kg,2026-09-08T08:09:02Z,CC-BY-4.0
worldbank_pink_sheet,COCOA,global,1978-03-01,3.38,$/kg,2026-09-08T08:09:02Z,CC-BY-4.0
worldbank_pink_sheet,COCOA,global,1978-04-01,3.44,$/kg,2026-09-08T08:09:02Z,CC-BY-4.0
worldbank_pink_sheet,COCOA,global,1978-05-01,3.14,$/kg,2026-09-08T08:09:02Z,CC-BY-4.0
worldbank_pink_sheet,COCOA,global,1978-06-01,2.99,$/kg,2026-09-08T08:09:02Z,CC-BY-4.0
worldbank_pink_sheet,COCOA,global,1978-07-01,3.16,$/kg,2026-09-08T08:09:02Z,CC-BY-4.0
worldbank_pink_sheet,COCOA,global,1978-08-01,3.36,$/kg,2026-09-08T08:09:02Z,CC-BY-4.0
worldbank_pink_sheet,COCOA,global,1978-09-01,3.75,$/kg,2026-09-08T08:09:02Z,CC-BY-4.0
worldbank_pink_sheet,COCOA,global,1978-10-01,3.83,$/kg,2026-09-08T08:09:02Z,CC-BY-4.0
worldbank_pink_sheet,COCOA,global,1978-11-01,4.03,$/kg,2026-09-08T08:09:02Z,CC-BY-4.0
worldbank_pink_sheet,COCOA,global,1978-12-01,3.95,$/kg,2026-09-08T08:09:02Z,CC-BY-4.0
worldbank_pink_sheet,COCOA,global,1979-01-01,3.66,$/kg,2026-09-08T08:09:02Z,CC-BY-4.0
worldbank_pink_sheet,COCOA,global,1979-02-01,3.5,$/kg,2026-09-08T08:09:02Z,CC-BY-4.0
worldbank_pink_sheet,COCOA,global,1979-03-01,3.4,$/kg,2026-09-08T08:09:02Z,CC-BY-4.0
worldbank_pink_sheet,COCOA,global,1979-04-01,3.25,$/kg,2026-09-08T08:09:02Z,CC-BY-4.0
worldbank_pink_sheet,COCOA,global,1979-05-01,3.36,$/kg,2026-09-08T08:09:02Z,CC-BY-4.0
worldbank_pink_sheet,COCOA,global,1979-06-01,3.48,$/kg,2026-09-08T08:09:02Z,CC-BY-4.0
worldbank_pink_sheet,COCOA,global,1979-07-01,3.25,$/kg,2026-09-08T08:09:02Z,CC-BY-4.0
worldbank_pink_sheet,COCOA,global,1979-08-01,3.14,$/kg,2026-09-08T08:09:02Z,CC-BY-4.0
worldbank_pink_sheet,COCOA,global,1979-09-01,3.22,$/kg,2026-09-08T08:09:02Z,CC-BY-4.0
worldbank_pink_sheet,COCOA,global,1979-10-01,3.06,$/kg,2026-09-08T08:09:02Z,CC-BY-4.0
worldbank_pink_sheet,COCOA,global,1979-11-01,3.02,$/kg,2026-09-08T08:09:02Z,CC-BY-4.0
worldbank_pink_sheet,COCOA,global,1979-12-01,3.19,$/kg,2026-09-08T08:09:02Z,CC-BY-4.0
worldbank_pink_sheet,COCOA,global,1980-01-01,3.17,$/kg,2026-09-08T08:09:02Z,CC-BY-4.0
worldbank_pink_sheet,COCOA,global,1980-02-01,3.24,$/kg,2026-09-08T08:09:02Z,CC-BY-4.0
worldbank_pink_sheet,COCOA,global,1980-03-01,3.09,$/kg,2026-09-08T08:09:02Z,CC-BY-4.0
worldbank_pink_sheet,COCOA,global,1980-04-01,2.91,$/kg,2026-09-08T08:09:02Z,CC-BY-4.0
worldbank_pink_sheet,COCOA,global,1980-05-01,2.59,$/kg,2026-09-08T08:09:02Z,CC-BY-4.0
worldbank_pink_sheet,COCOA,global,1980-06-01,2.5,$/kg,2026-09-08T08:09:02Z,CC-BY-4.0
worldbank_pink_sheet,COCOA,global,1980-07-01,2.46,$/kg,2026-09-08T08:09:02Z,CC-BY-4.0
worldbank_pink_sheet,COCOA,global,1980-08-01,2.31,$/kg,2026-09-08T08:09:02Z,CC-BY-4.0
worldbank_pink_sheet,COCOA,global,1980-09-01,2.39,$/kg,2026-09-08T08:09:02Z,CC-BY-4.0
worldbank_pink_sheet,COCOA,global,1980-10-01,2.31,$/kg,2026-09-08T08:09:02Z,CC-BY-4.0
worldbank_pink_sheet,COCOA,global,1980-11-01,2.17,$/kg,2026-09-08T08:09:02Z,CC-BY-4.0
worldbank_pink_sheet,COCOA,global,1980-12-01,2.11,$/kg,2026-09-08T08:09:02Z,CC-BY-4.0
worldbank_pink_sheet,COCOA,global,1981-01-01,2.09,$/kg,2026-09-08T08:09:02Z,CC-BY-4.0
worldbank_pink_sheet,COCOA,global,1981-02-01,2.04,$/kg,2026-09-08T08:09:02Z,CC-BY-4.0
worldbank_pink_sheet,COCOA,global,1981-03-01,2.12,$/kg,2026-09-08T08:09:02Z,CC-BY-4.0
worldbank_pink_sheet,COCOA,global,1981-04-01,2.11,$/kg,2026-09-08T08:09:02Z,CC-BY-4.0
worldbank_pink_sheet,COCOA,global,1981-05-01,1.93,$/kg,2026-09-08T08:09:02Z,CC-BY-4.0
worldbank_pink_sheet,COCOA,global,1981-06-01,1.66,$/kg,2026-09-08T08:09:02Z,CC-BY-4.0
worldbank_pink_sheet,COCOA,global,1981-07-01,2.05,$/kg,2026-09-08T08:09:02Z,CC-BY-4.0
worldbank_pink_sheet,COCOA,global,1981-08-01,2.25,$/kg,2026-09-08T08:09:02Z,CC-BY-4.0
worldbank_pink_sheet,COCOA,global,1981-09-01,2.36,$/kg,2026-09-08T08:09:02Z,CC-BY-4.0
worldbank_pink_sheet,COCOA,global,1981-10-01,2.17,$/kg,2026-09-08T08:09:02Z,CC-BY-4.0
worldbank_pink_sheet,COCOA,global,1981-11-01,2.06,$/kg,2026-09-08T08:09:02Z,CC-BY-4.0
worldbank_pink_sheet,COCOA,global,1981-12-01,2.11,$/kg,2026-09-08T08:09:02Z,CC-BY-4.0
worldbank_pink_sheet,COCOA,global,1982-01-01,2.19,$/kg,2026-09-08T08:09:02Z,CC-BY-4.0
worldbank_pink_sheet,COCOA,global,1982-02-01,2.09,$/kg,2026-09-08T08:09:02Z,CC-BY-4.0
worldbank_pink_sheet,COCOA,global,1982-03-01,1.95,$/kg,2026-09-08T08:09:02Z,CC-BY-4.0
worldbank_pink_sheet,COCOA,global,1982-04-01,1.74,$/kg,2026-09-08T08:09:02Z,CC-BY-4.0
worldbank_pink_sheet,COCOA,global,1982-05-01,1.72,$/kg,2026-09-08T08:09:02Z,CC-BY-4.0
worldbank_pink_sheet,COCOA,global,1982-06-01,1.55,$/kg,2026-09-08T08:09:02Z,CC-BY-4.0
worldbank_pink_sheet,COCOA,global,1982-07-01,1.56,$/kg,2026-09-08T08:09:02Z,CC-BY-4.0
worldbank_pink_sheet,COCOA,global,1982-08-01,1.55,$/kg,2026-09-08T08:09:02Z,CC-BY-4.0
worldbank_pink_sheet,COCOA,global,1982-09-01,1.69,$/kg,2026-09-08T08:09:02Z,CC-BY-4.0
worldbank_pink_sheet,COCOA,global,1982-10-01,1.63,$/kg,2026-09-08T08:09:02Z,CC-BY-4.0
worldbank_pink_sheet,COCOA,global,1982-11-01,1.54,$/kg,2026-09-08T08:09:02Z,CC-BY-4.0
worldbank_pink_sheet,COCOA,global,1982-12-01,1.63,$/kg,2026-09-08T08:09:02Z,CC-BY-4.0
worldbank_pink_sheet,COCOA,global,1983-01-01,1.78,$/kg,2026-09-08T08:09:02Z,CC-BY-4.0
worldbank_pink_sheet,COCOA,global,1983-02-01,1.94,$/kg,2026-09-08T08:09:02Z,CC-BY-4.0
worldbank_pink_sheet,COCOA,global,1983-03-01,1.87,$/kg,2026-09-08T08:09:02Z,CC-BY-4.0
worldbank_pink_sheet,COCOA,global,1983-04-01,1.88,$/kg,2026-09-08T08:09:02Z,CC-BY-4.0
worldbank_pink_sheet,COCOA,global,1983-05-01,2.07,$/kg,2026-09-08T08:09:02Z,CC-BY-4.0
worldbank_pink_sheet,COCOA,global,1983-06-01,2.3,$/kg,2026-09-08T08:09:02Z,CC-BY-4.0
worldbank_pink_sheet,COCOA,global,1983-07-01,2.3,$/kg,2026-09-08T08:09:02Z,CC-BY-4.0
worldbank_pink_sheet,COCOA,global,1983-08-01,2.3,$/kg,2026-09-08T08:09:02Z,CC-BY-4.0
worldbank_pink_sheet,COCOA,global,1983-09-01,2.15,$/kg,2026-09-08T08:09:02Z,CC-BY-4.0
worldbank_pink_sheet,COCOA,global,1983-10-01,2.1,$/kg,2026-09-08T08:09:02Z,CC-BY-4.0
worldbank_pink_sheet,COCOA,global,1983-11-01,2.22,$/kg,2026-09-08T08:09:02Z,CC-BY-4.0
worldbank_pink_sheet,COCOA,global,1983-12-01,2.54,$/kg,2026-09-08T08:09:02Z,CC-BY-4.0
worldbank_pink_sheet,COCOA,global,1984-01-01,2.62,$/kg,2026-09-08T08:09:02Z,CC-BY-4.0
worldbank_pink_sheet,COCOA,global,1984-02-01,2.5,$/kg,2026-09-08T08:09:02Z,CC-BY-4.0
worldbank_pink_sheet,COCOA,global,1984-03-01,2.53,$/kg,2026-09-08T08:09:02Z,CC-BY-4.0
worldbank_pink_sheet,COCOA,global,1984-04-01,2.54,$/kg,2026-09-08T08:09:02Z,CC-BY-4.0
worldbank_pink_sheet,COCOA,global,1984-05-01,2.68,$/kg,2026-09-08T08:09:02Z,CC-BY-4.0
worldbank_pink_sheet,COCOA,global,1984-06-01,2.49,$/kg,2026-09-08T08:09:02Z,CC-BY-4.0
worldbank_pink_sheet,COCOA,global,1984-07-01,2.21,$/kg,2026-09-08T08:09:02Z,CC-BY-4.0
worldbank_pink_sheet,COCOA,global,1984-08-01,2.21,$/kg,2026-09-08T08:09:02Z,CC-BY-4.0
worldbank_pink_sheet,COCOA,global,1984-09-01,2.31,$/kg,2026-09-08T08:09:02Z,CC-BY-4.0
worldbank_pink_sheet,COCOA,global,1984-10-01,2.26,$/kg,2026-09-08T08:09:02Z,CC-BY-4.0
worldbank_pink_sheet,COCOA,global,1984-11-01,2.26,$/kg,2026-09-08T08:09:02Z,CC-BY-4.0
worldbank_pink_sheet,COCOA,global,1984-12-01,2.14,$/kg,2026-09-08T08:09:02Z,CC-BY-4.0
worldbank_pink_sheet,COCOA,global,1985-01-01,2.22,$/kg,2026-09-08T08:09:02Z,CC-BY-4.0
worldbank_pink_sheet,COCOA,global,1985-02-01,2.27,$/kg,2026-09-08T08:09:02Z,CC-BY-4.0
worldbank_pink_sheet,COCOA,global,1985-03-01,2.23,$/kg,2026-09-08T08:09:02Z,CC-BY-4.0
worldbank_pink_sheet,COCOA,global,1985-04-01,2.24,$/kg,2026-09-08T08:09:02Z,CC-BY-4.0
worldbank_pink_sheet,COCOA,global,1985-05-01,2.13,$/kg,2026-09-08T08:09:02Z,CC-BY-4.0
worldbank_pink_sheet,COCOA,global,1985-06-01,2.09,$/kg,2026-09-08T08:09:02Z,CC-BY-4.0
worldbank_pink_sheet,COCOA,global,1985-07-01,2.21,$/kg,2026-09-08T08:09:02Z,CC-BY-4.0
worldbank_pink_sheet,COCOA,global,1985-08-01,2.27,$/kg,2026-09-08T08:09:02Z,CC-BY-4.0
worldbank_pink_sheet,COCOA,global,1985-09-01,2.35,$/kg,2026-09-08T08:09:02Z,CC-BY-4.0
worldbank_pink_sheet,COCOA,global,1985-10-01,2.36,$/kg,2026-09-08T08:09:02Z,CC-BY-4.0
worldbank_pink_sheet,COCOA,global,1985-11-01,2.3,$/kg,2026-09-08T08:09:02Z,CC-BY-4.0
worldbank_pink_sheet,COCOA,global,1985-12-01,2.38,$/kg,2026-09-08T08:09:02Z,CC-BY-4.0
worldbank_pink_sheet,COCOA,global,1986-01-01,2.32,$/kg,2026-09-08T08:09:02Z,CC-BY-4.0
worldbank_pink_sheet,COCOA,global,1986-02-01,2.23,$/kg,2026-09-08T08:09:02Z,CC-BY-4.0
worldbank_pink_sheet,COCOA,global,1986-03-01,2.11,$/kg,2026-09-08T08:09:02Z,CC-BY-4.0
worldbank_pink_sheet,COCOA,global,1986-04-01,1.99,$/kg,2026-09-08T08:09:02Z,CC-BY-4.0
worldbank_pink_sheet,COCOA,global,1986-05-01,1.91,$/kg,2026-09-08T08:09:02Z,CC-BY-4.0
worldbank_pink_sheet,COCOA,global,1986-06-01,1.91,$/kg,2026-09-08T08:09:02Z,CC-BY-4.0
worldbank_pink_sheet,COCOA,global,1986-07-01,2.02,$/kg,2026-09-08T08:09:02Z,CC-BY-4.0
worldbank_pink_sheet,COCOA,global,1986-08-01,2.07,$/kg,2026-09-08T08:09:02Z,CC-BY-4.0
worldbank_pink_sheet,COCOA,global,1986-09-01,2.21,$/kg,2026-09-08T08:09:02Z,CC-BY-4.0
worldbank_pink_sheet,COCOA,global,1986-10-01,2.07,$/kg,2026-09-08T08:09:02Z,CC-BY-4.0
worldbank_pink_sheet,COCOA,global,1986-11-01,2.02,$/kg,2026-09-08T08:09:02Z,CC-BY-4.0
worldbank_pink_sheet,COCOA,global,1986-12-01,1.98,$/kg,2026-09-08T08:09:02Z,CC-BY-4.0
worldbank_pink_sheet,COCOA,global,1987-01-01,1.97,$/kg,2026-09-08T08:09:02Z,CC-BY-4.0
worldbank_pink_sheet,COCOA,global,1987-02-01,1.96,$/kg,2026-09-08T08:09:02Z,CC-BY-4.0
worldbank_pink_sheet,COCOA,global,1987-03-01,2.01,$/kg,2026-09-08T08:09:02Z,CC-BY-4.0
worldbank_pink_sheet,COCOA,global,1987-04-01,2.07,$/kg,2026-09-08T08:09:02Z,CC-BY-4.0
worldbank_pink_sheet,COCOA,global,1987-05-01,2.07,$/kg,2026-09-08T08:09:02Z,CC-BY-4.0
worldbank_pink_sheet,COCOA,global,1987-06-01,2.0,$/kg,2026-09-08T08:09:02Z,CC-BY-4.0
worldbank_pink_sheet,COCOA,global,1987-07-01,2.12,$/kg,2026-09-08T08:09:02Z,CC-BY-4.0
worldbank_pink_sheet,COCOA,global,1987-08-01,2.02,$/kg,2026-09-08T08:09:02Z,CC-BY-4.0
worldbank_pink_sheet,COCOA,global,1987-09-01,1.99,$/kg,2026-09-08T08:09:02Z,CC-BY-4.0
worldbank_pink_sheet,COCOA,global,1987-10-01,1.91,$/kg,2026-09-08T08:09:02Z,CC-BY-4.0
worldbank_pink_sheet,COCOA,global,1987-11-01,1.93,$/kg,2026-09-08T08:09:02Z,CC-BY-4.0
worldbank_pink_sheet,COCOA,global,1987-12-01,1.9,$/kg,2026-09-08T08:09:02Z,CC-BY-4.0
worldbank_pink_sheet,COCOA,global,1988-01-01,1.97,$/kg,2026-09-08T08:09:02Z,CC-BY-4.0
worldbank_pink_sheet,COCOA,global,1988-02-01,1.8,$/kg,2026-09-08T08:09:02Z,CC-BY-4.0
worldbank_pink_sheet,COCOA,global,1988-03-01,1.69,$/kg,2026-09-08T08:09:02Z,CC-BY-4.0
worldbank_pink_sheet,COCOA,global,1988-04-01,1.65,$/kg,2026-09-08T08:09:02Z,CC-BY-4.0
worldbank_pink_sheet,COCOA,global,1988-05-01,1.71,$/kg,2026-09-08T08:09:02Z,CC-BY-4.0
worldbank_pink_sheet,COCOA,global,1988-06-01,1.62,$/kg,2026-09-08T08:09:02Z,CC-BY-4.0
worldbank_pink_sheet,COCOA,global,1988-07-01,1.61,$/kg,2026-09-08T08:09:02Z,CC-BY-4.0
worldbank_pink_sheet,COCOA,global,1988-08-01,1.45,$/kg,2026-09-08T08:09:02Z,CC-BY-4.0
worldbank_pink_sheet,COCOA,global,1988-09-01,1.24,$/kg,2026-09-08T08:09:02Z,CC-BY-4.0
worldbank_pink_sheet,COCOA,global,1988-10-01,1.3,$/kg,2026-09-08T08:09:02Z,CC-BY-4.0
worldbank_pink_sheet,COCOA,global,1988-11-01,1.47,$/kg,2026-09-08T08:09:02Z,CC-BY-4.0
worldbank_pink_sheet,COCOA,global,1988-12-01,1.5,$/kg,2026-09-08T08:09:02Z,CC-BY-4.0
worldbank_pink_sheet,COCOA,global,1989-01-01,1.43,$/kg,2026-09-08T08:09:02Z,CC-BY-4.0
worldbank_pink_sheet,COCOA,global,1989-02-01,1.48,$/kg,2026-09-08T08:09:02Z,CC-BY-4.0
worldbank_pink_sheet,COCOA,global,1989-03-01,1.41,$/kg,2026-09-08T08:09:02Z,CC-BY-4.0
worldbank_pink_sheet,COCOA,global,1989-04-01,1.29,$/kg,2026-09-08T08:09:02Z,CC-BY-4.0
worldbank_pink_sheet,COCOA,global,1989-05-01,1.21,$/kg,2026-09-08T08:09:02Z,CC-BY-4.0
worldbank_pink_sheet,COCOA,global,1989-06-01,1.25,$/kg,2026-09-08T08:09:02Z,CC-BY-4.0
worldbank_pink_sheet,COCOA,global,1989-07-01,1.35,$/kg,2026-09-08T08:09:02Z,CC-BY-4.0
worldbank_pink_sheet,COCOA,global,1989-08-01,1.29,$/kg,2026-09-08T08:09:02Z,CC-BY-4.0
worldbank_pink_sheet,COCOA,global,1989-09-01,1.14,$/kg,2026-09-08T08:09:02Z,CC-BY-4.0
worldbank_pink_sheet,COCOA,global,1989-10-01,1.06,$/kg,2026-09-08T08:09:02Z,CC-BY-4.0
worldbank_pink_sheet,COCOA,global,1989-11-01,1.01,$/kg,2026-09-08T08:09:02Z,CC-BY-4.0
worldbank_pink_sheet,COCOA,global,1989-12-01,0.97,$/kg,2026-09-08T08:09:02Z,CC-BY-4.0
worldbank_pink_sheet,COCOA,global,1990-01-01,0.99,$/kg,2026-09-08T08:09:02Z,CC-BY-4.0
worldbank_pink_sheet,COCOA,global,1990-02-01,1.03,$/kg,2026-09-08T08:09:02Z,CC-BY-4.0
worldbank_pink_sheet,COCOA,global,1990-03-01,1.13,$/kg,2026-09-08T08:09:02Z,CC-BY-4.0
worldbank_pink_sheet,COCOA,global,1990-04-01,1.33,$/kg,2026-09-08T08:09:02Z,CC-BY-4.0
worldbank_pink_sheet,COCOA,global,1990-05-01,1.44,$/kg,2026-09-08T08:09:02Z,CC-BY-4.0
worldbank_pink_sheet,COCOA,global,1990-06-01,1.32,$/kg,2026-09-08T08:09:02Z,CC-BY-4.0
worldbank_pink_sheet,COCOA,global,1990-07-01,1.35,$/kg,2026-09-08T08:09:02Z,CC-BY-4.0
worldbank_pink_sheet,COCOA,global,1990-08-01,1.29,$/kg,2026-09-08T08:09:02Z,CC-BY-4.0
worldbank_pink_sheet,COCOA,global,1990-09-01,1.37,$/kg,2026-09-08T08:09:02Z,CC-BY-4.0
worldbank_pink_sheet,COCOA,global,1990-10-01,1.31,$/kg,2026-09-08T08:09:02Z,CC-BY-4.0
worldbank_pink_sheet,COCOA,global,1990-11-01,1.35,$/kg,2026-09-08T08:09:02Z,CC-BY-4.0
worldbank_pink_sheet,COCOA,global,1990-12-01,1.3,$/kg,2026-09-08T08:09:02Z,CC-BY-4.0
worldbank_pink_sheet,COCOA,global,1991-01-01,1.24,$/kg,2026-09-08T08:09:02Z,CC-BY-4.0
worldbank_pink_sheet,COCOA,global,1991-02-01,1.21,$/kg,2026-09-08T08:09:02Z,CC-BY-4.0
worldbank_pink_sheet,COCOA,global,1991-03-01,1.21,$/kg,2026-09-08T08:09:02Z,CC-BY-4.0
worldbank_pink_sheet,COCOA,global,1991-04-01,1.15,$/kg,2026-09-08T08:09:02Z,CC-BY-4.0
worldbank_pink_sheet,COCOA,global,1991-05-01,1.06,$/kg,2026-09-08T08:09:02Z,CC-BY-4.0
worldbank_pink_sheet,COCOA,global,1991-06-01,1.04,$/kg,2026-09-08T08:09:02Z,CC-BY-4.0
worldbank_pink_sheet,COCOA,global,1991-07-01,1.03,$/kg,2026-09-08T08:09:02Z,CC-BY-4.0
worldbank_pink_sheet,COCOA,global,1991-08-01,1.14,$/kg,2026-09-08T08:09:02Z,CC-BY-4.0
worldbank_pink_sheet,COCOA,global,1991-09-01,1.27,$/kg,2026-09-08T08:09:02Z,CC-BY-4.0
worldbank_pink_sheet,COCOA,global,1991-10-01,1.3,$/kg,2026-09-08T08:09:02Z,CC-BY-4.0
worldbank_pink_sheet,COCOA,global,1991-11-01,1.31,$/kg,2026-09-08T08:09:02Z,CC-BY-4.0
worldbank_pink_sheet,COCOA,global,1991-12-01,1.37,$/kg,2026-09-08T08:09:02Z,CC-BY-4.0
worldbank_pink_sheet,COCOA,global,1992-01-01,1.28,$/kg,2026-09-08T08:09:02Z,CC-BY-4.0
worldbank_pink_sheet,COCOA,global,1992-02-01,1.19,$/kg,2026-09-08T08:09:02Z,CC-BY-4.0
worldbank_pink_sheet,COCOA,global,1992-03-01,1.13,$/kg,2026-09-08T08:09:02Z,CC-BY-4.0
worldbank_pink_sheet,COCOA,global,1992-04-01,1.04,$/kg,2026-09-08T08:09:02Z,CC-BY-4.0
worldbank_pink_sheet,COCOA,global,1992-05-01,0.99,$/kg,2026-09-08T08:09:02Z,CC-BY-4.0
worldbank_pink_sheet,COCOA,global,1992-06-01,0.97,$/kg,2026-09-08T08:09:02Z,CC-BY-4.0
worldbank_pink_sheet,COCOA,global,1992-07-01,1.1,$/kg,2026-09-08T08:09:02Z,CC-BY-4.0
worldbank_pink_sheet,COCOA,global,1992-08-01,1.18,$/kg,2026-09-08T08:09:02Z,CC-BY-4.0
worldbank_pink_sheet,COCOA,global,1992-09-01,1.13,$/kg,2026-09-08T08:09:02Z,CC-BY-4.0
worldbank_pink_sheet,COCOA,global,1992-10-01,1.07,$/kg,2026-09-08T08:09:02Z,CC-BY-4.0
worldbank_pink_sheet,COCOA,global,1992-11-01,1.08,$/kg,2026-09-08T08:09:02Z,CC-BY-4.0
worldbank_pink_sheet,COCOA,global,1992-12-01,1.03,$/kg,2026-09-08T08:09:02Z,CC-BY-4.0
worldbank_pink_sheet,COCOA,global,1993-01-01,1.04,$/kg,2026-09-08T08:09:02Z,CC-BY-4.0
worldbank_pink_sheet,COCOA,global,1993-02-01,1.0,$/kg,2026-09-08T08:09:02Z,CC-BY-4.0
worldbank_pink_sheet,COCOA,global,1993-03-01,0.98,$/kg,2026-09-08T08:09:02Z,CC-BY-4.0
worldbank_pink_sheet,COCOA,global,1993-04-01,1.01,$/kg,2026-09-08T08:09:02Z,CC-BY-4.0
worldbank_pink_sheet,COCOA,global,1993-05-01,1.0,$/kg,2026-09-08T08:09:02Z,CC-BY-4.0
worldbank_pink_sheet,COCOA,global,1993-06-01,0.99,$/kg,2026-09-08T08:09:02Z,CC-BY-4.0
worldbank_pink_sheet,COCOA,global,1993-07-01,1.06,$/kg,2026-09-08T08:09:02Z,CC-BY-4.0
worldbank_pink_sheet,COCOA,global,1993-08-01,1.1,$/kg,2026-09-08T08:09:02Z,CC-BY-4.0
worldbank_pink_sheet,COCOA,global,1993-09-01,1.27,$/kg,2026-09-08T08:09:02Z,CC-BY-4.0
worldbank_pink_sheet,COCOA,global,1993-10-01,1.29,$/kg,2026-09-08T08:09:02Z,CC-BY-4.0
worldbank_pink_sheet,COCOA,global,1993-11-01,1.32,$/kg,2026-09-08T08:09:02Z,CC-BY-4.0
worldbank_pink_sheet,COCOA,global,1993-12-01,1.36,$/kg,2026-09-08T08:09:02Z,CC-BY-4.0
worldbank_pink_sheet,COCOA,global,1994-01-01,1.26,$/kg,2026-09-08T08:09:02Z,CC-BY-4.0
worldbank_pink_sheet,COCOA,global,1994-02-01,1.23,$/kg,2026-09-08T08:09:02Z,CC-BY-4.0
worldbank_pink_sheet,COCOA,global,1994-03-01,1.31,$/kg,2026-09-08T08:09:02Z,CC-BY-4.0
worldbank_pink_sheet,COCOA,global,1994-04-01,1.24,$/kg,2026-09-08T08:09:02Z,CC-BY-4.0
worldbank_pink_sheet,COCOA,global,1994-05-01,1.38,$/kg,2026-09-08T08:09:02Z,CC-BY-4.0
worldbank_pink_sheet,COCOA,global,1994-06-01,1.46,$/kg,2026-09-08T08:09:02Z,CC-BY-4.0
worldbank_pink_sheet,COCOA,global,1994-07-01,1.55,$/kg,2026-09-08T08:09:02Z,CC-BY-4.0
worldbank_pink_sheet,COCOA,global,1994-08-01,1.55,$/kg,2026-09-08T08:09:02Z,CC-BY-4.0
worldbank_pink_sheet,COCOA,global,1994-09-01,1.49,$/kg,2026-09-08T08:09:02Z,CC-BY-4.0
worldbank_pink_sheet,COCOA,global,1994-10-01,1.45,$/kg,2026-09-08T08:09:02Z,CC-BY-4.0
worldbank_pink_sheet,COCOA,global,1994-11-01,1.44,$/kg,2026-09-08T08:09:02Z,CC-BY-4.0
worldbank_pink_sheet,COCOA,global,1994-12-01,1.4,$/kg,2026-09-08T08:09:02Z,CC-BY-4.0
worldbank_pink_sheet,COCOA,global,1995-01-01,1.47,$/kg,2026-09-08T08:09:02Z,CC-BY-4.0
worldbank_pink_sheet,COCOA,global,1995-02-01,1.51,$/kg,2026-09-08T08:09:02Z,CC-BY-4.0
worldbank_pink_sheet,COCOA,global,1995-03-01,1.49,$/kg,2026-09-08T08:09:02Z,CC-BY-4.0
worldbank_pink_sheet,COCOA,global,1995-04-01,1.46,$/kg,2026-09-08T08:09:02Z,CC-BY-4.0
worldbank_pink_sheet,COCOA,global,1995-05-01,1.45,$/kg,2026-09-08T08:09:02Z,CC-BY-4.0
worldbank_pink_sheet,COCOA,global,1995-06-01,1.44,$/kg,2026-09-08T08:09:02Z,CC-BY-4.0
worldbank_pink_sheet,COCOA,global,1995-07-01,1.36,$/kg,2026-09-08T08:09:02Z,CC-BY-4.0
worldbank_pink_sheet,COCOA,global,1995-08-01,1.41,$/kg,2026-09-08T08:09:02Z,CC-BY-4.0
worldbank_pink_sheet,COCOA,global,1995-09-01,1.4,$/kg,2026-09-08T08:09:02Z,CC-BY-4.0
worldbank_pink_sheet,COCOA,global,1995-10-01,1.39,$/kg,2026-09-08T08:09:02Z,CC-BY-4.0
worldbank_pink_sheet,COCOA,global,1995-11-01,1.44,$/kg,2026-09-08T08:09:02Z,CC-BY-4.0
worldbank_pink_sheet,COCOA,global,1995-12-01,1.38,$/kg,2026-09-08T08:09:02Z,CC-BY-4.0
worldbank_pink_sheet,COCOA,global,1996-01-01,1.35,$/kg,2026-09-08T08:09:02Z,CC-BY-4.0
worldbank_pink_sheet,COCOA,global,1996-02-01,1.37,$/kg,2026-09-08T08:09:02Z,CC-BY-4.0
worldbank_pink_sheet,COCOA,global,1996-03-01,1.34,$/kg,2026-09-08T08:09:02Z,CC-BY-4.0
worldbank_pink_sheet,COCOA,global,1996-04-01,1.46,$/kg,2026-09-08T08:09:02Z,CC-BY-4.0
worldbank_pink_sheet,COCOA,global,1996-05-01,1.52,$/kg,2026-09-08T08:09:02Z,CC-BY-4.0
worldbank_pink_sheet,COCOA,global,1996-06-01,1.54,$/kg,2026-09-08T08:09:02Z,CC-BY-4.0
worldbank_pink_sheet,COCOA,global,1996-07-01,1.5,$/kg,2026-09-08T08:09:02Z,CC-BY-4.0
worldbank_pink_sheet,COCOA,global,1996-08-01,1.5,$/kg,2026-09-08T08:09:02Z,CC-BY-4.0
worldbank_pink_sheet,COCOA,global,1996-09-01,1.48,$/kg,2026-09-08T08:09:02Z,CC-BY-4.0
worldbank_pink_sheet,COCOA,global,1996-10-01,1.48,$/kg,2026-09-08T08:09:02Z,CC-BY-4.0
worldbank_pink_sheet,COCOA,global,1996-11-01,1.47,$/kg,2026-09-08T08:09:02Z,CC-BY-4.0
worldbank_pink_sheet,COCOA,global,1996-12-01,1.47,$/kg,2026-09-08T08:09:02Z,CC-BY-4.0
worldbank_pink_sheet,COCOA,global,1997-01-01,1.43,$/kg,2026-09-08T08:09:02Z,CC-BY-4.0
worldbank_pink_sheet,COCOA,global,1997-02-01,1.37,$/kg,2026-09-08T08:09:02Z,CC-BY-4.0
worldbank_pink_sheet,COCOA,global,1997-03-01,1.52,$/kg,2026-09-08T08:09:02Z,CC-BY-4.0
worldbank_pink_sheet,COCOA,global,1997-04-01,1.57,$/kg,2026-09-08T08:09:02Z,CC-BY-4.0
worldbank_pink_sheet,COCOA,global,1997-05-01,1.57,$/kg,2026-09-08T08:09:02Z,CC-BY-4.0
worldbank_pink_sheet,COCOA,global,1997-06-01,1.69,$/kg,2026-09-08T08:09:02Z,CC-BY-4.0
worldbank_pink_sheet,COCOA,global,1997-07-01,1.68,$/kg,2026-09-08T08:09:02Z,CC-BY-4.0
worldbank_pink_sheet,COCOA,global,1997-08-01,1.65,$/kg,2026-09-08T08:09:02Z,CC-BY-4.0
worldbank_pink_sheet,COCOA,global,1997-09-01,1.77,$/kg,2026-09-08T08:09:02Z,CC-BY-4.0
worldbank_pink_sheet,COCOA,global,1997-10-01,1.74,$/kg,2026-09-08T08:09:02Z,CC-BY-4.0
worldbank_pink_sheet,COCOA,global,1997-11-01,1.7,$/kg,2026-09-08T08:09:02Z,CC-BY-4.0
worldbank_pink_sheet,COCOA,global,1997-12-01,1.74,$/kg,2026-09-08T08:09:02Z,CC-BY-4.0
worldbank_pink_sheet,COCOA,global,1998-01-01,1.67,$/kg,2026-09-08T08:09:02Z,CC-BY-4.0
worldbank_pink_sheet,COCOA,global,1998-02-01,1.64,$/kg,2026-09-08T08:09:02Z,CC-BY-4.0
worldbank_pink_sheet,COCOA,global,1998-03-01,1.72,$/kg,2026-09-08T08:09:02Z,CC-BY-4.0
worldbank_pink_sheet,COCOA,global,1998-04-01,1.72,$/kg,2026-09-08T08:09:02Z,CC-BY-4.0
worldbank_pink_sheet,COCOA,global,1998-05-01,1.78,$/kg,2026-09-08T08:09:02Z,CC-BY-4.0
worldbank_pink_sheet,COCOA,global,1998-06-01,1.72,$/kg,2026-09-08T08:09:02Z,CC-BY-4.0
worldbank_pink_sheet,COCOA,global,1998-07-01,1.72,$/kg,2026-09-08T08:09:02Z,CC-BY-4.0
worldbank_pink_sheet,COCOA,global,1998-08-01,1.68,$/kg,2026-09-08T08:09:02Z,CC-BY-4.0
worldbank_pink_sheet,COCOA,global,1998-09-01,1.69,$/kg,2026-09-08T08:09:02Z,CC-BY-4.0
worldbank_pink_sheet,COCOA,global,1998-10-01,1.65,$/kg,2026-09-08T08:09:02Z,CC-BY-4.0
worldbank_pink_sheet,COCOA,global,1998-11-01,1.6,$/kg,2026-09-08T08:09:02Z,CC-BY-4.0
worldbank_pink_sheet,COCOA,global,1998-12-01,1.52,$/kg,2026-09-08T08:09:02Z,CC-BY-4.0
worldbank_pink_sheet,COCOA,global,1999-01-01,1.46,$/kg,2026-09-08T08:09:02Z,CC-BY-4.0
worldbank_pink_sheet,COCOA,global,1999-02-01,1.41,$/kg,2026-09-08T08:09:02Z,CC-BY-4.0
worldbank_pink_sheet,COCOA,global,1999-03-01,1.31,$/kg,2026-09-08T08:09:02Z,CC-BY-4.0
worldbank_pink_sheet,COCOA,global,1999-04-01,1.18,$/kg,2026-09-08T08:09:02Z,CC-BY-4.0
worldbank_pink_sheet,COCOA,global,1999-05-01,1.07,$/kg,2026-09-08T08:09:02Z,CC-BY-4.0
worldbank_pink_sheet,COCOA,global,1999-06-01,1.16,$/kg,2026-09-08T08:09:02Z,CC-BY-4.0
worldbank_pink_sheet,COCOA,global,1999-07-01,1.11,$/kg,2026-09-08T08:09:02Z,CC-BY-4.0
worldbank_pink_sheet,COCOA,global,1999-08-01,1.0,$/kg,2026-09-08T08:09:02Z,CC-BY-4.0
worldbank_pink_sheet,COCOA,global,1999-09-01,1.06,$/kg,2026-09-08T08:09:02Z,CC-BY-4.0
worldbank_pink_sheet,COCOA,global,1999-10-01,1.02,$/kg,2026-09-08T08:09:02Z,CC-BY-4.0
worldbank_pink_sheet,COCOA,global,1999-11-01,0.92,$/kg,2026-09-08T08:09:02Z,CC-BY-4.0
worldbank_pink_sheet,COCOA,global,1999-12-01,0.92,$/kg,2026-09-08T08:09:02Z,CC-BY-4.0
worldbank_pink_sheet,COCOA,global,2000-01-01,0.92,$/kg,2026-09-08T08:09:02Z,CC-BY-4.0
worldbank_pink_sheet,COCOA,global,2000-02-01,0.86,$/kg,2026-09-08T08:09:02Z,CC-BY-4.0
worldbank_pink_sheet,COCOA,global,2000-03-01,0.93,$/kg,2026-09-08T08:09:02Z,CC-BY-4.0
worldbank_pink_sheet,COCOA,global,2000-04-01,0.91,$/kg,2026-09-08T08:09:02Z,CC-BY-4.0
worldbank_pink_sheet,COCOA,global,2000-05-01,0.92,$/kg,2026-09-08T08:09:02Z,CC-BY-4.0
worldbank_pink_sheet,COCOA,global,2000-06-01,0.95,$/kg,2026-09-08T08:09:02Z,CC-BY-4.0
worldbank_pink_sheet,COCOA,global,2000-07-01,0.97,$/kg,2026-09-08T08:09:02Z,CC-BY-4.0
worldbank_pink_sheet,COCOA,global,2000-08-01,0.89,$/kg,2026-09-08T08:09:02Z,CC-BY-4.0
worldbank_pink_sheet,COCOA,global,2000-09-01,0.88,$/kg,2026-09-08T08:09:02Z,CC-BY-4.0
worldbank_pink_sheet,COCOA,global,2000-10-01,0.88,$/kg,2026-09-08T08:09:02Z,CC-BY-4.0
worldbank_pink_sheet,COCOA,global,2000-11-01,0.88,$/kg,2026-09-08T08:09:02Z,CC-BY-4.0
worldbank_pink_sheet,COCOA,global,2000-12-01,0.89,$/kg,2026-09-08T08:09:02Z,CC-BY-4.0
worldbank_pink_sheet,COCOA,global,2001-01-01,1.0,$/kg,2026-09-08T08:09:02Z,CC-BY-4.0
worldbank_pink_sheet,COCOA,global,2001-02-01,0.89,$/kg,2026-09-08T08:09:02Z,CC-BY-4.0
worldbank_pink_sheet,COCOA,global,2001-03-01,1.12,$/kg,2026-09-08T08:09:02Z,CC-BY-4.0
worldbank_pink_sheet,COCOA,global,2001-04-01,1.08,$/kg,2026-09-08T08:09:02Z,CC-BY-4.0
worldbank_pink_sheet,COCOA,global,2001-05-01,1.08,$/kg,2026-09-08T08:09:02Z,CC-BY-4.0
worldbank_pink_sheet,COCOA,global,2001-06-01,0.97,$/kg,2026-09-08T08:09:02Z,CC-BY-4.0
worldbank_pink_sheet,COCOA,global,2001-07-01,0.97,$/kg,2026-09-08T08:09:02Z,CC-BY-4.0
worldbank_pink_sheet,COCOA,global,2001-08-01,1.03,$/kg,2026-09-08T08:09:02Z,CC-BY-4.0
worldbank_pink_sheet,COCOA,global,2001-09-01,1.02,$/kg,2026-09-08T08:09:02Z,CC-BY-4.0
worldbank_pink_sheet,COCOA,global,2001-10-01,1.08,$/kg,2026-09-08T08:09:02Z,CC-BY-4.0
worldbank_pink_sheet,COCOA,global,2001-11-01,1.23,$/kg,2026-09-08T08:09:02Z,CC-BY-4.0
worldbank_pink_sheet,COCOA,global,2001-12-01,1.34,$/kg,2026-09-08T08:09:02Z,CC-BY-4.0
worldbank_pink_sheet,COCOA,global,2002-01-01,1.39,$/kg,2026-09-08T08:09:02Z,CC-BY-4.0
worldbank_pink_sheet,COCOA,global,2002-02-01,1.49,$/kg,2026-09-08T08:09:02Z,CC-BY-4.0
worldbank_pink_sheet,COCOA,global,2002-03-01,1.59,$/kg,2026-09-08T08:09:02Z,CC-BY-4.0
worldbank_pink_sheet,COCOA,global,2002-04-01,1.57,$/kg,2026-09-08T08:09:02Z,CC-BY-4.0
worldbank_pink_sheet,COCOA,global,2002-05-01,1.6,$/kg,2026-09-08T08:09:02Z,CC-BY-4.0
worldbank_pink_sheet,COCOA,global,2002-06-01,1.66,$/kg,2026-09-08T08:09:02Z,CC-BY-4.0
worldbank_pink_sheet,COCOA,global,2002-07-01,1.87,$/kg,2026-09-08T08:09:02Z,CC-BY-4.0
worldbank_pink_sheet,COCOA,global,2002-08-01,1.96,$/kg,2026-09-08T08:09:02Z,CC-BY-4.0
worldbank_pink_sheet,COCOA,global,2002-09-01,2.16,$/kg,2026-09-08T08:09:02Z,CC-BY-4.0
worldbank_pink_sheet,COCOA,global,2002-10-01,2.2,$/kg,2026-09-08T08:09:02Z,CC-BY-4.0
worldbank_pink_sheet,COCOA,global,2002-11-01,1.81,$/kg,2026-09-08T08:09:02Z,CC-BY-4.0
worldbank_pink_sheet,COCOA,global,2002-12-01,2.03,$/kg,2026-09-08T08:09:02Z,CC-BY-4.0
worldbank_pink_sheet,COCOA,global,2003-01-01,2.18,$/kg,2026-09-08T08:09:02Z,CC-BY-4.0
worldbank_pink_sheet,COCOA,global,2003-02-01,2.28,$/kg,2026-09-08T08:09:02Z,CC-BY-4.0
worldbank_pink_sheet,COCOA,global,2003-03-01,1.95,$/kg,2026-09-08T08:09:02Z,CC-BY-4.0
worldbank_pink_sheet,COCOA,global,2003-04-01,1.92,$/kg,2026-09-08T08:09:02Z,CC-BY-4.0
worldbank_pink_sheet,COCOA,global,2003-05-01,1.74,$/kg,2026-09-08T08:09:02Z,CC-BY-4.0
worldbank_pink_sheet,COCOA,global,2003-06-01,1.57,$/kg,2026-09-08T08:09:02Z,CC-BY-4.0
worldbank_pink_sheet,COCOA,global,2003-07-01,1.56,$/kg,2026-09-08T08:09:02Z,CC-BY-4.0
worldbank_pink_sheet,COCOA,global,2003-08-01,1.55,$/kg,2026-09-08T08:09:02Z,CC-BY-4.0
worldbank_pink_sheet,COCOA,global,2003-09-01,1.64,$/kg,2026-09-08T08:09:02Z,CC-BY-4.0
worldbank_pink_sheet,COCOA,global,2003-10-01,1.48,$/kg,2026-09-08T08:09:02Z,CC-BY-4.0
worldbank_pink_sheet,COCOA,global,2003-11-01,1.51,$/kg,2026-09-08T08:09:02Z,CC-BY-4.0
worldbank_pink_sheet,COCOA,global,2003-12-01,1.63,$/kg,2026-09-08T08:09:02Z,CC-BY-4.0
worldbank_pink_sheet,COCOA,global,2004-01-01,1.63,$/kg,2026-09-08T08:09:02Z,CC-BY-4.0
worldbank_pink_sheet,COCOA,global,2004-02-01,1.57,$/kg,2026-09-08T08:09:02Z,CC-BY-4.0
worldbank_pink_sheet,COCOA,global,2004-03-01,1.5,$/kg,2026-09-08T08:09:02Z,CC-BY-4.0
worldbank_pink_sheet,COCOA,global,2004-04-01,1.44,$/kg,2026-09-08T08:09:02Z,CC-BY-4.0
worldbank_pink_sheet,COCOA,global,2004-05-01,1.42,$/kg,2026-09-08T08:09:02Z,CC-BY-4.0
worldbank_pink_sheet,COCOA,global,2004-06-01,1.4,$/kg,2026-09-08T08:09:02Z,CC-BY-4.0
worldbank_pink_sheet,COCOA,global,2004-07-01,1.56,$/kg,2026-09-08T08:09:02Z,CC-BY-4.0
worldbank_pink_sheet,COCOA,global,2004-08-01,1.73,$/kg,2026-09-08T08:09:02Z,CC-BY-4.0
worldbank_pink_sheet,COCOA,global,2004-09-01,1.55,$/kg,2026-09-08T08:09:02Z,CC-BY-4.0
worldbank_pink_sheet,COCOA,global,2004-10-01,1.48,$/kg,2026-09-08T08:09:02Z,CC-BY-4.0
worldbank_pink_sheet,COCOA,global,2004-11-01,1.66,$/kg,2026-09-08T08:09:02Z,CC-BY-4.0
worldbank_pink_sheet,COCOA,global,2004-12-01,1.66,$/kg,2026-09-08T08:09:02Z,CC-BY-4.0
worldbank_pink_sheet,COCOA,global,2005-01-01,1.55,$/kg,2026-09-08T08:09:02Z,CC-BY-4.0
worldbank_pink_sheet,COCOA,global,2005-02-01,1.63,$/kg,2026-09-08T08:09:02Z,CC-BY-4.0
worldbank_pink_sheet,COCOA,global,2005-03-01,1.76,$/kg,2026-09-08T08:09:02Z,CC-BY-4.0
worldbank_pink_sheet,COCOA,global,2005-04-01,1.59,$/kg,2026-09-08T08:09:02Z,CC-BY-4.0
worldbank_pink_sheet,COCOA,global,2005-05-01,1.51,$/kg,2026-09-08T08:09:02Z,CC-BY-4.0
worldbank_pink_sheet,COCOA,global,2005-06-01,1.54,$/kg,2026-09-08T08:09:02Z,CC-BY-4.0
worldbank_pink_sheet,COCOA,global,2005-07-01,1.49,$/kg,2026-09-08T08:09:02Z,CC-BY-4.0
worldbank_pink_sheet,COCOA,global,2005-08-01,1.48,$/kg,2026-09-08T08:09:02Z,CC-BY-4.0
worldbank_pink_sheet,COCOA,global,2005-09-01,1.5,$/kg,2026-09-08T08:09:02Z,CC-BY-4.0
worldbank_pink_sheet,COCOA,global,2005-10-01,1.46,$/kg,2026-09-08T08:09:02Z,CC-BY-4.0
worldbank_pink_sheet,COCOA,global,2005-11-01,1.44,$/kg,2026-09-08T08:09:02Z,CC-BY-4.0
worldbank_pink_sheet,COCOA,global,2005-12-01,1.51,$/kg,2026-09-08T08:09:02Z,CC-BY-4.0
worldbank_pink_sheet,COCOA,global,2006-01-01,1.57,$/kg,2026-09-08T08:09:02Z,CC-BY-4.0
worldbank_pink_sheet,COCOA,global,2006-02-01,1.55,$/kg,2026-09-08T08:09:02Z,CC-BY-4.0
worldbank_pink_sheet,COCOA,global,2006-03-01,1.55,$/kg,2026-09-08T08:09:02Z,CC-BY-4.0
worldbank_pink_sheet,COCOA,global,2006-04-01,1.55,$/kg,2026-09-08T08:09:02Z,CC-BY-4.0
worldbank_pink_sheet,COCOA,global,2006-05-01,1.6,$/kg,2026-09-08T08:09:02Z,CC-BY-4.0
worldbank_pink_sheet,COCOA,global,2006-06-01,1.61,$/kg,2026-09-08T08:09:02Z,CC-BY-4.0
worldbank_pink_sheet,COCOA,global,2006-07-01,1.68,$/kg,2026-09-08T08:09:02Z,CC-BY-4.0
worldbank_pink_sheet,COCOA,global,2006-08-01,1.62,$/kg,2026-09-08T08:09:02Z,CC-BY-4.0
worldbank_pink_sheet,COCOA,global,2006-09-01,1.57,$/kg,2026-09-08T08:09:02Z,CC-BY-4.0
worldbank_pink_sheet,COCOA,global,2006-10-01,1.53,$/kg,2026-09-08T08:09:02Z,CC-BY-4.0
worldbank_pink_sheet,COCOA,global,2006-11-01,1.58,$/kg,2026-09-08T08:09:02Z,CC-BY-4.0
worldbank_pink_sheet,COCOA,global,2006-12-01,1.71,$/kg,2026-09-08T08:09:02Z,CC-BY-4.0
worldbank_pink_sheet,COCOA,global,2007-01-01,1.7,$/kg,2026-09-08T08:09:02Z,CC-BY-4.0
worldbank_pink_sheet,COCOA,global,2007-02-01,1.82,$/kg,2026-09-08T08:09:02Z,CC-BY-4.0
worldbank_pink_sheet,COCOA,global,2007-03-01,1.92,$/kg,2026-09-08T08:09:02Z,CC-BY-4.0
worldbank_pink_sheet,COCOA,global,2007-04-01,1.98,$/kg,2026-09-08T08:09:02Z,CC-BY-4.0
worldbank_pink_sheet,COCOA,global,2007-05-01,2.0,$/kg,2026-09-08T08:09:02Z,CC-BY-4.0
worldbank_pink_sheet,COCOA,global,2007-06-01,2.02,$/kg,2026-09-08T08:09:02Z,CC-BY-4.0
worldbank_pink_sheet,COCOA,global,2007-07-01,2.16,$/kg,2026-09-08T08:09:02Z,CC-BY-4.0
worldbank_pink_sheet,COCOA,global,2007-08-01,1.91,$/kg,2026-09-08T08:09:02Z,CC-BY-4.0
worldbank_pink_sheet,COCOA,global,2007-09-01,1.93,$/kg,2026-09-08T08:09:02Z,CC-BY-4.0
worldbank_pink_sheet,COCOA,global,2007-10-01,1.91,$/kg,2026-09-08T08:09:02Z,CC-BY-4.0
worldbank_pink_sheet,COCOA,global,2007-11-01,1.97,$/kg,2026-09-08T08:09:02Z,CC-BY-4.0
worldbank_pink_sheet,COCOA,global,2007-12-01,2.11,$/kg,2026-09-08T08:09:02Z,CC-BY-4.0
worldbank_pink_sheet,COCOA,global,2008-01-01,2.2,$/kg,2026-09-08T08:09:02Z,CC-BY-4.0
worldbank_pink_sheet,COCOA,global,2008-02-01,2.5,$/kg,2026-09-08T08:09:02Z,CC-BY-4.0
worldbank_pink_sheet,COCOA,global,2008-03-01,2.73,$/kg,2026-09-08T08:09:02Z,CC-BY-4.0
worldbank_pink_sheet,COCOA,global,2008-04-01,2.61,$/kg,2026-09-08T08:09:02Z,CC-BY-4.0
worldbank_pink_sheet,COCOA,global,2008-05-01,2.68,$/kg,2026-09-08T08:09:02Z,CC-BY-4.0
worldbank_pink_sheet,COCOA,global,2008-06-01,3.0,$/kg,2026-09-08T08:09:02Z,CC-BY-4.0
worldbank_pink_sheet,COCOA,global,2008-07-01,2.97,$/kg,2026-09-08T08:09:02Z,CC-BY-4.0
worldbank_pink_sheet,COCOA,global,2008-08-01,2.82,$/kg,2026-09-08T08:09:02Z,CC-BY-4.0
worldbank_pink_sheet,COCOA,global,2008-09-01,2.7,$/kg,2026-09-08T08:09:02Z,CC-BY-4.0
worldbank_pink_sheet,COCOA,global,2008-10-01,2.27,$/kg,2026-09-08T08:09:02Z,CC-BY-4.0
worldbank_pink_sheet,COCOA,global,2008-11-01,2.05,$/kg,2026-09-08T08:09:02Z,CC-BY-4.0
worldbank_pink_sheet,COCOA,global,2008-12-01,2.39,$/kg,2026-09-08T08:09:02Z,CC-BY-4.0
worldbank_pink_sheet,COCOA,global,2009-01-01,2.63,$/kg,2026-09-08T08:09:02Z,CC-BY-4.0
worldbank_pink_sheet,COCOA,global,2009-02-01,2.65,$/kg,2026-09-08T08:09:02Z,CC-BY-4.0
worldbank_pink_sheet,COCOA,global,2009-03-01,2.51,$/kg,2026-09-08T08:09:02Z,CC-BY-4.0
worldbank_pink_sheet,COCOA,global,2009-04-01,2.56,$/kg,2026-09-08T08:09:02Z,CC-BY-4.0
worldbank_pink_sheet,COCOA,global,2009-05-01,2.48,$/kg,2026-09-08T08:09:02Z,CC-BY-4.0
worldbank_pink_sheet,COCOA,global,2009-06-01,2.7,$/kg,2026-09-08T08:09:02Z,CC-BY-4.0
worldbank_pink_sheet,COCOA,global,2009-07-01,2.79,$/kg,2026-09-08T08:09:02Z,CC-BY-4.0
worldbank_pink_sheet,COCOA,global,2009-08-01,2.96,$/kg,2026-09-08T08:09:02Z,CC-BY-4.0
worldbank_pink_sheet,COCOA,global,2009-09-01,3.14,$/kg,2026-09-08T08:09:02Z,CC-BY-4.0
worldbank_pink_sheet,COCOA,global,2009-10-01,3.37,$/kg,2026-09-08T08:09:02Z,CC-BY-4.0
worldbank_pink_sheet,COCOA,global,2009-11-01,3.38,$/kg,2026-09-08T08:09:02Z,CC-BY-4.0
worldbank_pink_sheet,COCOA,global,2009-12-01,3.5,$/kg,2026-09-08T08:09:02Z,CC-BY-4.0
worldbank_pink_sheet,COCOA,global,2010-01-01,3.53,$/kg,2026-09-08T08:09:02Z,CC-BY-4.0
worldbank_pink_sheet,COCOA,global,2010-02-01,3.28,$/kg,2026-09-08T08:09:02Z,CC-BY-4.0
worldbank_pink_sheet,COCOA,global,2010-03-01,3.09,$/kg,2026-09-08T08:09:02Z,CC-BY-4.0
worldbank_pink_sheet,COCOA,global,2010-04-01,3.22,$/kg,2026-09-08T08:09:02Z,CC-BY-4.0
worldbank_pink_sheet,COCOA,global,2010-05-01,3.18,$/kg,2026-09-08T08:09:02Z,CC-BY-4.0
worldbank_pink_sheet,COCOA,global,2010-06-01,3.23,$/kg,2026-09-08T08:09:02Z,CC-BY-4.0
worldbank_pink_sheet,COCOA,global,2010-07-01,3.23,$/kg,2026-09-08T08:09:02Z,CC-BY-4.0
worldbank_pink_sheet,COCOA,global,2010-08-01,3.07,$/kg,2026-09-08T08:09:02Z,CC-BY-4.0
worldbank_pink_sheet,COCOA,global,2010-09-01,2.88,$/kg,2026-09-08T08:09:02Z,CC-BY-4.0
worldbank_pink_sheet,COCOA,global,2010-10-01,2.93,$/kg,2026-09-08T08:09:02Z,CC-BY-4.0
worldbank_pink_sheet,COCOA,global,2010-11-01,2.91,$/kg,2026-09-08T08:09:02Z,CC-BY-4.0
worldbank_pink_sheet,COCOA,global,2010-12-01,3.06,$/kg,2026-09-08T08:09:02Z,CC-BY-4.0
worldbank_pink_sheet,COCOA,global,2011-01-01,3.16,$/kg,2026-09-08T08:09:02Z,CC-BY-4.0
worldbank_pink_sheet,COCOA,global,2011-02-01,3.47,$/kg,2026-09-08T08:09:02Z,CC-BY-4.0
worldbank_pink_sheet,COCOA,global,2011-03-01,3.39,$/kg,2026-09-08T08:09:02Z,CC-BY-4.0
worldbank_pink_sheet,COCOA,global,2011-04-01,3.13,$/kg,2026-09-08T08:09:02Z,CC-BY-4.0
worldbank_pink_sheet,COCOA,global,2011-05-01,3.07,$/kg,2026-09-08T08:09:02Z,CC-BY-4.0
worldbank_pink_sheet,COCOA,global,2011-06-01,3.02,$/kg,2026-09-08T08:09:02Z,CC-BY-4.0
worldbank_pink_sheet,COCOA,global,2011-07-01,3.17,$/kg,2026-09-08T08:09:02Z,CC-BY-4.0
worldbank_pink_sheet,COCOA,global,2011-08-01,3.06,$/kg,2026-09-08T08:09:02Z,CC-BY-4.0
worldbank_pink_sheet,COCOA,global,2011-09-01,2.87,$/kg,2026-09-08T08:09:02Z,CC-BY-4.0
worldbank_pink_sheet,COCOA,global,2011-10-01,2.68,$/kg,2026-09-08T08:09:02Z,CC-BY-4.0
worldbank_pink_sheet,COCOA,global,2011-11-01,2.53,$/kg,2026-09-08T08:09:02Z,CC-BY-4.0
worldbank_pink_sheet,COCOA,global,2011-12-01,2.2,$/kg,2026-09-08T08:09:02Z,CC-BY-4.0
worldbank_pink_sheet,COCOA,global,2012-01-01,2.31,$/kg,2026-09-08T08:09:02Z,CC-BY-4.0
worldbank_pink_sheet,COCOA,global,2012-02-01,2.36,$/kg,2026-09-08T08:09:02Z,CC-BY-4.0
worldbank_pink_sheet,COCOA,global,2012-03-01,2.36,$/kg,2026-09-08T08:09:02Z,CC-BY-4.0
worldbank_pink_sheet,COCOA,global,2012-04-01,2.27,$/kg,2026-09-08T08:09:02Z,CC-BY-4.0
worldbank_pink_sheet,COCOA,global,2012-05-01,2.31,$/kg,2026-09-08T08:09:02Z,CC-BY-4.0
worldbank_pink_sheet,COCOA,global,2012-06-01,2.26,$/kg,2026-09-08T08:09:02Z,CC-BY-4.0
worldbank_pink_sheet,COCOA,global,2012-07-01,2.35,$/kg,2026-09-08T08:09:02Z,CC-BY-4.0
worldbank_pink_sheet,COCOA,global,2012-08-01,2.51,$/kg,2026-09-08T08:09:02Z,CC-BY-4.0
worldbank_pink_sheet,COCOA,global,2012-09-01,2.62,$/kg,2026-09-08T08:09:02Z,CC-BY-4.0
worldbank_pink_sheet,COCOA,global,2012-10-01,2.46,$/kg,2026-09-08T08:09:02Z,CC-BY-4.0
worldbank_pink_sheet,COCOA,global,2012-11-01,2.48,$/kg,2026-09-08T08:09:02Z,CC-BY-4.0
worldbank_pink_sheet,COCOA,global,2012-12-01,2.41,$/kg,2026-09-08T08:09:02Z,CC-BY-4.0
worldbank_pink_sheet,COCOA,global,2013-01-01,2.28,$/kg,2026-09-08T08:09:02Z,CC-BY-4.0
worldbank_pink_sheet,COCOA,global,2013-02-01,2.2,$/kg,2026-09-08T08:09:02Z,CC-BY-4.0
worldbank_pink_sheet,COCOA,global,2013-03-01,2.15,$/kg,2026-09-08T08:09:02Z,CC-BY-4.0
worldbank_pink_sheet,COCOA,global,2013-04-01,2.29,$/kg,2026-09-08T08:09:02Z,CC-BY-4.0
worldbank_pink_sheet,COCOA,global,2013-05-01,2.34,$/kg,2026-09-08T08:09:02Z,CC-BY-4.0
worldbank_pink_sheet,COCOA,global,2013-06-01,2.28,$/kg,2026-09-08T08:09:02Z,CC-BY-4.0
worldbank_pink_sheet,COCOA,global,2013-07-01,2.31,$/kg,2026-09-08T08:09:02Z,CC-BY-4.0
worldbank_pink_sheet,COCOA,global,2013-08-01,2.48,$/kg,2026-09-08T08:09:02Z,CC-BY-4.0
worldbank_pink_sheet,COCOA,global,2013-09-01,2.62,$/kg,2026-09-08T08:09:02Z,CC-BY-4.0
worldbank_pink_sheet,COCOA,global,2013-10-01,2.73,$/kg,2026-09-08T08:09:02Z,CC-BY-4.0
worldbank_pink_sheet,COCOA,global,2013-11-01,2.76,$/kg,2026-09-08T08:09:02Z,CC-BY-4.0
worldbank_pink_sheet,COCOA,global,2013-12-01,2.82,$/kg,2026-09-08T08:09:02Z,CC-BY-4.0
worldbank_pink_sheet,COCOA,global,2014-01-01,2.82,$/kg,2026-09-08T08:09:02Z,CC-BY-4.0
worldbank_pink_sheet,COCOA,global,2014-02-01,2.99,$/kg,2026-09-08T08:09:02Z,CC-BY-4.0
worldbank_pink_sheet,COCOA,global,2014-03-01,3.04,$/kg,2026-09-08T08:09:02Z,CC-BY-4.0
worldbank_pink_sheet,COCOA,global,2014-04-01,3.05,$/kg,2026-09-08T08:09:02Z,CC-BY-4.0
worldbank_pink_sheet,COCOA,global,2014-05-01,3.03,$/kg,2026-09-08T08:09:02Z,CC-BY-4.0
worldbank_pink_sheet,COCOA,global,2014-06-01,3.17,$/kg,2026-09-08T08:09:02Z,CC-BY-4.0
worldbank_pink_sheet,COCOA,global,2014-07-01,3.2,$/kg,2026-09-08T08:09:02Z,CC-BY-4.0
worldbank_pink_sheet,COCOA,global,2014-08-01,3.27,$/kg,2026-09-08T08:09:02Z,CC-BY-4.0
worldbank_pink_sheet,COCOA,global,2014-09-01,3.21,$/kg,2026-09-08T08:09:02Z,CC-BY-4.0
worldbank_pink_sheet,COCOA,global,2014-10-01,3.1,$/kg,2026-09-08T08:09:02Z,CC-BY-4.0
worldbank_pink_sheet,COCOA,global,2014-11-01,2.91,$/kg,2026-09-08T08:09:02Z,CC-BY-4.0
worldbank_pink_sheet,COCOA,global,2014-12-01,2.95,$/kg,2026-09-08T08:09:02Z,CC-BY-4.0
worldbank_pink_sheet,COCOA,global,2015-01-01,2.92,$/kg,2026-09-08T08:09:02Z,CC-BY-4.0
worldbank_pink_sheet,COCOA,global,2015-02-01,2.96,$/kg,2026-09-08T08:09:02Z,CC-BY-4.0
worldbank_pink_sheet,COCOA,global,2015-03-01,2.88,$/kg,2026-09-08T08:09:02Z,CC-BY-4.0
worldbank_pink_sheet,COCOA,global,2015-04-01,2.87,$/kg,2026-09-08T08:09:02Z,CC-BY-4.0
worldbank_pink_sheet,COCOA,global,2015-05-01,3.1,$/kg,2026-09-08T08:09:02Z,CC-BY-4.0
worldbank_pink_sheet,COCOA,global,2015-06-01,3.24,$/kg,2026-09-08T08:09:02Z,CC-BY-4.0
worldbank_pink_sheet,COCOA,global,2015-07-01,3.33,$/kg,2026-09-08T08:09:02Z,CC-BY-4.0
worldbank_pink_sheet,COCOA,global,2015-08-01,3.15,$/kg,2026-09-08T08:09:02Z,CC-BY-4.0
worldbank_pink_sheet,COCOA,global,2015-09-01,3.28,$/kg,2026-09-08T08:09:02Z,CC-BY-4.0
worldbank_pink_sheet,COCOA,global,2015-10-01,3.2,$/kg,2026-09-08T08:09:02Z,CC-BY-4.0
worldbank_pink_sheet,COCOA,global,2015-11-01,3.36,$/kg,2026-09-08T08:09:02Z,CC-BY-4.0
worldbank_pink_sheet,COCOA,global,2015-12-01,3.35,$/kg,2026-09-08T08:09:02Z,CC-BY-4.0
worldbank_pink_sheet,COCOA,global,2016-01-01,2.95,$/kg,2026-09-08T08:09:02Z,CC-BY-4.0
worldbank_pink_sheet,COCOA,global,2016-02-01,2.92,$/kg,2026-09-08T08:09:02Z,CC-BY-4.0
worldbank_pink_sheet,COCOA,global,2016-03-01,3.07,$/kg,2026-09-08T08:09:02Z,CC-BY-4.0
worldbank_pink_sheet,COCOA,global,2016-04-01,3.08,$/kg,2026-09-08T08:09:02Z,CC-BY-4.0
worldbank_pink_sheet,COCOA,global,2016-05-01,3.1,$/kg,2026-09-08T08:09:02Z,CC-BY-4.0
worldbank_pink_sheet,COCOA,global,2016-06-01,3.12,$/kg,2026-09-08T08:09:02Z,CC-BY-4.0
worldbank_pink_sheet,COCOA,global,2016-07-01,3.05,$/kg,2026-09-08T08:09:02Z,CC-BY-4.0
worldbank_pink_sheet,COCOA,global,2016-08-01,3.03,$/kg,2026-09-08T08:09:02Z,CC-BY-4.0
worldbank_pink_sheet,COCOA,global,2016-09-01,2.88,$/kg,2026-09-08T08:09:02Z,CC-BY-4.0
worldbank_pink_sheet,COCOA,global,2016-10-01,2.71,$/kg,2026-09-08T08:09:02Z,CC-BY-4.0
worldbank_pink_sheet,COCOA,global,2016-11-01,2.48,$/kg,2026-09-08T08:09:02Z,CC-BY-4.0
worldbank_pink_sheet,COCOA,global,2016-12-01,2.3,$/kg,2026-09-08T08:09:02Z,CC-BY-4.0
worldbank_pink_sheet,COCOA,global,2017-01-01,2.19,$/kg,2026-09-08T08:09:02Z,CC-BY-4.0
worldbank_pink_sheet,COCOA,global,2017-02-01,2.03,$/kg,2026-09-08T08:09:02Z,CC-BY-4.0
worldbank_pink_sheet,COCOA,global,2017-03-01,2.06,$/kg,2026-09-08T08:09:02Z,CC-BY-4.0
worldbank_pink_sheet,COCOA,global,2017-04-01,1.96,$/kg,2026-09-08T08:09:02Z,CC-BY-4.0
worldbank_pink_sheet,COCOA,global,2017-05-01,1.98,$/kg,2026-09-08T08:09:02Z,CC-BY-4.0
worldbank_pink_sheet,COCOA,global,2017-06-01,2.0,$/kg,2026-09-08T08:09:02Z,CC-BY-4.0
worldbank_pink_sheet,COCOA,global,2017-07-01,1.99,$/kg,2026-09-08T08:09:02Z,CC-BY-4.0
worldbank_pink_sheet,COCOA,global,2017-08-01,1.99,$/kg,2026-09-08T08:09:02Z,CC-BY-4.0
worldbank_pink_sheet,COCOA,global,2017-09-01,2.0,$/kg,2026-09-08T08:09:02Z,CC-BY-4.0
worldbank_pink_sheet,COCOA,global,2017-10-01,2.1,$/kg,2026-09-08T08:09:02Z,CC-BY-4.0
worldbank_pink_sheet,COCOA,global,2017-11-01,2.13,$/kg,2026-09-08T08:09:02Z,CC-BY-4.0
worldbank_pink_sheet,COCOA,global,2017-12-01,1.92,$/kg,2026-09-08T08:09:02Z,CC-BY-4.0
worldbank_pink_sheet,COCOA,global,2018-01-01,1.95,$/kg,2026-09-08T08:09:02Z,CC-BY-4.0
worldbank_pink_sheet,COCOA,global,2018-02-01,2.12,$/kg,2026-09-08T08:09:02Z,CC-BY-4.0
worldbank_pink_sheet,COCOA,global,2018-03-01,2.5,$/kg,2026-09-08T08:09:02Z,CC-BY-4.0
worldbank_pink_sheet,COCOA,global,2018-04-01,2.62,$/kg,2026-09-08T08:09:02Z,CC-BY-4.0
worldbank_pink_sheet,COCOA,global,2018-05-01,2.66,$/kg,2026-09-08T08:09:02Z,CC-BY-4.0
worldbank_pink_sheet,COCOA,global,2018-06-01,2.41,$/kg,2026-09-08T08:09:02Z,CC-BY-4.0
worldbank_pink_sheet,COCOA,global,2018-07-01,2.36,$/kg,2026-09-08T08:09:02Z,CC-BY-4.0
worldbank_pink_sheet,COCOA,global,2018-08-01,2.17,$/kg,2026-09-08T08:09:02Z,CC-BY-4.0
worldbank_pink_sheet,COCOA,global,2018-09-01,2.19,$/kg,2026-09-08T08:09:02Z,CC-BY-4.0
worldbank_pink_sheet,COCOA,global,2018-10-01,2.13,$/kg,2026-09-08T08:09:02Z,CC-BY-4.0
worldbank_pink_sheet,COCOA,global,2018-11-01,2.19,$/kg,2026-09-08T08:09:02Z,CC-BY-4.0
worldbank_pink_sheet,COCOA,global,2018-12-01,2.21,$/kg,2026-09-08T08:09:02Z,CC-BY-4.0
worldbank_pink_sheet,COCOA,global,2019-01-01,2.26,$/kg,2026-09-08T08:09:02Z,CC-BY-4.0
worldbank_pink_sheet,COCOA,global,2019-02-01,2.26,$/kg,2026-09-08T08:09:02Z,CC-BY-4.0
worldbank_pink_sheet,COCOA,global,2019-03-01,2.2,$/kg,2026-09-08T08:09:02Z,CC-BY-4.0
worldbank_pink_sheet,COCOA,global,2019-04-01,2.33,$/kg,2026-09-08T08:09:02Z,CC-BY-4.0
worldbank_pink_sheet,COCOA,global,2019-05-01,2.32,$/kg,2026-09-08T08:09:02Z,CC-BY-4.0
worldbank_pink_sheet,COCOA,global,2019-06-01,2.41,$/kg,2026-09-08T08:09:02Z,CC-BY-4.0
worldbank_pink_sheet,COCOA,global,2019-07-01,2.42,$/kg,2026-09-08T08:09:02Z,CC-BY-4.0
worldbank_pink_sheet,COCOA,global,2019-08-01,2.19,$/kg,2026-09-08T08:09:02Z,CC-BY-4.0
worldbank_pink_sheet,COCOA,global,2019-09-01,2.31,$/kg,2026-09-08T08:09:02Z,CC-BY-4.0
worldbank_pink_sheet,COCOA,global,2019-10-01,2.44,$/kg,2026-09-08T08:09:02Z,CC-BY-4.0
worldbank_pink_sheet,COCOA,global,2019-11-01,2.52,$/kg,2026-09-08T08:09:02Z,CC-BY-4.0
worldbank_pink_sheet,COCOA,global,2019-12-01,2.44,$/kg,2026-09-08T08:09:02Z,CC-BY-4.0
worldbank_pink_sheet,COCOA,global,2020-01-01,2.6,$/kg,2026-09-08T08:09:02Z,CC-BY-4.0
worldbank_pink_sheet,COCOA,global,2020-02-01,2.72,$/kg,2026-09-08T08:09:02Z,CC-BY-4.0
worldbank_pink_sheet,COCOA,global,2020-03-01,2.34,$/kg,2026-09-08T08:09:02Z,CC-BY-4.0
worldbank_pink_sheet,COCOA,global,2020-04-01,2.27,$/kg,2026-09-08T08:09:02Z,CC-BY-4.0
worldbank_pink_sheet,COCOA,global,2020-05-01,2.32,$/kg,2026-09-08T08:09:02Z,CC-BY-4.0
worldbank_pink_sheet,COCOA,global,2020-06-01,2.23,$/kg,2026-09-08T08:09:02Z,CC-BY-4.0
worldbank_pink_sheet,COCOA,global,2020-07-01,2.1,$/kg,2026-09-08T08:09:02Z,CC-BY-4.0
worldbank_pink_sheet,COCOA,global,2020-08-01,2.35,$/kg,2026-09-08T08:09:02Z,CC-BY-4.0
worldbank_pink_sheet,COCOA,global,2020-09-01,2.46,$/kg,2026-09-08T08:09:02Z,CC-BY-4.0
worldbank_pink_sheet,COCOA,global,2020-10-01,2.29,$/kg,2026-09-08T08:09:02Z,CC-BY-4.0
worldbank_pink_sheet,COCOA,global,2020-11-01,2.36,$/kg,2026-09-08T08:09:02Z,CC-BY-4.0
worldbank_pink_sheet,COCOA,global,2020-12-01,2.41,$/kg,2026-09-08T08:09:02Z,CC-BY-4.0
worldbank_pink_sheet,COCOA,global,2021-01-01,2.39,$/kg,2026-09-08T08:09:02Z,CC-BY-4.0
worldbank_pink_sheet,COCOA,global,2021-02-01,2.41,$/kg,2026-09-08T08:09:02Z,CC-BY-4.0
worldbank_pink_sheet,COCOA,global,2021-03-01,2.46,$/kg,2026-09-08T08:09:02Z,CC-BY-4.0
worldbank_pink_sheet,COCOA,global,2021-04-01,2.37,$/kg,2026-09-08T08:09:02Z,CC-BY-4.0
worldbank_pink_sheet,COCOA,global,2021-05-01,2.41,$/kg,2026-09-08T08:09:02Z,CC-BY-4.0
worldbank_pink_sheet,COCOA,global,2021-06-01,2.37,$/kg,2026-09-08T08:09:02Z,CC-BY-4.0
worldbank_pink_sheet,COCOA,global,2021-07-01,2.33,$/kg,2026-09-08T08:09:02Z,CC-BY-4.0
worldbank_pink_sheet,COCOA,global,2021-08-01,2.48,$/kg,2026-09-08T08:09:02Z,CC-BY-4.0
worldbank_pink_sheet,COCOA,global,2021-09-01,2.56,$/kg,2026-09-08T08:09:02Z,CC-BY-4.0
worldbank_pink_sheet,COCOA,global,2021-10-01,2.57,$/kg,2026-09-08T08:09:02Z,CC-BY-4.0
worldbank_pink_sheet,COCOA,global,2021-11-01,2.39,$/kg,2026-09-08T08:09:02Z,CC-BY-4.0
worldbank_pink_sheet,COCOA,global,2021-12-01,2.38,$/kg,2026-09-08T08:09:02Z,CC-BY-4.0
worldbank_pink_sheet,COCOA,global,2022-01-01,2.47,$/kg,2026-09-08T08:09:02Z,CC-BY-4.0
worldbank_pink_sheet,COCOA,global,2022-02-01,2.55,$/kg,2026-09-08T08:09:02Z,CC-BY-4.0
worldbank_pink_sheet,COCOA,global,2022-03-01,2.46,$/kg,2026-09-08T08:09:02Z,CC-BY-4.0
worldbank_pink_sheet,COCOA,global,2022-04-01,2.46,$/kg,2026-09-08T08:09:02Z,CC-BY-4.0
worldbank_pink_sheet,COCOA,global,2022-05-01,2.37,$/kg,2026-09-08T08:09:02Z,CC-BY-4.0
worldbank_pink_sheet,COCOA,global,2022-06-01,2.32,$/kg,2026-09-08T08:09:02Z,CC-BY-4.0
worldbank_pink_sheet,COCOA,global,2022-07-01,2.24,$/kg,2026-09-08T08:09:02Z,CC-BY-4.0
worldbank_pink_sheet,COCOA,global,2022-08-01,2.32,$/kg,2026-09-08T08:09:02Z,CC-BY-4.0
worldbank_pink_sheet,COCOA,global,2022-09-01,2.3,$/kg,2026-09-08T08:09:02Z,CC-BY-4.0
worldbank_pink_sheet,COCOA,global,2022-10-01,2.31,$/kg,2026-09-08T08:09:02Z,CC-BY-4.0
worldbank_pink_sheet,COCOA,global,2022-11-01,2.41,$/kg,2026-09-08T08:09:02Z,CC-BY-4.0
worldbank_pink_sheet,COCOA,global,2022-12-01,2.51,$/kg,2026-09-08T08:09:02Z,CC-BY-4.0
worldbank_pink_sheet,COCOA,global,2023-01-01,2.62,$/kg,2026-09-08T08:09:02Z,CC-BY-4.0
worldbank_pink_sheet,COCOA,global,2023-02-01,2.65,$/kg,2026-09-08T08:09:02Z,CC-BY-4.0
worldbank_pink_sheet,COCOA,global,2023-03-01,2.75,$/kg,2026-09-08T08:09:02Z,CC-BY-4.0
worldbank_pink_sheet,COCOA,global,2023-04-01,2.88,$/kg,2026-09-08T08:09:02Z,CC-BY-4.0
worldbank_pink_sheet,COCOA,global,2023-05-01,2.96,$/kg,2026-09-08T08:09:02Z,CC-BY-4.0
worldbank_pink_sheet,COCOA,global,2023-06-01,3.17,$/kg,2026-09-08T08:09:02Z,CC-BY-4.0
worldbank_pink_sheet,COCOA,global,2023-07-01,3.39,$/kg,2026-09-08T08:09:02Z,CC-BY-4.0
worldbank_pink_sheet,COCOA,global,2023-08-01,3.46,$/kg,2026-09-08T08:09:02Z,CC-BY-4.0
worldbank_pink_sheet,COCOA,global,2023-09-01,3.61,$/kg,2026-09-08T08:09:02Z,CC-BY-4.0
worldbank_pink_sheet,COCOA,global,2023-10-01,3.63,$/kg,2026-09-08T08:09:02Z,CC-BY-4.0
worldbank_pink_sheet,COCOA,global,2023-11-01,4.03,$/kg,2026-09-08T08:09:02Z,CC-BY-4.0
worldbank_pink_sheet,COCOA,global,2023-12-01,4.21,$/kg,2026-09-08T08:09:02Z,CC-BY-4.0
worldbank_pink_sheet,COCOA,global,2024-01-01,4.4,$/kg,2026-09-08T08:09:02Z,CC-BY-4.0
worldbank_pink_sheet,COCOA,global,2024-02-01,5.56,$/kg,2026-09-08T08:09:02Z,CC-BY-4.0
worldbank_pink_sheet,COCOA,global,2024-03-01,7.09,$/kg,2026-09-08T08:09:02Z,CC-BY-4.0
worldbank_pink_sheet,COCOA,global,2024-04-01,9.74,$/kg,2026-09-08T08:09:02Z,CC-BY-4.0
worldbank_pink_sheet,COCOA,global,2024-05-01,7.54,$/kg,2026-09-08T08:09:02Z,CC-BY-4.0
worldbank_pink_sheet,COCOA,global,2024-06-01,8.27,$/kg,2026-09-08T08:09:02Z,CC-BY-4.0
worldbank_pink_sheet,COCOA,global,2024-07-01,7.09,$/kg,2026-09-08T08:09:02Z,CC-BY-4.0
worldbank_pink_sheet,COCOA,global,2024-08-01,6.88,$/kg,2026-09-08T08:09:02Z,CC-BY-4.0
worldbank_pink_sheet,COCOA,global,2024-09-01,6.52,$/kg,2026-09-08T08:09:02Z,CC-BY-4.0
worldbank_pink_sheet,COCOA,global,2024-10-01,6.66,$/kg,2026-09-08T08:09:02Z,CC-BY-4.0
worldbank_pink_sheet,COCOA,global,2024-11-01,7.89,$/kg,2026-09-08T08:09:02Z,CC-BY-4.0
worldbank_pink_sheet,COCOA,global,2024-12-01,10.32,$/kg,2026-09-08T08:09:02Z,CC-BY-4.0
worldbank_pink_sheet,COCOA,global,2025-01-01,10.75,$/kg,2026-09-08T08:09:02Z,CC-BY-4.0
worldbank_pink_sheet,COCOA,global,2025-02-01,9.86,$/kg,2026-09-08T08:09:02Z,CC-BY-4.0
worldbank_pink_sheet,COCOA,global,2025-03-01,8.08,$/kg,2026-09-08T08:09:02Z,CC-BY-4.0
worldbank_pink_sheet,COCOA,global,2025-04-01,8.15,$/kg,2026-09-08T08:09:02Z,CC-BY-4.0
worldbank_pink_sheet,COCOA,global,2025-05-01,8.99,$/kg,2026-09-08T08:09:02Z,CC-BY-4.0
worldbank_pink_sheet,COCOA,global,2025-06-01,8.4,$/kg,2026-09-08T08:09:02Z,CC-BY-4.0
worldbank_pink_sheet,COCOA,global,2025-07-01,7.37,$/kg,2026-09-08T08:09:02Z,CC-BY-4.0
worldbank_pink_sheet,COCOA,global,2025-08-01,7.6,$/kg,2026-09-08T08:09:02Z,CC-BY-4.0
worldbank_pink_sheet,COCOA,global,2025-09-01,7.03,$/kg,2026-09-08T08:09:02Z,CC-BY-4.0
worldbank_pink_sheet,COCOA,global,2025-10-01,5.95,$/kg,2026-09-08T08:09:02Z,CC-BY-4.0
worldbank_pink_sheet,COCOA,global,2025-11-01,5.61,$/kg,2026-09-08T08:09:02Z,CC-BY-4.0
worldbank_pink_sheet,COCOA,global,2025-12-01,5.78,$/kg,2026-09-08T08:09:02Z,CC-BY-4.0
worldbank_pink_sheet,COCOA,global,2026-01-01,4.97,$/kg,2026-09-08T08:09:02Z,CC-BY-4.0
worldbank_pink_sheet,COCOA,global,2026-02-01,3.59,$/kg,2026-09-08T08:09:02Z,CC-BY-4.0
worldbank_pink_sheet,COCOA,global,2026-03-01,3.24,$/kg,2026-09-08T08:09:02Z,CC-BY-4.0
worldbank_pink_sheet,COCOA,global,2026-04-01,3.4,$/kg,2026-09-08T08:09:02Z,CC-BY-4.0
worldbank_pink_sheet,COCOA,global,2026-05-01,4.16,$/kg,2026-09-08T08:09:02Z,CC-BY-4.0
worldbank_pink_sheet,COCOA,global,2026-06-01,4.4,$/kg,2026-09-08T08:09:02Z,CC-BY-4.0
worldbank_pink_sheet,COCOA,global,2026-07-01,5.61,$/kg,2026-09-08T08:09:02Z,CC-BY-4.0
worldbank_pink_sheet,COCOA,global,2026-08-01,5.95,$/kg,2026-09-08T08:09:02Z,CC-BY-4.0
worldbank_pink_sheet,SUGAR_WLD,global,1960-01-01,0.07,$/kg,2026-09-08T08:09:02Z,CC-BY-4.0
worldbank_pink_sheet,SUGAR_WLD,global,1960-02-01,0.07,$/kg,2026-09-08T08:09:02Z,CC-BY-4.0
worldbank_pink_sheet,SUGAR_WLD,global,1960-03-01,0.07,$/kg,2026-09-08T08:09:02Z,CC-BY-4.0
worldbank_pink_sheet,SUGAR_WLD,global,1960-04-01,0.07,$/kg,2026-09-08T08:09:02Z,CC-BY-4.0
worldbank_pink_sheet,SUGAR_WLD,global,1960-05-01,0.07,$/kg,2026-09-08T08:09:02Z,CC-BY-4.0
worldbank_pink_sheet,SUGAR_WLD,global,1960-06-01,0.07,$/kg,2026-09-08T08:09:02Z,CC-BY-4.0
worldbank_pink_sheet,SUGAR_WLD,global,1960-07-01,0.07,$/kg,2026-09-08T08:09:02Z,CC-BY-4.0
worldbank_pink_sheet,SUGAR_WLD,global,1960-08-01,0.07,$/kg,2026-09-08T08:09:02Z,CC-BY-4.0
worldbank_pink_sheet,SUGAR_WLD,global,1960-09-01,0.07,$/kg,2026-09-08T08:09:02Z,CC-BY-4.0
worldbank_pink_sheet,SUGAR_WLD,global,1960-10-01,0.05,$/kg,2026-09-08T08:09:02Z,CC-BY-4.0
worldbank_pink_sheet,SUGAR_WLD,global,1960-11-01,0.05,$/kg,2026-09-08T08:09:02Z,CC-BY-4.0
worldbank_pink_sheet,SUGAR_WLD,global,1960-12-01,0.06,$/kg,2026-09-08T08:09:02Z,CC-BY-4.0
worldbank_pink_sheet,SUGAR_WLD,global,1961-01-01,0.06,$/kg,2026-09-08T08:09:02Z,CC-BY-4.0
worldbank_pink_sheet,SUGAR_WLD,global,1961-02-01,0.06,$/kg,2026-09-08T08:09:02Z,CC-BY-4.0
worldbank_pink_sheet,SUGAR_WLD,global,1961-03-01,0.06,$/kg,2026-09-08T08:09:02Z,CC-BY-4.0
worldbank_pink_sheet,SUGAR_WLD,global,1961-04-01,0.07,$/kg,2026-09-08T08:09:02Z,CC-BY-4.0
worldbank_pink_sheet,SUGAR_WLD,global,1961-05-01,0.07,$/kg,2026-09-08T08:09:02Z,CC-BY-4.0
worldbank_pink_sheet,SUGAR_WLD,global,1961-06-01,0.07,$/kg,2026-09-08T08:09:02Z,CC-BY-4.0
worldbank_pink_sheet,SUGAR_WLD,global,1961-07-01,0.06,$/kg,2026-09-08T08:09:02Z,CC-BY-4.0
worldbank_pink_sheet,SUGAR_WLD,global,1961-08-01,0.05,$/kg,2026-09-08T08:09:02Z,CC-BY-4.0
worldbank_pink_sheet,SUGAR_WLD,global,1961-09-01,0.05,$/kg,2026-09-08T08:09:02Z,CC-BY-4.0
worldbank_pink_sheet,SUGAR_WLD,global,1961-10-01,0.05,$/kg,2026-09-08T08:09:02Z,CC-BY-4.0
worldbank_pink_sheet,SUGAR_WLD,global,1961-11-01,0.05,$/kg,2026-09-08T08:09:02Z,CC-BY-4.0
worldbank_pink_sheet,SUGAR_WLD,global,1961-12-01,0.05,$/kg,2026-09-08T08:09:02Z,CC-BY-4.0
worldbank_pink_sheet,SUGAR_WLD,global,1962-01-01,0.05,$/kg,2026-09-08T08:09:02Z,CC-BY-4.0
worldbank_pink_sheet,SUGAR_WLD,global,1962-02-01,0.05,$/kg,2026-09-08T08:09:02Z,CC-BY-4.0
worldbank_pink_sheet,SUGAR_WLD,global,1962-03-01,0.06,$/kg,2026-09-08T08:09:02Z,CC-BY-4.0
worldbank_pink_sheet,SUGAR_WLD,global,1962-04-01,0.06,$/kg,2026-09-08T08:09:02Z,CC-BY-4.0
worldbank_pink_sheet,SUGAR_WLD,global,1962-05-01,0.06,$/kg,2026-09-08T08:09:02Z,CC-BY-4.0
worldbank_pink_sheet,SUGAR_WLD,global,1962-06-01,0.06,$/kg,2026-09-08T08:09:02Z,CC-BY-4.0
worldbank_pink_sheet,SUGAR_WLD,global,1962-07-01,0.06,$/kg,2026-09-08T08:09:02Z,CC-BY-4.0
worldbank_pink_sheet,SUGAR_WLD,global,1962-08-01,0.06,$/kg,2026-09-08T08:09:02Z,CC-BY-4.0
worldbank_pink_sheet,SUGAR_WLD,global,1962-09-01,0.06,$/kg,2026-09-08T08:09:02Z,CC-BY-4.0
worldbank_pink_sheet,SUGAR_WLD,global,1962-10-01,0.07,$/kg,2026-09-08T08:09:02Z,CC-BY-4.0
worldbank_pink_sheet,SUGAR_WLD,global,1962-11-01,0.08,$/kg,2026-09-08T08:09:02Z,CC-BY-4.0
worldbank_pink_sheet,SUGAR_WLD,global,1962-12-01,0.09,$/kg,2026-09-08T08:09:02Z,CC-BY-4.0
worldbank_pink_sheet,SUGAR_WLD,global,1963-01-01,0.12,$/kg,2026-09-08T08:09:02Z,CC-BY-4.0
worldbank_pink_sheet,SUGAR_WLD,global,1963-02-01,0.13,$/kg,2026-09-08T08:09:02Z,CC-BY-4.0
worldbank_pink_sheet,SUGAR_WLD,global,1963-03-01,0.14,$/kg,2026-09-08T08:09:02Z,CC-BY-4.0
worldbank_pink_sheet,SUGAR_WLD,global,1963-04-01,0.16,$/kg,2026-09-08T08:09:02Z,CC-BY-4.0
worldbank_pink_sheet,SUGAR_WLD,global,1963-05-01,0.22,$/kg,2026-09-08T08:09:02Z,CC-BY-4.0
worldbank_pink_sheet,SUGAR_WLD,global,1963-06-01,0.22,$/kg,2026-09-08T08:09:02Z,CC-BY-4.0
worldbank_pink_sheet,SUGAR_WLD,global,1963-07-01,0.2,$/kg,2026-09-08T08:09:02Z,CC-BY-4.0
worldbank_pink_sheet,SUGAR_WLD,global,1963-08-01,0.14,$/kg,2026-09-08T08:09:02Z,CC-BY-4.0
worldbank_pink_sheet,SUGAR_WLD,global,1963-09-01,0.16,$/kg,2026-09-08T08:09:02Z,CC-BY-4.0
worldbank_pink_sheet,SUGAR_WLD,global,1963-10-01,0.23,$/kg,2026-09-08T08:09:02Z,CC-BY-4.0
worldbank_pink_sheet,SUGAR_WLD,global,1963-11-01,0.25,$/kg,2026-09-08T08:09:02Z,CC-BY-4.0
worldbank_pink_sheet,SUGAR_WLD,global,1963-12-01,0.23,$/kg,2026-09-08T08:09:02Z,CC-BY-4.0
worldbank_pink_sheet,SUGAR_WLD,global,1964-01-01,0.23,$/kg,2026-09-08T08:09:02Z,CC-BY-4.0
worldbank_pink_sheet,SUGAR_WLD,global,1964-02-01,0.2,$/kg,2026-09-08T08:09:02Z,CC-BY-4.0
worldbank_pink_sheet,SUGAR_WLD,global,1964-03-01,0.16,$/kg,2026-09-08T08:09:02Z,CC-BY-4.0
worldbank_pink_sheet,SUGAR_WLD,global,1964-04-01,0.17,$/kg,2026-09-08T08:09:02Z,CC-BY-4.0
worldbank_pink_sheet,SUGAR_WLD,global,1964-05-01,0.15,$/kg,2026-09-08T08:09:02Z,CC-BY-4.0
worldbank_pink_sheet,SUGAR_WLD,global,1964-06-01,0.12,$/kg,2026-09-08T08:09:02Z,CC-BY-4.0
worldbank_pink_sheet,SUGAR_WLD,global,1964-07-01,0.1,$/kg,2026-09-08T08:09:02Z,CC-BY-4.0
worldbank_pink_sheet,SUGAR_WLD,global,1964-08-01,0.09,$/kg,2026-09-08T08:09:02Z,CC-BY-4.0
worldbank_pink_sheet,SUGAR_WLD,global,1964-09-01,0.08,$/kg,2026-09-08T08:09:02Z,CC-BY-4.0
worldbank_pink_sheet,SUGAR_WLD,global,1964-10-01,0.08,$/kg,2026-09-08T08:09:02Z,CC-BY-4.0
worldbank_pink_sheet,SUGAR_WLD,global,1964-11-01,0.07,$/kg,2026-09-08T08:09:02Z,CC-BY-4.0
worldbank_pink_sheet,SUGAR_WLD,global,1964-12-01,0.06,$/kg,2026-09-08T08:09:02Z,CC-BY-4.0
worldbank_pink_sheet,SUGAR_WLD,global,1965-01-01,0.05,$/kg,2026-09-08T08:09:02Z,CC-BY-4.0
worldbank_pink_sheet,SUGAR_WLD,global,1965-02-01,0.05,$/kg,2026-09-08T08:09:02Z,CC-BY-4.0
worldbank_pink_sheet,SUGAR_WLD,global,1965-03-01,0.05,$/kg,2026-09-08T08:09:02Z,CC-BY-4.0
worldbank_pink_sheet,SUGAR_WLD,global,1965-04-01,0.05,$/kg,2026-09-08T08:09:02Z,CC-BY-4.0
worldbank_pink_sheet,SUGAR_WLD,global,1965-05-01,0.05,$/kg,2026-09-08T08:09:02Z,CC-BY-4.0
worldbank_pink_sheet,SUGAR_WLD,global,1965-06-01,0.04,$/kg,2026-09-08T08:09:02Z,CC-BY-4.0
worldbank_pink_sheet,SUGAR_WLD,global,1965-07-01,0.04,$/kg,2026-09-08T08:09:02Z,CC-BY-4.0
worldbank_pink_sheet,SUGAR_WLD,global,1965-08-01,0.04,$/kg,2026-09-08T08:09:02Z,CC-BY-4.0
worldbank_pink_sheet,SUGAR_WLD,global,1965-09-01,0.04,$/kg,2026-09-08T08:09:02Z,CC-BY-4.0
worldbank_pink_sheet,SUGAR_WLD,global,1965-10-01,0.04,$/kg,2026-09-08T08:09:02Z,CC-BY-4.0
worldbank_pink_sheet,SUGAR_WLD,global,1965-11-01,0.04,$/kg,2026-09-08T08:09:02Z,CC-BY-4.0
worldbank_pink_sheet,SUGAR_WLD,global,1965-12-01,0.04,$/kg,2026-09-08T08:09:02Z,CC-BY-4.0
worldbank_pink_sheet,SUGAR_WLD,global,1966-01-01,0.05,$/kg,2026-09-08T08:09:02Z,CC-BY-4.0
worldbank_pink_sheet,SUGAR_WLD,global,1966-02-01,0.05,$/kg,2026-09-08T08:09:02Z,CC-BY-4.0
worldbank_pink_sheet,SUGAR_WLD,global,1966-03-01,0.05,$/kg,2026-09-08T08:09:02Z,CC-BY-4.0
worldbank_pink_sheet,SUGAR_WLD,global,1966-04-01,0.05,$/kg,2026-09-08T08:09:02Z,CC-BY-4.0
worldbank_pink_sheet,SUGAR_WLD,global,1966-05-01,0.05,$/kg,2026-09-08T08:09:02Z,CC-BY-4.0
worldbank_pink_sheet,SUGAR_WLD,global,1966-06-01,0.04,$/kg,2026-09-08T08:09:02Z,CC-BY-4.0
worldbank_pink_sheet,SUGAR_WLD,global,1966-07-01,0.04,$/kg,2026-09-08T08:09:02Z,CC-BY-4.0
worldbank_pink_sheet,SUGAR_WLD,global,1966-08-01,0.04,$/kg,2026-09-08T08:09:02Z,CC-BY-4.0
worldbank_pink_sheet,SUGAR_WLD,global,1966-09-01,0.03,$/kg,2026-09-08T08:09:02Z,CC-BY-4.0
worldbank_pink_sheet,SUGAR_WLD,global,1966-10-01,0.03,$/kg,2026-09-08T08:09:02Z,CC-BY-4.0
worldbank_pink_sheet,SUGAR_WLD,global,1966-11-01,0.03,$/kg,2026-09-08T08:09:02Z,CC-BY-4.0
worldbank_pink_sheet,SUGAR_WLD,global,1966-12-01,0.03,$/kg,2026-09-08T08:09:02Z,CC-BY-4.0
worldbank_pink_sheet,SUGAR_WLD,global,1967-01-01,0.03,$/kg,2026-09-08T08:09:02Z,CC-BY-4.0
worldbank_pink_sheet,SUGAR_WLD,global,1967-02-01,0.04,$/kg,2026-09-08T08:09:02Z,CC-BY-4.0
worldbank_pink_sheet,SUGAR_WLD,global,1967-03-01,0.03,$/kg,2026-09-08T08:09:02Z,CC-BY-4.0
worldbank_pink_sheet,SUGAR_WLD,global,1967-04-01,0.05,$/kg,2026-09-08T08:09:02Z,CC-BY-4.0
worldbank_pink_sheet,SUGAR_WLD,global,1967-05-01,0.06,$/kg,2026-09-08T08:09:02Z,CC-BY-4.0
worldbank_pink_sheet,SUGAR_WLD,global,1967-06-01,0.05,$/kg,2026-09-08T08:09:02Z,CC-BY-4.0
worldbank_pink_sheet,SUGAR_WLD,global,1967-07-01,0.04,$/kg,2026-09-08T08:09:02Z,CC-BY-4.0
worldbank_pink_sheet,SUGAR_WLD,global,1967-08-01,0.04,$/kg,2026-09-08T08:09:02Z,CC-BY-4.0
worldbank_pink_sheet,SUGAR_WLD,global,1967-09-01,0.04,$/kg,2026-09-08T08:09:02Z,CC-BY-4.0
worldbank_pink_sheet,SUGAR_WLD,global,1967-10-01,0.04,$/kg,2026-09-08T08:09:02Z,CC-BY-4.0
worldbank_pink_sheet,SUGAR_WLD,global,1967-11-01,0.05,$/kg,2026-09-08T08:09:02Z,CC-BY-4.0
worldbank_pink_sheet,SUGAR_WLD,global,1967-12-01,0.05,$/kg,2026-09-08T08:09:02Z,CC-BY-4.0
worldbank_pink_sheet,SUGAR_WLD,global,1968-01-01,0.05,$/kg,2026-09-08T08:09:02Z,CC-BY-4.0
worldbank_pink_sheet,SUGAR_WLD,global,1968-02-01,0.05,$/kg,2026-09-08T08:09:02Z,CC-BY-4.0
worldbank_pink_sheet,SUGAR_WLD,global,1968-03-01,0.04,$/kg,2026-09-08T08:09:02Z,CC-BY-4.0
worldbank_pink_sheet,SUGAR_WLD,global,1968-04-01,0.04,$/kg,2026-09-08T08:09:02Z,CC-BY-4.0
worldbank_pink_sheet,SUGAR_WLD,global,1968-05-01,0.04,$/kg,2026-09-08T08:09:02Z,CC-BY-4.0
worldbank_pink_sheet,SUGAR_WLD,global,1968-06-01,0.04,$/kg,2026-09-08T08:09:02Z,CC-BY-4.0
worldbank_pink_sheet,SUGAR_WLD,global,1968-07-01,0.04,$/kg,2026-09-08T08:09:02Z,CC-BY-4.0
worldbank_pink_sheet,SUGAR_WLD,global,1968-08-01,0.03,$/kg,2026-09-08T08:09:02Z,CC-BY-4.0
worldbank_pink_sheet,SUGAR_WLD,global,1968-09-01,0.03,$/kg,2026-09-08T08:09:02Z,CC-BY-4.0
worldbank_pink_sheet,SUGAR_WLD,global,1968-10-01,0.04,$/kg,2026-09-08T08:09:02Z,CC-BY-4.0
worldbank_pink_sheet,SUGAR_WLD,global,1968-11-01,0.05,$/kg,2026-09-08T08:09:02Z,CC-BY-4.0
worldbank_pink_sheet,SUGAR_WLD,global,1968-12-01,0.06,$/kg,2026-09-08T08:09:02Z,CC-BY-4.0
worldbank_pink_sheet,SUGAR_WLD,global,1969-01-01,0.06,$/kg,2026-09-08T08:09:02Z,CC-BY-4.0
worldbank_pink_sheet,SUGAR_WLD,global,1969-02-01,0.07,$/kg,2026-09-08T08:09:02Z,CC-BY-4.0
worldbank_pink_sheet,SUGAR_WLD,global,1969-03-01,0.08,$/kg,2026-09-08T08:09:02Z,CC-BY-4.0
worldbank_pink_sheet,SUGAR_WLD,global,1969-04-01,0.08,$/kg,2026-09-08T08:09:02Z,CC-BY-4.0
worldbank_pink_sheet,SUGAR_WLD,global,1969-05-01,0.08,$/kg,2026-09-08T08:09:02Z,CC-BY-4.0
worldbank_pink_sheet,SUGAR_WLD,global,1969-06-01,0.08,$/kg,2026-09-08T08:09:02Z,CC-BY-4.0
worldbank_pink_sheet,SUGAR_WLD,global,1969-07-01,0.08,$/kg,2026-09-08T08:09:02Z,CC-BY-4.0
worldbank_pink_sheet,SUGAR_WLD,global,1969-08-01,0.07,$/kg,2026-09-08T08:09:02Z,CC-BY-4.0
worldbank_pink_sheet,SUGAR_WLD,global,1969-09-01,0.06,$/kg,2026-09-08T08:09:02Z,CC-BY-4.0
worldbank_pink_sheet,SUGAR_WLD,global,1969-10-01,0.07,$/kg,2026-09-08T08:09:02Z,CC-BY-4.0
worldbank_pink_sheet,SUGAR_WLD,global,1969-11-01,0.07,$/kg,2026-09-08T08:09:02Z,CC-BY-4.0
worldbank_pink_sheet,SUGAR_WLD,global,1969-12-01,0.06,$/kg,2026-09-08T08:09:02Z,CC-BY-4.0
worldbank_pink_sheet,SUGAR_WLD,global,1970-01-01,0.08,$/kg,2026-09-08T08:09:02Z,CC-BY-4.0
worldbank_pink_sheet,SUGAR_WLD,global,1970-02-01,0.07,$/kg,2026-09-08T08:09:02Z,CC-BY-4.0
worldbank_pink_sheet,SUGAR_WLD,global,1970-03-01,0.07,$/kg,2026-09-08T08:09:02Z,CC-BY-4.0
worldbank_pink_sheet,SUGAR_WLD,global,1970-04-01,0.08,$/kg,2026-09-08T08:09:02Z,CC-BY-4.0
worldbank_pink_sheet,SUGAR_WLD,global,1970-05-01,0.08,$/kg,2026-09-08T08:09:02Z,CC-BY-4.0
worldbank_pink_sheet,SUGAR_WLD,global,1970-06-01,0.08,$/kg,2026-09-08T08:09:02Z,CC-BY-4.0
worldbank_pink_sheet,SUGAR_WLD,global,1970-07-01,0.08,$/kg,2026-09-08T08:09:02Z,CC-BY-4.0
worldbank_pink_sheet,SUGAR_WLD,global,1970-08-01,0.08,$/kg,2026-09-08T08:09:02Z,CC-BY-4.0
worldbank_pink_sheet,SUGAR_WLD,global,1970-09-01,0.09,$/kg,2026-09-08T08:09:02Z,CC-BY-4.0
worldbank_pink_sheet,SUGAR_WLD,global,1970-10-01,0.09,$/kg,2026-09-08T08:09:02Z,CC-BY-4.0
worldbank_pink_sheet,SUGAR_WLD,global,1970-11-01,0.09,$/kg,2026-09-08T08:09:02Z,CC-BY-4.0
worldbank_pink_sheet,SUGAR_WLD,global,1970-12-01,0.09,$/kg,2026-09-08T08:09:02Z,CC-BY-4.0
worldbank_pink_sheet,SUGAR_WLD,global,1971-01-01,0.1,$/kg,2026-09-08T08:09:02Z,CC-BY-4.0
worldbank_pink_sheet,SUGAR_WLD,global,1971-02-01,0.11,$/kg,2026-09-08T08:09:02Z,CC-BY-4.0
worldbank_pink_sheet,SUGAR_WLD,global,1971-03-01,0.1,$/kg,2026-09-08T08:09:02Z,CC-BY-4.0
worldbank_pink_sheet,SUGAR_WLD,global,1971-04-01,0.1,$/kg,2026-09-08T08:09:02Z,CC-BY-4.0
worldbank_pink_sheet,SUGAR_WLD,global,1971-05-01,0.1,$/kg,2026-09-08T08:09:02Z,CC-BY-4.0
worldbank_pink_sheet,SUGAR_WLD,global,1971-06-01,0.09,$/kg,2026-09-08T08:09:02Z,CC-BY-4.0
worldbank_pink_sheet,SUGAR_WLD,global,1971-07-01,0.09,$/kg,2026-09-08T08:09:02Z,CC-BY-4.0
worldbank_pink_sheet,SUGAR_WLD,global,1971-08-01,0.09,$/kg,2026-09-08T08:09:02Z,CC-BY-4.0
worldbank_pink_sheet,SUGAR_WLD,global,1971-09-01,0.09,$/kg,2026-09-08T08:09:02Z,CC-BY-4.0
worldbank_pink_sheet,SUGAR_WLD,global,1971-10-01,0.09,$/kg,2026-09-08T08:09:02Z,CC-BY-4.0
worldbank_pink_sheet,SUGAR_WLD,global,1971-11-01,0.09,$/kg,2026-09-08T08:09:02Z,CC-BY-4.0
worldbank_pink_sheet,SUGAR_WLD,global,1971-12-01,0.13,$/kg,2026-09-08T08:09:02Z,CC-BY-4.0
worldbank_pink_sheet,SUGAR_WLD,global,1972-01-01,0.17,$/kg,2026-09-08T08:09:02Z,CC-BY-4.0
worldbank_pink_sheet,SUGAR_WLD,global,1972-02-01,0.18,$/kg,2026-09-08T08:09:02Z,CC-BY-4.0
worldbank_pink_sheet,SUGAR_WLD,global,1972-03-01,0.19,$/kg,2026-09-08T08:09:02Z,CC-BY-4.0
worldbank_pink_sheet,SUGAR_WLD,global,1972-04-01,0.16,$/kg,2026-09-08T08:09:02Z,CC-BY-4.0
worldbank_pink_sheet,SUGAR_WLD,global,1972-05-01,0.15,$/kg,2026-09-08T08:09:02Z,CC-BY-4.0
worldbank_pink_sheet,SUGAR_WLD,global,1972-06-01,0.14,$/kg,2026-09-08T08:09:02Z,CC-BY-4.0
worldbank_pink_sheet,SUGAR_WLD,global,1972-07-01,0.12,$/kg,2026-09-08T08:09:02Z,CC-BY-4.0
worldbank_pink_sheet,SUGAR_WLD,global,1972-08-01,0.14,$/kg,2026-09-08T08:09:02Z,CC-BY-4.0
worldbank_pink_sheet,SUGAR_WLD,global,1972-09-01,0.16,$/kg,2026-09-08T08:09:02Z,CC-BY-4.0
worldbank_pink_sheet,SUGAR_WLD,global,1972-10-01,0.16,$/kg,2026-09-08T08:09:02Z,CC-BY-4.0
worldbank_pink_sheet,SUGAR_WLD,global,1972-11-01,0.16,$/kg,2026-09-08T08:09:02Z,CC-BY-4.0
worldbank_pink_sheet,SUGAR_WLD,global,1972-12-01,0.2,$/kg,2026-09-08T08:09:02Z,CC-BY-4.0
worldbank_pink_sheet,SUGAR_WLD,global,1973-01-01,0.21,$/kg,2026-09-08T08:09:02Z,CC-BY-4.0
worldbank_pink_sheet,SUGAR_WLD,global,1973-02-01,0.2,$/kg,2026-09-08T08:09:02Z,CC-BY-4.0
worldbank_pink_sheet,SUGAR_WLD,global,1973-03-01,0.19,$/kg,2026-09-08T08:09:02Z,CC-BY-4.0
worldbank_pink_sheet,SUGAR_WLD,global,1973-04-01,0.2,$/kg,2026-09-08T08:09:02Z,CC-BY-4.0
worldbank_pink_sheet,SUGAR_WLD,global,1973-05-01,0.2,$/kg,2026-09-08T08:09:02Z,CC-BY-4.0
worldbank_pink_sheet,SUGAR_WLD,global,1973-06-01,0.21,$/kg,2026-09-08T08:09:02Z,CC-BY-4.0
worldbank_pink_sheet,SUGAR_WLD,global,1973-07-01,0.21,$/kg,2026-09-08T08:09:02Z,CC-BY-4.0
worldbank_pink_sheet,SUGAR_WLD,global,1973-08-01,0.2,$/kg,2026-09-08T08:09:02Z,CC-BY-4.0
worldbank_pink_sheet,SUGAR_WLD,global,1973-09-01,0.2,$/kg,2026-09-08T08:09:02Z,CC-BY-4.0
worldbank_pink_sheet,SUGAR_WLD,global,1973-10-01,0.21,$/kg,2026-09-08T08:09:02Z,CC-BY-4.0
worldbank_pink_sheet,SUGAR_WLD,global,1973-11-01,0.22,$/kg,2026-09-08T08:09:02Z,CC-BY-4.0
worldbank_pink_sheet,SUGAR_WLD,global,1973-12-01,0.26,$/kg,2026-09-08T08:09:02Z,CC-BY-4.0
worldbank_pink_sheet,SUGAR_WLD,global,1974-01-01,0.33,$/kg,2026-09-08T08:09:02Z,CC-BY-4.0
worldbank_pink_sheet,SUGAR_WLD,global,1974-02-01,0.47,$/kg,2026-09-08T08:09:02Z,CC-BY-4.0
worldbank_pink_sheet,SUGAR_WLD,global,1974-03-01,0.47,$/kg,2026-09-08T08:09:02Z,CC-BY-4.0
worldbank_pink_sheet,SUGAR_WLD,global,1974-04-01,0.48,$/kg,2026-09-08T08:09:02Z,CC-BY-4.0
worldbank_pink_sheet,SUGAR_WLD,global,1974-05-01,0.52,$/kg,2026-09-08T08:09:02Z,CC-BY-4.0
worldbank_pink_sheet,SUGAR_WLD,global,1974-06-01,0.52,$/kg,2026-09-08T08:09:02Z,CC-BY-4.0
worldbank_pink_sheet,SUGAR_WLD,global,1974-07-01,0.55,$/kg,2026-09-08T08:09:02Z,CC-BY-4.0
worldbank_pink_sheet,SUGAR_WLD,global,1974-08-01,0.68,$/kg,2026-09-08T08:09:02Z,CC-BY-4.0
worldbank_pink_sheet,SUGAR_WLD,global,1974-09-01,0.75,$/kg,2026-09-08T08:09:02Z,CC-BY-4.0
worldbank_pink_sheet,SUGAR_WLD,global,1974-10-01,0.87,$/kg,2026-09-08T08:09:02Z,CC-BY-4.0
worldbank_pink_sheet,SUGAR_WLD,global,1974-11-01,1.24,$/kg,2026-09-08T08:09:02Z,CC-BY-4.0
worldbank_pink_sheet,SUGAR_WLD,global,1974-12-01,0.99,$/kg,2026-09-08T08:09:02Z,CC-BY-4.0
worldbank_pink_sheet,SUGAR_WLD,global,1975-01-01,0.84,$/kg,2026-09-08T08:09:02Z,CC-BY-4.0
worldbank_pink_sheet,SUGAR_WLD,global,1975-02-01,0.75,$/kg,2026-09-08T08:09:02Z,CC-BY-4.0
worldbank_pink_sheet,SUGAR_WLD,global,1975-03-01,0.58,$/kg,2026-09-08T08:09:02Z,CC-BY-4.0
worldbank_pink_sheet,SUGAR_WLD,global,1975-04-01,0.53,$/kg,2026-09-08T08:09:02Z,CC-BY-4.0
worldbank_pink_sheet,SUGAR_WLD,global,1975-05-01,0.39,$/kg,2026-09-08T08:09:02Z,CC-BY-4.0
worldbank_pink_sheet,SUGAR_WLD,global,1975-06-01,0.3,$/kg,2026-09-08T08:09:02Z,CC-BY-4.0
worldbank_pink_sheet,SUGAR_WLD,global,1975-07-01,0.37,$/kg,2026-09-08T08:09:02Z,CC-BY-4.0
worldbank_pink_sheet,SUGAR_WLD,global,1975-08-01,0.41,$/kg,2026-09-08T08:09:02Z,CC-BY-4.0
worldbank_pink_sheet,SUGAR_WLD,global,1975-09-01,0.34,$/kg,2026-09-08T08:09:02Z,CC-BY-4.0
worldbank_pink_sheet,SUGAR_WLD,global,1975-10-01,0.31,$/kg,2026-09-08T08:09:02Z,CC-BY-4.0
worldbank_pink_sheet,SUGAR_WLD,global,1975-11-01,0.3,$/kg,2026-09-08T08:09:02Z,CC-BY-4.0
worldbank_pink_sheet,SUGAR_WLD,global,1975-12-01,0.29,$/kg,2026-09-08T08:09:02Z,CC-BY-4.0
worldbank_pink_sheet,SUGAR_WLD,global,1976-01-01,0.31,$/kg,2026-09-08T08:09:02Z,CC-BY-4.0
worldbank_pink_sheet,SUGAR_WLD,global,1976-02-01,0.3,$/kg,2026-09-08T08:09:02Z,CC-BY-4.0
worldbank_pink_sheet,SUGAR_WLD,global,1976-03-01,0.33,$/kg,2026-09-08T08:09:02Z,CC-BY-4.0
worldbank_pink_sheet,SUGAR_WLD,global,1976-04-01,0.31,$/kg,2026-09-08T08:09:02Z,CC-BY-4.0
worldbank_pink_sheet,SUGAR_WLD,global,1976-05-01,0.32,$/kg,2026-09-08T08:09:02Z,CC-BY-4.0
worldbank_pink_sheet,SUGAR_WLD,global,1976-06-01,0.29,$/kg,2026-09-08T08:09:02Z,CC-BY-4.0
worldbank_pink_sheet,SUGAR_WLD,global,1976-07-01,0.29,$/kg,2026-09-08T08:09:02Z,CC-BY-4.0
worldbank_pink_sheet,SUGAR_WLD,global,1976-08-01,0.22,$/kg,2026-09-08T08:09:02Z,CC-BY-4.0
worldbank_pink_sheet,SUGAR_WLD,global,1976-09-01,0.18,$/kg,2026-09-08T08:09:02Z,CC-BY-4.0
worldbank_pink_sheet,SUGAR_WLD,global,1976-10-01,0.18,$/kg,2026-09-08T08:09:02Z,CC-BY-4.0
worldbank_pink_sheet,SUGAR_WLD,global,1976-11-01,0.17,$/kg,2026-09-08T08:09:02Z,CC-BY-4.0
worldbank_pink_sheet,SUGAR_WLD,global,1976-12-01,0.17,$/kg,2026-09-08T08:09:02Z,CC-BY-4.0
worldbank_pink_sheet,SUGAR_WLD,global,1977-01-01,0.18,$/kg,2026-09-08T08:09:02Z,CC-BY-4.0
worldbank_pink_sheet,SUGAR_WLD,global,1977-02-01,0.19,$/kg,2026-09-08T08:09:02Z,CC-BY-4.0
worldbank_pink_sheet,SUGAR_WLD,global,1977-03-01,0.2,$/kg,2026-09-08T08:09:02Z,CC-BY-4.0
worldbank_pink_sheet,SUGAR_WLD,global,1977-04-01,0.22,$/kg,2026-09-08T08:09:02Z,CC-BY-4.0
worldbank_pink_sheet,SUGAR_WLD,global,1977-05-01,0.2,$/kg,2026-09-08T08:09:02Z,CC-BY-4.0
worldbank_pink_sheet,SUGAR_WLD,global,1977-06-01,0.17,$/kg,2026-09-08T08:09:02Z,CC-BY-4.0
worldbank_pink_sheet,SUGAR_WLD,global,1977-07-01,0.16,$/kg,2026-09-08T08:09:02Z,CC-BY-4.0
worldbank_pink_sheet,SUGAR_WLD,global,1977-08-01,0.17,$/kg,2026-09-08T08:09:02Z,CC-BY-4.0
worldbank_pink_sheet,SUGAR_WLD,global,1977-09-01,0.16,$/kg,2026-09-08T08:09:02Z,CC-BY-4.0
worldbank_pink_sheet,SUGAR_WLD,global,1977-10-01,0.16,$/kg,2026-09-08T08:09:02Z,CC-BY-4.0
worldbank_pink_sheet,SUGAR_WLD,global,1977-11-01,0.16,$/kg,2026-09-08T08:09:02Z,CC-BY-4.0
worldbank_pink_sheet,SUGAR_WLD,global,1977-12-01,0.18,$/kg,2026-09-08T08:09:02Z,CC-BY-4.0
worldbank_pink_sheet,SUGAR_WLD,global,1978-01-01,0.19,$/kg,2026-09-08T08:09:02Z,CC-BY-4.0
worldbank_pink_sheet,SUGAR_WLD,global,1978-02-01,0.19,$/kg,2026-09-08T08:09:02Z,CC-BY-4.0
worldbank_pink_sheet,SUGAR_WLD,global,1978-03-01,0.17,$/kg,2026-09-08T08:09:02Z,CC-BY-4.0
worldbank_pink_sheet,SUGAR_WLD,global,1978-04-01,0.17,$/kg,2026-09-08T08:09:02Z,CC-BY-4.0
worldbank_pink_sheet,SUGAR_WLD,global,1978-05-01,0.16,$/kg,2026-09-08T08:09:02Z,CC-BY-4.0
worldbank_pink_sheet,SUGAR_WLD,global,1978-06-01,0.16,$/kg,2026-09-08T08:09:02Z,CC-BY-4.0
worldbank_pink_sheet,SUGAR_WLD,global,1978-07-01,0.14,$/kg,2026-09-08T08:09:02Z,CC-BY-4.0
worldbank_pink_sheet,SUGAR_WLD,global,1978-08-01,0.16,$/kg,2026-09-08T08:09:02Z,CC-BY-4.0
worldbank_pink_sheet,SUGAR_WLD,global,1978-09-01,0.18,$/kg,2026-09-08T08:09:02Z,CC-BY-4.0
worldbank_pink_sheet,SUGAR_WLD,global,1978-10-01,0.2,$/kg,2026-09-08T08:09:02Z,CC-BY-4.0
worldbank_pink_sheet,SUGAR_WLD,global,1978-11-01,0.18,$/kg,2026-09-08T08:09:02Z,CC-BY-4.0
worldbank_pink_sheet,SUGAR_WLD,global,1978-12-01,0.18,$/kg,2026-09-08T08:09:02Z,CC-BY-4.0
worldbank_pink_sheet,SUGAR_WLD,global,1979-01-01,0.17,$/kg,2026-09-08T08:09:02Z,CC-BY-4.0
worldbank_pink_sheet,SUGAR_WLD,global,1979-02-01,0.18,$/kg,2026-09-08T08:09:02Z,CC-BY-4.0
worldbank_pink_sheet,SUGAR_WLD,global,1979-03-01,0.19,$/kg,2026-09-08T08:09:02Z,CC-BY-4.0
worldbank_pink_sheet,SUGAR_WLD,global,1979-04-01,0.17,$/kg,2026-09-08T08:09:02Z,CC-BY-4.0
worldbank_pink_sheet,SUGAR_WLD,global,1979-05-01,0.17,$/kg,2026-09-08T08:09:02Z,CC-BY-4.0
worldbank_pink_sheet,SUGAR_WLD,global,1979-06-01,0.18,$/kg,2026-09-08T08:09:02Z,CC-BY-4.0
worldbank_pink_sheet,SUGAR_WLD,global,1979-07-01,0.19,$/kg,2026-09-08T08:09:02Z,CC-BY-4.0
worldbank_pink_sheet,SUGAR_WLD,global,1979-08-01,0.2,$/kg,2026-09-08T08:09:02Z,CC-BY-4.0
worldbank_pink_sheet,SUGAR_WLD,global,1979-09-01,0.22,$/kg,2026-09-08T08:09:02Z,CC-BY-4.0
worldbank_pink_sheet,SUGAR_WLD,global,1979-10-01,0.26,$/kg,2026-09-08T08:09:02Z,CC-BY-4.0
worldbank_pink_sheet,SUGAR_WLD,global,1979-11-01,0.3,$/kg,2026-09-08T08:09:02Z,CC-BY-4.0
worldbank_pink_sheet,SUGAR_WLD,global,1979-12-01,0.33,$/kg,2026-09-08T08:09:02Z,CC-BY-4.0
worldbank_pink_sheet,SUGAR_WLD,global,1980-01-01,0.38,$/kg,2026-09-08T08:09:02Z,CC-BY-4.0
worldbank_pink_sheet,SUGAR_WLD,global,1980-02-01,0.5,$/kg,2026-09-08T08:09:02Z,CC-BY-4.0
worldbank_pink_sheet,SUGAR_WLD,global,1980-03-01,0.43,$/kg,2026-09-08T08:09:02Z,CC-BY-4.0
worldbank_pink_sheet,SUGAR_WLD,global,1980-04-01,0.47,$/kg,2026-09-08T08:09:02Z,CC-BY-4.0
worldbank_pink_sheet,SUGAR_WLD,global,1980-05-01,0.68,$/kg,2026-09-08T08:09:02Z,CC-BY-4.0
worldbank_pink_sheet,SUGAR_WLD,global,1980-06-01,0.68,$/kg,2026-09-08T08:09:02Z,CC-BY-4.0
worldbank_pink_sheet,SUGAR_WLD,global,1980-07-01,0.61,$/kg,2026-09-08T08:09:02Z,CC-BY-4.0
worldbank_pink_sheet,SUGAR_WLD,global,1980-08-01,0.7,$/kg,2026-09-08T08:09:02Z,CC-BY-4.0
worldbank_pink_sheet,SUGAR_WLD,global,1980-09-01,0.76,$/kg,2026-09-08T08:09:02Z,CC-BY-4.0
worldbank_pink_sheet,SUGAR_WLD,global,1980-10-01,0.89,$/kg,2026-09-08T08:09:02Z,CC-BY-4.0
worldbank_pink_sheet,SUGAR_WLD,global,1980-11-01,0.83,$/kg,2026-09-08T08:09:02Z,CC-BY-4.0
worldbank_pink_sheet,SUGAR_WLD,global,1980-12-01,0.63,$/kg,2026-09-08T08:09:02Z,CC-BY-4.0
worldbank_pink_sheet,SUGAR_WLD,global,1981-01-01,0.62,$/kg,2026-09-08T08:09:02Z,CC-BY-4.0
worldbank_pink_sheet,SUGAR_WLD,global,1981-02-01,0.53,$/kg,2026-09-08T08:09:02Z,CC-BY-4.0
worldbank_pink_sheet,SUGAR_WLD,global,1981-03-01,0.5,$/kg,2026-09-08T08:09:02Z,CC-BY-4.0
worldbank_pink_sheet,SUGAR_WLD,global,1981-04-01,0.39,$/kg,2026-09-08T08:09:02Z,CC-BY-4.0
worldbank_pink_sheet,SUGAR_WLD,global,1981-05-01,0.33,$/kg,2026-09-08T08:09:02Z,CC-BY-4.0
worldbank_pink_sheet,SUGAR_WLD,global,1981-06-01,0.36,$/kg,2026-09-08T08:09:02Z,CC-BY-4.0
worldbank_pink_sheet,SUGAR_WLD,global,1981-07-01,0.36,$/kg,2026-09-08T08:09:02Z,CC-BY-4.0
worldbank_pink_sheet,SUGAR_WLD,global,1981-08-01,0.33,$/kg,2026-09-08T08:09:02Z,CC-BY-4.0
worldbank_pink_sheet,SUGAR_WLD,global,1981-09-01,0.26,$/kg,2026-09-08T08:09:02Z,CC-BY-4.0
worldbank_pink_sheet,SUGAR_WLD,global,1981-10-01,0.27,$/kg,2026-09-08T08:09:02Z,CC-BY-4.0
worldbank_pink_sheet,SUGAR_WLD,global,1981-11-01,0.26,$/kg,2026-09-08T08:09:02Z,CC-BY-4.0
worldbank_pink_sheet,SUGAR_WLD,global,1981-12-01,0.29,$/kg,2026-09-08T08:09:02Z,CC-BY-4.0
worldbank_pink_sheet,SUGAR_WLD,global,1982-01-01,0.29,$/kg,2026-09-08T08:09:02Z,CC-BY-4.0
worldbank_pink_sheet,SUGAR_WLD,global,1982-02-01,0.29,$/kg,2026-09-08T08:09:02Z,CC-BY-4.0
worldbank_pink_sheet,SUGAR_WLD,global,1982-03-01,0.25,$/kg,2026-09-08T08:09:02Z,CC-BY-4.0
worldbank_pink_sheet,SUGAR_WLD,global,1982-04-01,0.21,$/kg,2026-09-08T08:09:02Z,CC-BY-4.0
worldbank_pink_sheet,SUGAR_WLD,global,1982-05-01,0.18,$/kg,2026-09-08T08:09:02Z,CC-BY-4.0
worldbank_pink_sheet,SUGAR_WLD,global,1982-06-01,0.15,$/kg,2026-09-08T08:09:02Z,CC-BY-4.0
worldbank_pink_sheet,SUGAR_WLD,global,1982-07-01,0.17,$/kg,2026-09-08T08:09:02Z,CC-BY-4.0
worldbank_pink_sheet,SUGAR_WLD,global,1982-08-01,0.15,$/kg,2026-09-08T08:09:02Z,CC-BY-4.0
worldbank_pink_sheet,SUGAR_WLD,global,1982-09-01,0.13,$/kg,2026-09-08T08:09:02Z,CC-BY-4.0
worldbank_pink_sheet,SUGAR_WLD,global,1982-10-01,0.13,$/kg,2026-09-08T08:09:02Z,CC-BY-4.0
worldbank_pink_sheet,SUGAR_WLD,global,1982-11-01,0.14,$/kg,2026-09-08T08:09:02Z,CC-BY-4.0
worldbank_pink_sheet,SUGAR_WLD,global,1982-12-01,0.14,$/kg,2026-09-08T08:09:02Z,CC-BY-4.0
worldbank_pink_sheet,SUGAR_WLD,global,1983-01-01,0.13,$/kg,2026-09-08T08:09:02Z,CC-BY-4.0
worldbank_pink_sheet,SUGAR_WLD,global,1983-02-01,0.14,$/kg,2026-09-08T08:09:02Z,CC-BY-4.0
worldbank_pink_sheet,SUGAR_WLD,global,1983-03-01,0.14,$/kg,2026-09-08T08:09:02Z,CC-BY-4.0
worldbank_pink_sheet,SUGAR_WLD,global,1983-04-01,0.15,$/kg,2026-09-08T08:09:02Z,CC-BY-4.0
worldbank_pink_sheet,SUGAR_WLD,global,1983-05-01,0.2,$/kg,2026-09-08T08:09:02Z,CC-BY-4.0
worldbank_pink_sheet,SUGAR_WLD,global,1983-06-01,0.24,$/kg,2026-09-08T08:09:02Z,CC-BY-4.0
worldbank_pink_sheet,SUGAR_WLD,global,1983-07-01,0.23,$/kg,2026-09-08T08:09:02Z,CC-BY-4.0
worldbank_pink_sheet,SUGAR_WLD,global,1983-08-01,0.23,$/kg,2026-09-08T08:09:02Z,CC-BY-4.0
worldbank_pink_sheet,SUGAR_WLD,global,1983-09-01,0.21,$/kg,2026-09-08T08:09:02Z,CC-BY-4.0
worldbank_pink_sheet,SUGAR_WLD,global,1983-10-01,0.21,$/kg,2026-09-08T08:09:02Z,CC-BY-4.0
worldbank_pink_sheet,SUGAR_WLD,global,1983-11-01,0.18,$/kg,2026-09-08T08:09:02Z,CC-BY-4.0
worldbank_pink_sheet,SUGAR_WLD,global,1983-12-01,0.17,$/kg,2026-09-08T08:09:02Z,CC-BY-4.0
worldbank_pink_sheet,SUGAR_WLD,global,1984-01-01,0.15,$/kg,2026-09-08T08:09:02Z,CC-BY-4.0
worldbank_pink_sheet,SUGAR_WLD,global,1984-02-01,0.15,$/kg,2026-09-08T08:09:02Z,CC-BY-4.0
worldbank_pink_sheet,SUGAR_WLD,global,1984-03-01,0.14,$/kg,2026-09-08T08:09:02Z,CC-BY-4.0
worldbank_pink_sheet,SUGAR_WLD,global,1984-04-01,0.13,$/kg,2026-09-08T08:09:02Z,CC-BY-4.0
worldbank_pink_sheet,SUGAR_WLD,global,1984-05-01,0.12,$/kg,2026-09-08T08:09:02Z,CC-BY-4.0
worldbank_pink_sheet,SUGAR_WLD,global,1984-06-01,0.12,$/kg,2026-09-08T08:09:02Z,CC-BY-4.0
worldbank_pink_sheet,SUGAR_WLD,global,1984-07-01,0.1,$/kg,2026-09-08T08:09:02Z,CC-BY-4.0
worldbank_pink_sheet,SUGAR_WLD,global,1984-08-01,0.09,$/kg,2026-09-08T08:09:02Z,CC-BY-4.0
worldbank_pink_sheet,SUGAR_WLD,global,1984-09-01,0.09,$/kg,2026-09-08T08:09:02Z,CC-BY-4.0
worldbank_pink_sheet,SUGAR_WLD,global,1984-10-01,0.1,$/kg,2026-09-08T08:09:02Z,CC-BY-4.0
worldbank_pink_sheet,SUGAR_WLD,global,1984-11-01,0.1,$/kg,2026-09-08T08:09:02Z,CC-BY-4.0
worldbank_pink_sheet,SUGAR_WLD,global,1984-12-01,0.08,$/kg,2026-09-08T08:09:02Z,CC-BY-4.0
worldbank_pink_sheet,SUGAR_WLD,global,1985-01-01,0.08,$/kg,2026-09-08T08:09:02Z,CC-BY-4.0
worldbank_pink_sheet,SUGAR_WLD,global,1985-02-01,0.08,$/kg,2026-09-08T08:09:02Z,CC-BY-4.0
worldbank_pink_sheet,SUGAR_WLD,global,1985-03-01,0.08,$/kg,2026-09-08T08:09:02Z,CC-BY-4.0
worldbank_pink_sheet,SUGAR_WLD,global,1985-04-01,0.08,$/kg,2026-09-08T08:09:02Z,CC-BY-4.0
worldbank_pink_sheet,SUGAR_WLD,global,1985-05-01,0.06,$/kg,2026-09-08T08:09:02Z,CC-BY-4.0
worldbank_pink_sheet,SUGAR_WLD,global,1985-06-01,0.06,$/kg,2026-09-08T08:09:02Z,CC-BY-4.0
worldbank_pink_sheet,SUGAR_WLD,global,1985-07-01,0.07,$/kg,2026-09-08T08:09:02Z,CC-BY-4.0
worldbank_pink_sheet,SUGAR_WLD,global,1985-08-01,0.1,$/kg,2026-09-08T08:09:02Z,CC-BY-4.0
worldbank_pink_sheet,SUGAR_WLD,global,1985-09-01,0.11,$/kg,2026-09-08T08:09:02Z,CC-BY-4.0
worldbank_pink_sheet,SUGAR_WLD,global,1985-10-01,0.11,$/kg,2026-09-08T08:09:02Z,CC-BY-4.0
worldbank_pink_sheet,SUGAR_WLD,global,1985-11-01,0.12,$/kg,2026-09-08T08:09:02Z,CC-BY-4.0
worldbank_pink_sheet,SUGAR_WLD,global,1985-12-01,0.12,$/kg,2026-09-08T08:09:02Z,CC-BY-4.0
worldbank_pink_sheet,SUGAR_WLD,global,1986-01-01,0.11,$/kg,2026-09-08T08:09:02Z,CC-BY-4.0
worldbank_pink_sheet,SUGAR_WLD,global,1986-02-01,0.12,$/kg,2026-09-08T08:09:02Z,CC-BY-4.0
worldbank_pink_sheet,SUGAR_WLD,global,1986-03-01,0.15,$/kg,2026-09-08T08:09:02Z,CC-BY-4.0
worldbank_pink_sheet,SUGAR_WLD,global,1986-04-01,0.18,$/kg,2026-09-08T08:09:02Z,CC-BY-4.0
worldbank_pink_sheet,SUGAR_WLD,global,1986-05-01,0.17,$/kg,2026-09-08T08:09:02Z,CC-BY-4.0
worldbank_pink_sheet,SUGAR_WLD,global,1986-06-01,0.14,$/kg,2026-09-08T08:09:02Z,CC-BY-4.0
worldbank_pink_sheet,SUGAR_WLD,global,1986-07-01,0.12,$/kg,2026-09-08T08:09:02Z,CC-BY-4.0
worldbank_pink_sheet,SUGAR_WLD,global,1986-08-01,0.12,$/kg,2026-09-08T08:09:02Z,CC-BY-4.0
worldbank_pink_sheet,SUGAR_WLD,global,1986-09-01,0.1,$/kg,2026-09-08T08:09:02Z,CC-BY-4.0
worldbank_pink_sheet,SUGAR_WLD,global,1986-10-01,0.12,$/kg,2026-09-08T08:09:02Z,CC-BY-4.0
worldbank_pink_sheet,SUGAR_WLD,global,1986-11-01,0.13,$/kg,2026-09-08T08:09:02Z,CC-BY-4.0
worldbank_pink_sheet,SUGAR_WLD,global,1986-12-01,0.13,$/kg,2026-09-08T08:09:02Z,CC-BY-4.0
worldbank_pink_sheet,SUGAR_WLD,global,1987-01-01,0.14,$/kg,2026-09-08T08:09:02Z,CC-BY-4.0
worldbank_pink_sheet,SUGAR_WLD,global,1987-02-01,0.16,$/kg,2026-09-08T08:09:02Z,CC-BY-4.0
worldbank_pink_sheet,SUGAR_WLD,global,1987-03-01,0.17,$/kg,2026-09-08T08:09:02Z,CC-BY-4.0
worldbank_pink_sheet,SUGAR_WLD,global,1987-04-01,0.15,$/kg,2026-09-08T08:09:02Z,CC-BY-4.0
worldbank_pink_sheet,SUGAR_WLD,global,1987-05-01,0.15,$/kg,2026-09-08T08:09:02Z,CC-BY-4.0
worldbank_pink_sheet,SUGAR_WLD,global,1987-06-01,0.14,$/kg,2026-09-08T08:09:02Z,CC-BY-4.0
worldbank_pink_sheet,SUGAR_WLD,global,1987-07-01,0.13,$/kg,2026-09-08T08:09:02Z,CC-BY-4.0
worldbank_pink_sheet,SUGAR_WLD,global,1987-08-01,0.12,$/kg,2026-09-08T08:09:02Z,CC-BY-4.0
worldbank_pink_sheet,SUGAR_WLD,global,1987-09-01,0.13,$/kg,2026-09-08T08:09:02Z,CC-BY-4.0
worldbank_pink_sheet,SUGAR_WLD,global,1987-10-01,0.15,$/kg,2026-09-08T08:09:02Z,CC-BY-4.0
worldbank_pink_sheet,SUGAR_WLD,global,1987-11-01,0.16,$/kg,2026-09-08T08:09:02Z,CC-BY-4.0
worldbank_pink_sheet,SUGAR_WLD,global,1987-12-01,0.18,$/kg,2026-09-08T08:09:02Z,CC-BY-4.0
worldbank_pink_sheet,SUGAR_WLD,global,1988-01-01,0.21,$/kg,2026-09-08T08:09:02Z,CC-BY-4.0
worldbank_pink_sheet,SUGAR_WLD,global,1988-02-01,0.19,$/kg,2026-09-08T08:09:02Z,CC-BY-4.0
worldbank_pink_sheet,SUGAR_WLD,global,1988-03-01,0.19,$/kg,2026-09-08T08:09:02Z,CC-BY-4.0
worldbank_pink_sheet,SUGAR_WLD,global,1988-04-01,0.19,$/kg,2026-09-08T08:09:02Z,CC-BY-4.0
worldbank_pink_sheet,SUGAR_WLD,global,1988-05-01,0.2,$/kg,2026-09-08T08:09:02Z,CC-BY-4.0
worldbank_pink_sheet,SUGAR_WLD,global,1988-06-01,0.23,$/kg,2026-09-08T08:09:02Z,CC-BY-4.0
worldbank_pink_sheet,SUGAR_WLD,global,1988-07-01,0.31,$/kg,2026-09-08T08:09:02Z,CC-BY-4.0
worldbank_pink_sheet,SUGAR_WLD,global,1988-08-01,0.25,$/kg,2026-09-08T08:09:02Z,CC-BY-4.0
worldbank_pink_sheet,SUGAR_WLD,global,1988-09-01,0.22,$/kg,2026-09-08T08:09:02Z,CC-BY-4.0
worldbank_pink_sheet,SUGAR_WLD,global,1988-10-01,0.23,$/kg,2026-09-08T08:09:02Z,CC-BY-4.0
worldbank_pink_sheet,SUGAR_WLD,global,1988-11-01,0.24,$/kg,2026-09-08T08:09:02Z,CC-BY-4.0
worldbank_pink_sheet,SUGAR_WLD,global,1988-12-01,0.25,$/kg,2026-09-08T08:09:02Z,CC-BY-4.0
worldbank_pink_sheet,SUGAR_WLD,global,1989-01-01,0.21,$/kg,2026-09-08T08:09:02Z,CC-BY-4.0
worldbank_pink_sheet,SUGAR_WLD,global,1989-02-01,0.23,$/kg,2026-09-08T08:09:02Z,CC-BY-4.0
worldbank_pink_sheet,SUGAR_WLD,global,1989-03-01,0.25,$/kg,2026-09-08T08:09:02Z,CC-BY-4.0
worldbank_pink_sheet,SUGAR_WLD,global,1989-04-01,0.27,$/kg,2026-09-08T08:09:02Z,CC-BY-4.0
worldbank_pink_sheet,SUGAR_WLD,global,1989-05-01,0.26,$/kg,2026-09-08T08:09:02Z,CC-BY-4.0
worldbank_pink_sheet,SUGAR_WLD,global,1989-06-01,0.28,$/kg,2026-09-08T08:09:02Z,CC-BY-4.0
worldbank_pink_sheet,SUGAR_WLD,global,1989-07-01,0.31,$/kg,2026-09-08T08:09:02Z,CC-BY-4.0
worldbank_pink_sheet,SUGAR_WLD,global,1989-08-01,0.31,$/kg,2026-09-08T08:09:02Z,CC-BY-4.0
worldbank_pink_sheet,SUGAR_WLD,global,1989-09-01,0.31,$/kg,2026-09-08T08:09:02Z,CC-BY-4.0
worldbank_pink_sheet,SUGAR_WLD,global,1989-10-01,0.32,$/kg,2026-09-08T08:09:02Z,CC-BY-4.0
worldbank_pink_sheet,SUGAR_WLD,global,1989-11-01,0.33,$/kg,2026-09-08T08:09:02Z,CC-BY-4.0
worldbank_pink_sheet,SUGAR_WLD,global,1989-12-01,0.3,$/kg,2026-09-08T08:09:02Z,CC-BY-4.0
worldbank_pink_sheet,SUGAR_WLD,global,1990-01-01,0.31,$/kg,2026-09-08T08:09:02Z,CC-BY-4.0
worldbank_pink_sheet,SUGAR_WLD,global,1990-02-01,0.32,$/kg,2026-09-08T08:09:02Z,CC-BY-4.0
worldbank_pink_sheet,SUGAR_WLD,global,1990-03-01,0.34,$/kg,2026-09-08T08:09:02Z,CC-BY-4.0
worldbank_pink_sheet,SUGAR_WLD,global,1990-04-01,0.34,$/kg,2026-09-08T08:09:02Z,CC-BY-4.0
worldbank_pink_sheet,SUGAR_WLD,global,1990-05-01,0.32,$/kg,2026-09-08T08:09:02Z,CC-BY-4.0
worldbank_pink_sheet,SUGAR_WLD,global,1990-06-01,0.29,$/kg,2026-09-08T08:09:02Z,CC-BY-4.0
worldbank_pink_sheet,SUGAR_WLD,global,1990-07-01,0.26,$/kg,2026-09-08T08:09:02Z,CC-BY-4.0
worldbank_pink_sheet,SUGAR_WLD,global,1990-08-01,0.24,$/kg,2026-09-08T08:09:02Z,CC-BY-4.0
worldbank_pink_sheet,SUGAR_WLD,global,1990-09-01,0.24,$/kg,2026-09-08T08:09:02Z,CC-BY-4.0
worldbank_pink_sheet,SUGAR_WLD,global,1990-10-01,0.22,$/kg,2026-09-08T08:09:02Z,CC-BY-4.0
worldbank_pink_sheet,SUGAR_WLD,global,1990-11-01,0.22,$/kg,2026-09-08T08:09:02Z,CC-BY-4.0
worldbank_pink_sheet,SUGAR_WLD,global,1990-12-01,0.21,$/kg,2026-09-08T08:09:02Z,CC-BY-4.0
worldbank_pink_sheet,SUGAR_WLD,global,1991-01-01,0.19,$/kg,2026-09-08T08:09:02Z,CC-BY-4.0
worldbank_pink_sheet,SUGAR_WLD,global,1991-02-01,0.19,$/kg,2026-09-08T08:09:02Z,CC-BY-4.0
worldbank_pink_sheet,SUGAR_WLD,global,1991-03-01,0.2,$/kg,2026-09-08T08:09:02Z,CC-BY-4.0
worldbank_pink_sheet,SUGAR_WLD,global,1991-04-01,0.19,$/kg,2026-09-08T08:09:02Z,CC-BY-4.0
worldbank_pink_sheet,SUGAR_WLD,global,1991-05-01,0.17,$/kg,2026-09-08T08:09:02Z,CC-BY-4.0
worldbank_pink_sheet,SUGAR_WLD,global,1991-06-01,0.2,$/kg,2026-09-08T08:09:02Z,CC-BY-4.0
worldbank_pink_sheet,SUGAR_WLD,global,1991-07-01,0.23,$/kg,2026-09-08T08:09:02Z,CC-BY-4.0
worldbank_pink_sheet,SUGAR_WLD,global,1991-08-01,0.21,$/kg,2026-09-08T08:09:02Z,CC-BY-4.0
worldbank_pink_sheet,SUGAR_WLD,global,1991-09-01,0.2,$/kg,2026-09-08T08:09:02Z,CC-BY-4.0
worldbank_pink_sheet,SUGAR_WLD,global,1991-10-01,0.2,$/kg,2026-09-08T08:09:02Z,CC-BY-4.0
worldbank_pink_sheet,SUGAR_WLD,global,1991-11-01,0.19,$/kg,2026-09-08T08:09:02Z,CC-BY-4.0
worldbank_pink_sheet,SUGAR_WLD,global,1991-12-01,0.2,$/kg,2026-09-08T08:09:02Z,CC-BY-4.0
worldbank_pink_sheet,SUGAR_WLD,global,1992-01-01,0.18,$/kg,2026-09-08T08:09:02Z,CC-BY-4.0
worldbank_pink_sheet,SUGAR_WLD,global,1992-02-01,0.17,$/kg,2026-09-08T08:09:02Z,CC-BY-4.0
worldbank_pink_sheet,SUGAR_WLD,global,1992-03-01,0.18,$/kg,2026-09-08T08:09:02Z,CC-BY-4.0
worldbank_pink_sheet,SUGAR_WLD,global,1992-04-01,0.21,$/kg,2026-09-08T08:09:02Z,CC-BY-4.0
worldbank_pink_sheet,SUGAR_WLD,global,1992-05-01,0.21,$/kg,2026-09-08T08:09:02Z,CC-BY-4.0
worldbank_pink_sheet,SUGAR_WLD,global,1992-06-01,0.23,$/kg,2026-09-08T08:09:02Z,CC-BY-4.0
worldbank_pink_sheet,SUGAR_WLD,global,1992-07-01,0.23,$/kg,2026-09-08T08:09:02Z,CC-BY-4.0
worldbank_pink_sheet,SUGAR_WLD,global,1992-08-01,0.22,$/kg,2026-09-08T08:09:02Z,CC-BY-4.0
worldbank_pink_sheet,SUGAR_WLD,global,1992-09-01,0.21,$/kg,2026-09-08T08:09:02Z,CC-BY-4.0
worldbank_pink_sheet,SUGAR_WLD,global,1992-10-01,0.19,$/kg,2026-09-08T08:09:02Z,CC-BY-4.0
worldbank_pink_sheet,SUGAR_WLD,global,1992-11-01,0.19,$/kg,2026-09-08T08:09:02Z,CC-BY-4.0
worldbank_pink_sheet,SUGAR_WLD,global,1992-12-01,0.18,$/kg,2026-09-08T08:09:02Z,CC-BY-4.0
worldbank_pink_sheet,SUGAR_WLD,global,1993-01-01,0.18,$/kg,2026-09-08T08:09:02Z,CC-BY-4.0
worldbank_pink_sheet,SUGAR_WLD,global,1993-02-01,0.19,$/kg,2026-09-08T08:09:02Z,CC-BY-4.0
worldbank_pink_sheet,SUGAR_WLD,global,1993-03-01,0.23,$/kg,2026-09-08T08:09:02Z,CC-BY-4.0
worldbank_pink_sheet,SUGAR_WLD,global,1993-04-01,0.25,$/kg,2026-09-08T08:09:02Z,CC-BY-4.0
worldbank_pink_sheet,SUGAR_WLD,global,1993-05-01,0.26,$/kg,2026-09-08T08:09:02Z,CC-BY-4.0
worldbank_pink_sheet,SUGAR_WLD,global,1993-06-01,0.23,$/kg,2026-09-08T08:09:02Z,CC-BY-4.0
worldbank_pink_sheet,SUGAR_WLD,global,1993-07-01,0.21,$/kg,2026-09-08T08:09:02Z,CC-BY-4.0
worldbank_pink_sheet,SUGAR_WLD,global,1993-08-01,0.21,$/kg,2026-09-08T08:09:02Z,CC-BY-4.0
worldbank_pink_sheet,SUGAR_WLD,global,1993-09-01,0.21,$/kg,2026-09-08T08:09:02Z,CC-BY-4.0
worldbank_pink_sheet,SUGAR_WLD,global,1993-10-01,0.23,$/kg,2026-09-08T08:09:02Z,CC-BY-4.0
worldbank_pink_sheet,SUGAR_WLD,global,1993-11-01,0.22,$/kg,2026-09-08T08:09:02Z,CC-BY-4.0
worldbank_pink_sheet,SUGAR_WLD,global,1993-12-01,0.23,$/kg,2026-09-08T08:09:02Z,CC-BY-4.0
worldbank_pink_sheet,SUGAR_WLD,global,1994-01-01,0.23,$/kg,2026-09-08T08:09:02Z,CC-BY-4.0
worldbank_pink_sheet,SUGAR_WLD,global,1994-02-01,0.24,$/kg,2026-09-08T08:09:02Z,CC-BY-4.0
worldbank_pink_sheet,SUGAR_WLD,global,1994-03-01,0.26,$/kg,2026-09-08T08:09:02Z,CC-BY-4.0
worldbank_pink_sheet,SUGAR_WLD,global,1994-04-01,0.24,$/kg,2026-09-08T08:09:02Z,CC-BY-4.0
worldbank_pink_sheet,SUGAR_WLD,global,1994-05-01,0.26,$/kg,2026-09-08T08:09:02Z,CC-BY-4.0
worldbank_pink_sheet,SUGAR_WLD,global,1994-06-01,0.27,$/kg,2026-09-08T08:09:02Z,CC-BY-4.0
worldbank_pink_sheet,SUGAR_WLD,global,1994-07-01,0.26,$/kg,2026-09-08T08:09:02Z,CC-BY-4.0
worldbank_pink_sheet,SUGAR_WLD,global,1994-08-01,0.27,$/kg,2026-09-08T08:09:02Z,CC-BY-4.0
worldbank_pink_sheet,SUGAR_WLD,global,1994-09-01,0.28,$/kg,2026-09-08T08:09:02Z,CC-BY-4.0
worldbank_pink_sheet,SUGAR_WLD,global,1994-10-01,0.28,$/kg,2026-09-08T08:09:02Z,CC-BY-4.0
worldbank_pink_sheet,SUGAR_WLD,global,1994-11-01,0.31,$/kg,2026-09-08T08:09:02Z,CC-BY-4.0
worldbank_pink_sheet,SUGAR_WLD,global,1994-12-01,0.32,$/kg,2026-09-08T08:09:02Z,CC-BY-4.0
worldbank_pink_sheet,SUGAR_WLD,global,1995-01-01,0.33,$/kg,2026-09-08T08:09:02Z,CC-BY-4.0
worldbank_pink_sheet,SUGAR_WLD,global,1995-02-01,0.32,$/kg,2026-09-08T08:09:02Z,CC-BY-4.0
worldbank_pink_sheet,SUGAR_WLD,global,1995-03-01,0.32,$/kg,2026-09-08T08:09:02Z,CC-BY-4.0
worldbank_pink_sheet,SUGAR_WLD,global,1995-04-01,0.3,$/kg,2026-09-08T08:09:02Z,CC-BY-4.0
worldbank_pink_sheet,SUGAR_WLD,global,1995-05-01,0.3,$/kg,2026-09-08T08:09:02Z,CC-BY-4.0
worldbank_pink_sheet,SUGAR_WLD,global,1995-06-01,0.31,$/kg,2026-09-08T08:09:02Z,CC-BY-4.0
worldbank_pink_sheet,SUGAR_WLD,global,1995-07-01,0.3,$/kg,2026-09-08T08:09:02Z,CC-BY-4.0
worldbank_pink_sheet,SUGAR_WLD,global,1995-08-01,0.29,$/kg,2026-09-08T08:09:02Z,CC-BY-4.0
worldbank_pink_sheet,SUGAR_WLD,global,1995-09-01,0.26,$/kg,2026-09-08T08:09:02Z,CC-BY-4.0
worldbank_pink_sheet,SUGAR_WLD,global,1995-10-01,0.26,$/kg,2026-09-08T08:09:02Z,CC-BY-4.0
worldbank_pink_sheet,SUGAR_WLD,global,1995-11-01,0.26,$/kg,2026-09-08T08:09:02Z,CC-BY-4.0
worldbank_pink_sheet,SUGAR_WLD,global,1995-12-01,0.27,$/kg,2026-09-08T08:09:02Z,CC-BY-4.0
worldbank_pink_sheet,SUGAR_WLD,global,1996-01-01,0.28,$/kg,2026-09-08T08:09:02Z,CC-BY-4.0
worldbank_pink_sheet,SUGAR_WLD,global,1996-02-01,0.28,$/kg,2026-09-08T08:09:02Z,CC-BY-4.0
worldbank_pink_sheet,SUGAR_WLD,global,1996-03-01,0.28,$/kg,2026-09-08T08:09:02Z,CC-BY-4.0
worldbank_pink_sheet,SUGAR_WLD,global,1996-04-01,0.26,$/kg,2026-09-08T08:09:02Z,CC-BY-4.0
worldbank_pink_sheet,SUGAR_WLD,global,1996-05-01,0.25,$/kg,2026-09-08T08:09:02Z,CC-BY-4.0
worldbank_pink_sheet,SUGAR_WLD,global,1996-06-01,0.27,$/kg,2026-09-08T08:09:02Z,CC-BY-4.0
worldbank_pink_sheet,SUGAR_WLD,global,1996-07-01,0.28,$/kg,2026-09-08T08:09:02Z,CC-BY-4.0
worldbank_pink_sheet,SUGAR_WLD,global,1996-08-01,0.27,$/kg,2026-09-08T08:09:02Z,CC-BY-4.0
worldbank_pink_sheet,SUGAR_WLD,global,1996-09-01,0.26,$/kg,2026-09-08T08:09:02Z,CC-BY-4.0
worldbank_pink_sheet,SUGAR_WLD,global,1996-10-01,0.25,$/kg,2026-09-08T08:09:02Z,CC-BY-4.0
worldbank_pink_sheet,SUGAR_WLD,global,1996-11-01,0.24,$/kg,2026-09-08T08:09:02Z,CC-BY-4.0
worldbank_pink_sheet,SUGAR_WLD,global,1996-12-01,0.24,$/kg,2026-09-08T08:09:02Z,CC-BY-4.0
worldbank_pink_sheet,SUGAR_WLD,global,1997-01-01,0.24,$/kg,2026-09-08T08:09:02Z,CC-BY-4.0
worldbank_pink_sheet,SUGAR_WLD,global,1997-02-01,0.24,$/kg,2026-09-08T08:09:02Z,CC-BY-4.0
worldbank_pink_sheet,SUGAR_WLD,global,1997-03-01,0.24,$/kg,2026-09-08T08:09:02Z,CC-BY-4.0
worldbank_pink_sheet,SUGAR_WLD,global,1997-04-01,0.25,$/kg,2026-09-08T08:09:02Z,CC-BY-4.0
worldbank_pink_sheet,SUGAR_WLD,global,1997-05-01,0.24,$/kg,2026-09-08T08:09:02Z,CC-BY-4.0
worldbank_pink_sheet,SUGAR_WLD,global,1997-06-01,0.25,$/kg,2026-09-08T08:09:02Z,CC-BY-4.0
worldbank_pink_sheet,SUGAR_WLD,global,1997-07-01,0.25,$/kg,2026-09-08T08:09:02Z,CC-BY-4.0
worldbank_pink_sheet,SUGAR_WLD,global,1997-08-01,0.26,$/kg,2026-09-08T08:09:02Z,CC-BY-4.0
worldbank_pink_sheet,SUGAR_WLD,global,1997-09-01,0.25,$/kg,2026-09-08T08:09:02Z,CC-BY-4.0
worldbank_pink_sheet,SUGAR_WLD,global,1997-10-01,0.25,$/kg,2026-09-08T08:09:02Z,CC-BY-4.0
worldbank_pink_sheet,SUGAR_WLD,global,1997-11-01,0.26,$/kg,2026-09-08T08:09:02Z,CC-BY-4.0
worldbank_pink_sheet,SUGAR_WLD,global,1997-12-01,0.27,$/kg,2026-09-08T08:09:02Z,CC-BY-4.0
worldbank_pink_sheet,SUGAR_WLD,global,1998-01-01,0.25,$/kg,2026-09-08T08:09:02Z,CC-BY-4.0
worldbank_pink_sheet,SUGAR_WLD,global,1998-02-01,0.24,$/kg,2026-09-08T08:09:02Z,CC-BY-4.0
worldbank_pink_sheet,SUGAR_WLD,global,1998-03-01,0.22,$/kg,2026-09-08T08:09:02Z,CC-BY-4.0
worldbank_pink_sheet,SUGAR_WLD,global,1998-04-01,0.21,$/kg,2026-09-08T08:09:02Z,CC-BY-4.0
worldbank_pink_sheet,SUGAR_WLD,global,1998-05-01,0.2,$/kg,2026-09-08T08:09:02Z,CC-BY-4.0
worldbank_pink_sheet,SUGAR_WLD,global,1998-06-01,0.18,$/kg,2026-09-08T08:09:02Z,CC-BY-4.0
worldbank_pink_sheet,SUGAR_WLD,global,1998-07-01,0.19,$/kg,2026-09-08T08:09:02Z,CC-BY-4.0
worldbank_pink_sheet,SUGAR_WLD,global,1998-08-01,0.19,$/kg,2026-09-08T08:09:02Z,CC-BY-4.0
worldbank_pink_sheet,SUGAR_WLD,global,1998-09-01,0.16,$/kg,2026-09-08T08:09:02Z,CC-BY-4.0
worldbank_pink_sheet,SUGAR_WLD,global,1998-10-01,0.16,$/kg,2026-09-08T08:09:02Z,CC-BY-4.0
worldbank_pink_sheet,SUGAR_WLD,global,1998-11-01,0.18,$/kg,2026-09-08T08:09:02Z,CC-BY-4.0
worldbank_pink_sheet,SUGAR_WLD,global,1998-12-01,0.18,$/kg,2026-09-08T08:09:02Z,CC-BY-4.0
worldbank_pink_sheet,SUGAR_WLD,global,1999-01-01,0.18,$/kg,2026-09-08T08:09:02Z,CC-BY-4.0
worldbank_pink_sheet,SUGAR_WLD,global,1999-02-01,0.15,$/kg,2026-09-08T08:09:02Z,CC-BY-4.0
worldbank_pink_sheet,SUGAR_WLD,global,1999-03-01,0.13,$/kg,2026-09-08T08:09:02Z,CC-BY-4.0
worldbank_pink_sheet,SUGAR_WLD,global,1999-04-01,0.12,$/kg,2026-09-08T08:09:02Z,CC-BY-4.0
worldbank_pink_sheet,SUGAR_WLD,global,1999-05-01,0.13,$/kg,2026-09-08T08:09:02Z,CC-BY-4.0
worldbank_pink_sheet,SUGAR_WLD,global,1999-06-01,0.13,$/kg,2026-09-08T08:09:02Z,CC-BY-4.0
worldbank_pink_sheet,SUGAR_WLD,global,1999-07-01,0.12,$/kg,2026-09-08T08:09:02Z,CC-BY-4.0
worldbank_pink_sheet,SUGAR_WLD,global,1999-08-01,0.13,$/kg,2026-09-08T08:09:02Z,CC-BY-4.0
worldbank_pink_sheet,SUGAR_WLD,global,1999-09-01,0.15,$/kg,2026-09-08T08:09:02Z,CC-BY-4.0
worldbank_pink_sheet,SUGAR_WLD,global,1999-10-01,0.15,$/kg,2026-09-08T08:09:02Z,CC-BY-4.0
worldbank_pink_sheet,SUGAR_WLD,global,1999-11-01,0.14,$/kg,2026-09-08T08:09:02Z,CC-BY-4.0
worldbank_pink_sheet,SUGAR_WLD,global,1999-12-01,0.13,$/kg,2026-09-08T08:09:02Z,CC-BY-4.0
worldbank_pink_sheet,SUGAR_WLD,global,2000-01-01,0.12,$/kg,2026-09-08T08:09:02Z,CC-BY-4.0
worldbank_pink_sheet,SUGAR_WLD,global,2000-02-01,0.12,$/kg,2026-09-08T08:09:02Z,CC-BY-4.0
worldbank_pink_sheet,SUGAR_WLD,global,2000-03-01,0.11,$/kg,2026-09-08T08:09:02Z,CC-BY-4.0
worldbank_pink_sheet,SUGAR_WLD,global,2000-04-01,0.13,$/kg,2026-09-08T08:09:02Z,CC-BY-4.0
worldbank_pink_sheet,SUGAR_WLD,global,2000-05-01,0.15,$/kg,2026-09-08T08:09:02Z,CC-BY-4.0
worldbank_pink_sheet,SUGAR_WLD,global,2000-06-01,0.18,$/kg,2026-09-08T08:09:02Z,CC-BY-4.0
worldbank_pink_sheet,SUGAR_WLD,global,2000-07-01,0.21,$/kg,2026-09-08T08:09:02Z,CC-BY-4.0
worldbank_pink_sheet,SUGAR_WLD,global,2000-08-01,0.23,$/kg,2026-09-08T08:09:02Z,CC-BY-4.0
worldbank_pink_sheet,SUGAR_WLD,global,2000-09-01,0.22,$/kg,2026-09-08T08:09:02Z,CC-BY-4.0
worldbank_pink_sheet,SUGAR_WLD,global,2000-10-01,0.24,$/kg,2026-09-08T08:09:02Z,CC-BY-4.0
worldbank_pink_sheet,SUGAR_WLD,global,2000-11-01,0.22,$/kg,2026-09-08T08:09:02Z,CC-BY-4.0
worldbank_pink_sheet,SUGAR_WLD,global,2000-12-01,0.22,$/kg,2026-09-08T08:09:02Z,CC-BY-4.0
worldbank_pink_sheet,SUGAR_WLD,global,2001-01-01,0.23,$/kg,2026-09-08T08:09:02Z,CC-BY-4.0
worldbank_pink_sheet,SUGAR_WLD,global,2001-02-01,0.22,$/kg,2026-09-08T08:09:02Z,CC-BY-4.0
worldbank_pink_sheet,SUGAR_WLD,global,2001-03-01,0.2,$/kg,2026-09-08T08:09:02Z,CC-BY-4.0
worldbank_pink_sheet,SUGAR_WLD,global,2001-04-01,0.19,$/kg,2026-09-08T08:09:02Z,CC-BY-4.0
worldbank_pink_sheet,SUGAR_WLD,global,2001-05-01,0.21,$/kg,2026-09-08T08:09:02Z,CC-BY-4.0
worldbank_pink_sheet,SUGAR_WLD,global,2001-06-01,0.2,$/kg,2026-09-08T08:09:02Z,CC-BY-4.0
worldbank_pink_sheet,SUGAR_WLD,global,2001-07-01,0.19,$/kg,2026-09-08T08:09:02Z,CC-BY-4.0
worldbank_pink_sheet,SUGAR_WLD,global,2001-08-01,0.18,$/kg,2026-09-08T08:09:02Z,CC-BY-4.0
worldbank_pink_sheet,SUGAR_WLD,global,2001-09-01,0.17,$/kg,2026-09-08T08:09:02Z,CC-BY-4.0
worldbank_pink_sheet,SUGAR_WLD,global,2001-10-01,0.15,$/kg,2026-09-08T08:09:02Z,CC-BY-4.0
worldbank_pink_sheet,SUGAR_WLD,global,2001-11-01,0.17,$/kg,2026-09-08T08:09:02Z,CC-BY-4.0
worldbank_pink_sheet,SUGAR_WLD,global,2001-12-01,0.17,$/kg,2026-09-08T08:09:02Z,CC-BY-4.0
worldbank_pink_sheet,SUGAR_WLD,global,2002-01-01,0.17,$/kg,2026-09-08T08:09:02Z,CC-BY-4.0
worldbank_pink_sheet,SUGAR_WLD,global,2002-02-01,0.14,$/kg,2026-09-08T08:09:02Z,CC-BY-4.0
worldbank_pink_sheet,SUGAR_WLD,global,2002-03-01,0.15,$/kg,2026-09-08T08:09:02Z,CC-BY-4.0
worldbank_pink_sheet,SUGAR_WLD,global,2002-04-01,0.15,$/kg,2026-09-08T08:09:02Z,CC-BY-4.0
worldbank_pink_sheet,SUGAR_WLD,global,2002-05-01,0.13,$/kg,2026-09-08T08:09:02Z,CC-BY-4.0
worldbank_pink_sheet,SUGAR_WLD,global,2002-06-01,0.13,$/kg,2026-09-08T08:09:02Z,CC-BY-4.0
worldbank_pink_sheet,SUGAR_WLD,global,2002-07-01,0.14,$/kg,2026-09-08T08:09:02Z,CC-BY-4.0
worldbank_pink_sheet,SUGAR_WLD,global,2002-08-01,0.14,$/kg,2026-09-08T08:09:02Z,CC-BY-4.0
worldbank_pink_sheet,SUGAR_WLD,global,2002-09-01,0.15,$/kg,2026-09-08T08:09:02Z,CC-BY-4.0
worldbank_pink_sheet,SUGAR_WLD,global,2002-10-01,0.17,$/kg,2026-09-08T08:09:02Z,CC-BY-4.0
worldbank_pink_sheet,SUGAR_WLD,global,2002-11-01,0.17,$/kg,2026-09-08T08:09:02Z,CC-BY-4.0
worldbank_pink_sheet,SUGAR_WLD,global,2002-12-01,0.18,$/kg,2026-09-08T08:09:02Z,CC-BY-4.0
worldbank_pink_sheet,SUGAR_WLD,global,2003-01-01,0.18,$/kg,2026-09-08T08:09:02Z,CC-BY-4.0
worldbank_pink_sheet,SUGAR_WLD,global,2003-02-01,0.2,$/kg,2026-09-08T08:09:02Z,CC-BY-4.0
worldbank_pink_sheet,SUGAR_WLD,global,2003-03-01,0.18,$/kg,2026-09-08T08:09:02Z,CC-BY-4.0
worldbank_pink_sheet,SUGAR_WLD,global,2003-04-01,0.17,$/kg,2026-09-08T08:09:02Z,CC-BY-4.0
worldbank_pink_sheet,SUGAR_WLD,global,2003-05-01,0.16,$/kg,2026-09-08T08:09:02Z,CC-BY-4.0
worldbank_pink_sheet,SUGAR_WLD,global,2003-06-01,0.15,$/kg,2026-09-08T08:09:02Z,CC-BY-4.0
worldbank_pink_sheet,SUGAR_WLD,global,2003-07-01,0.15,$/kg,2026-09-08T08:09:02Z,CC-BY-4.0
worldbank_pink_sheet,SUGAR_WLD,global,2003-08-01,0.15,$/kg,2026-09-08T08:09:02Z,CC-BY-4.0
worldbank_pink_sheet,SUGAR_WLD,global,2003-09-01,0.13,$/kg,2026-09-08T08:09:02Z,CC-BY-4.0
worldbank_pink_sheet,SUGAR_WLD,global,2003-10-01,0.13,$/kg,2026-09-08T08:09:02Z,CC-BY-4.0
worldbank_pink_sheet,SUGAR_WLD,global,2003-11-01,0.13,$/kg,2026-09-08T08:09:02Z,CC-BY-4.0
worldbank_pink_sheet,SUGAR_WLD,global,2003-12-01,0.14,$/kg,2026-09-08T08:09:02Z,CC-BY-4.0
worldbank_pink_sheet,SUGAR_WLD,global,2004-01-01,0.13,$/kg,2026-09-08T08:09:02Z,CC-BY-4.0
worldbank_pink_sheet,SUGAR_WLD,global,2004-02-01,0.13,$/kg,2026-09-08T08:09:02Z,CC-BY-4.0
worldbank_pink_sheet,SUGAR_WLD,global,2004-03-01,0.14,$/kg,2026-09-08T08:09:02Z,CC-BY-4.0
worldbank_pink_sheet,SUGAR_WLD,global,2004-04-01,0.15,$/kg,2026-09-08T08:09:02Z,CC-BY-4.0
worldbank_pink_sheet,SUGAR_WLD,global,2004-05-01,0.14,$/kg,2026-09-08T08:09:02Z,CC-BY-4.0
worldbank_pink_sheet,SUGAR_WLD,global,2004-06-01,0.15,$/kg,2026-09-08T08:09:02Z,CC-BY-4.0
worldbank_pink_sheet,SUGAR_WLD,global,2004-07-01,0.17,$/kg,2026-09-08T08:09:02Z,CC-BY-4.0
worldbank_pink_sheet,SUGAR_WLD,global,2004-08-01,0.17,$/kg,2026-09-08T08:09:02Z,CC-BY-4.0
worldbank_pink_sheet,SUGAR_WLD,global,2004-09-01,0.17,$/kg,2026-09-08T08:09:02Z,CC-BY-4.0
worldbank_pink_sheet,SUGAR_WLD,global,2004-10-01,0.19,$/kg,2026-09-08T08:09:02Z,CC-BY-4.0
worldbank_pink_sheet,SUGAR_WLD,global,2004-11-01,0.18,$/kg,2026-09-08T08:09:02Z,CC-BY-4.0
worldbank_pink_sheet,SUGAR_WLD,global,2004-12-01,0.18,$/kg,2026-09-08T08:09:02Z,CC-BY-4.0
worldbank_pink_sheet,SUGAR_WLD,global,2005-01-01,0.19,$/kg,2026-09-08T08:09:02Z,CC-BY-4.0
worldbank_pink_sheet,SUGAR_WLD,global,2005-02-01,0.2,$/kg,2026-09-08T08:09:02Z,CC-BY-4.0
worldbank_pink_sheet,SUGAR_WLD,global,2005-03-01,0.2,$/kg,2026-09-08T08:09:02Z,CC-BY-4.0
worldbank_pink_sheet,SUGAR_WLD,global,2005-04-01,0.19,$/kg,2026-09-08T08:09:02Z,CC-BY-4.0
worldbank_pink_sheet,SUGAR_WLD,global,2005-05-01,0.19,$/kg,2026-09-08T08:09:02Z,CC-BY-4.0
worldbank_pink_sheet,SUGAR_WLD,global,2005-06-01,0.2,$/kg,2026-09-08T08:09:02Z,CC-BY-4.0
worldbank_pink_sheet,SUGAR_WLD,global,2005-07-01,0.21,$/kg,2026-09-08T08:09:02Z,CC-BY-4.0
worldbank_pink_sheet,SUGAR_WLD,global,2005-08-01,0.22,$/kg,2026-09-08T08:09:02Z,CC-BY-4.0
worldbank_pink_sheet,SUGAR_WLD,global,2005-09-01,0.23,$/kg,2026-09-08T08:09:02Z,CC-BY-4.0
worldbank_pink_sheet,SUGAR_WLD,global,2005-10-01,0.25,$/kg,2026-09-08T08:09:02Z,CC-BY-4.0
worldbank_pink_sheet,SUGAR_WLD,global,2005-11-01,0.25,$/kg,2026-09-08T08:09:02Z,CC-BY-4.0
worldbank_pink_sheet,SUGAR_WLD,global,2005-12-01,0.29,$/kg,2026-09-08T08:09:02Z,CC-BY-4.0
worldbank_pink_sheet,SUGAR_WLD,global,2006-01-01,0.35,$/kg,2026-09-08T08:09:02Z,CC-BY-4.0
worldbank_pink_sheet,SUGAR_WLD,global,2006-02-01,0.4,$/kg,2026-09-08T08:09:02Z,CC-BY-4.0
worldbank_pink_sheet,SUGAR_WLD,global,2006-03-01,0.38,$/kg,2026-09-08T08:09:02Z,CC-BY-4.0
worldbank_pink_sheet,SUGAR_WLD,global,2006-04-01,0.39,$/kg,2026-09-08T08:09:02Z,CC-BY-4.0
worldbank_pink_sheet,SUGAR_WLD,global,2006-05-01,0.37,$/kg,2026-09-08T08:09:02Z,CC-BY-4.0
worldbank_pink_sheet,SUGAR_WLD,global,2006-06-01,0.34,$/kg,2026-09-08T08:09:02Z,CC-BY-4.0
worldbank_pink_sheet,SUGAR_WLD,global,2006-07-01,0.35,$/kg,2026-09-08T08:09:02Z,CC-BY-4.0
worldbank_pink_sheet,SUGAR_WLD,global,2006-08-01,0.3,$/kg,2026-09-08T08:09:02Z,CC-BY-4.0
worldbank_pink_sheet,SUGAR_WLD,global,2006-09-01,0.27,$/kg,2026-09-08T08:09:02Z,CC-BY-4.0
worldbank_pink_sheet,SUGAR_WLD,global,2006-10-01,0.26,$/kg,2026-09-08T08:09:02Z,CC-BY-4.0
worldbank_pink_sheet,SUGAR_WLD,global,2006-11-01,0.26,$/kg,2026-09-08T08:09:02Z,CC-BY-4.0
worldbank_pink_sheet,SUGAR_WLD,global,2006-12-01,0.26,$/kg,2026-09-08T08:09:02Z,CC-BY-4.0
worldbank_pink_sheet,SUGAR_WLD,global,2007-01-01,0.24,$/kg,2026-09-08T08:09:02Z,CC-BY-4.0
worldbank_pink_sheet,SUGAR_WLD,global,2007-02-01,0.23,$/kg,2026-09-08T08:09:02Z,CC-BY-4.0
worldbank_pink_sheet,SUGAR_WLD,global,2007-03-01,0.23,$/kg,2026-09-08T08:09:02Z,CC-BY-4.0
worldbank_pink_sheet,SUGAR_WLD,global,2007-04-01,0.21,$/kg,2026-09-08T08:09:02Z,CC-BY-4.0
worldbank_pink_sheet,SUGAR_WLD,global,2007-05-01,0.21,$/kg,2026-09-08T08:09:02Z,CC-BY-4.0
worldbank_pink_sheet,SUGAR_WLD,global,2007-06-01,0.2,$/kg,2026-09-08T08:09:02Z,CC-BY-4.0
worldbank_pink_sheet,SUGAR_WLD,global,2007-07-01,0.22,$/kg,2026-09-08T08:09:02Z,CC-BY-4.0
worldbank_pink_sheet,SUGAR_WLD,global,2007-08-01,0.22,$/kg,2026-09-08T08:09:02Z,CC-BY-4.0
worldbank_pink_sheet,SUGAR_WLD,global,2007-09-01,0.22,$/kg,2026-09-08T08:09:02Z,CC-BY-4.0
worldbank_pink_sheet,SUGAR_WLD,global,2007-10-01,0.22,$/kg,2026-09-08T08:09:02Z,CC-BY-4.0
worldbank_pink_sheet,SUGAR_WLD,global,2007-11-01,0.22,$/kg,2026-09-08T08:09:02Z,CC-BY-4.0
worldbank_pink_sheet,SUGAR_WLD,global,2007-12-01,0.24,$/kg,2026-09-08T08:09:02Z,CC-BY-4.0
worldbank_pink_sheet,SUGAR_WLD,global,2008-01-01,0.26,$/kg,2026-09-08T08:09:02Z,CC-BY-4.0
worldbank_pink_sheet,SUGAR_WLD,global,2008-02-01,0.3,$/kg,2026-09-08T08:09:02Z,CC-BY-4.0
worldbank_pink_sheet,SUGAR_WLD,global,2008-03-01,0.29,$/kg,2026-09-08T08:09:02Z,CC-BY-4.0
worldbank_pink_sheet,SUGAR_WLD,global,2008-04-01,0.28,$/kg,2026-09-08T08:09:02Z,CC-BY-4.0
worldbank_pink_sheet,SUGAR_WLD,global,2008-05-01,0.27,$/kg,2026-09-08T08:09:02Z,CC-BY-4.0
worldbank_pink_sheet,SUGAR_WLD,global,2008-06-01,0.27,$/kg,2026-09-08T08:09:02Z,CC-BY-4.0
worldbank_pink_sheet,SUGAR_WLD,global,2008-07-01,0.31,$/kg,2026-09-08T08:09:02Z,CC-BY-4.0
worldbank_pink_sheet,SUGAR_WLD,global,2008-08-01,0.32,$/kg,2026-09-08T08:09:02Z,CC-BY-4.0
worldbank_pink_sheet,SUGAR_WLD,global,2008-09-01,0.3,$/kg,2026-09-08T08:09:02Z,CC-BY-4.0
worldbank_pink_sheet,SUGAR_WLD,global,2008-10-01,0.26,$/kg,2026-09-08T08:09:02Z,CC-BY-4.0
worldbank_pink_sheet,SUGAR_WLD,global,2008-11-01,0.27,$/kg,2026-09-08T08:09:02Z,CC-BY-4.0
worldbank_pink_sheet,SUGAR_WLD,global,2008-12-01,0.26,$/kg,2026-09-08T08:09:02Z,CC-BY-4.0
worldbank_pink_sheet,SUGAR_WLD,global,2009-01-01,0.28,$/kg,2026-09-08T08:09:02Z,CC-BY-4.0
worldbank_pink_sheet,SUGAR_WLD,global,2009-02-01,0.29,$/kg,2026-09-08T08:09:02Z,CC-BY-4.0
worldbank_pink_sheet,SUGAR_WLD,global,2009-03-01,0.3,$/kg,2026-09-08T08:09:02Z,CC-BY-4.0
worldbank_pink_sheet,SUGAR_WLD,global,2009-04-01,0.3,$/kg,2026-09-08T08:09:02Z,CC-BY-4.0
worldbank_pink_sheet,SUGAR_WLD,global,2009-05-01,0.35,$/kg,2026-09-08T08:09:02Z,CC-BY-4.0
worldbank_pink_sheet,SUGAR_WLD,global,2009-06-01,0.36,$/kg,2026-09-08T08:09:02Z,CC-BY-4.0
worldbank_pink_sheet,SUGAR_WLD,global,2009-07-01,0.41,$/kg,2026-09-08T08:09:02Z,CC-BY-4.0
worldbank_pink_sheet,SUGAR_WLD,global,2009-08-01,0.49,$/kg,2026-09-08T08:09:02Z,CC-BY-4.0
worldbank_pink_sheet,SUGAR_WLD,global,2009-09-01,0.51,$/kg,2026-09-08T08:09:02Z,CC-BY-4.0
worldbank_pink_sheet,SUGAR_WLD,global,2009-10-01,0.5,$/kg,2026-09-08T08:09:02Z,CC-BY-4.0
worldbank_pink_sheet,SUGAR_WLD,global,2009-11-01,0.49,$/kg,2026-09-08T08:09:02Z,CC-BY-4.0
worldbank_pink_sheet,SUGAR_WLD,global,2009-12-01,0.52,$/kg,2026-09-08T08:09:02Z,CC-BY-4.0
worldbank_pink_sheet,SUGAR_WLD,global,2010-01-01,0.58,$/kg,2026-09-08T08:09:02Z,CC-BY-4.0
worldbank_pink_sheet,SUGAR_WLD,global,2010-02-01,0.56,$/kg,2026-09-08T08:09:02Z,CC-BY-4.0
worldbank_pink_sheet,SUGAR_WLD,global,2010-03-01,0.41,$/kg,2026-09-08T08:09:02Z,CC-BY-4.0
worldbank_pink_sheet,SUGAR_WLD,global,2010-04-01,0.36,$/kg,2026-09-08T08:09:02Z,CC-BY-4.0
worldbank_pink_sheet,SUGAR_WLD,global,2010-05-01,0.34,$/kg,2026-09-08T08:09:02Z,CC-BY-4.0
worldbank_pink_sheet,SUGAR_WLD,global,2010-06-01,0.35,$/kg,2026-09-08T08:09:02Z,CC-BY-4.0
worldbank_pink_sheet,SUGAR_WLD,global,2010-07-01,0.38,$/kg,2026-09-08T08:09:02Z,CC-BY-4.0
worldbank_pink_sheet,SUGAR_WLD,global,2010-08-01,0.41,$/kg,2026-09-08T08:09:02Z,CC-BY-4.0
worldbank_pink_sheet,SUGAR_WLD,global,2010-09-01,0.5,$/kg,2026-09-08T08:09:02Z,CC-BY-4.0
worldbank_pink_sheet,SUGAR_WLD,global,2010-10-01,0.54,$/kg,2026-09-08T08:09:02Z,CC-BY-4.0
worldbank_pink_sheet,SUGAR_WLD,global,2010-11-01,0.58,$/kg,2026-09-08T08:09:02Z,CC-BY-4.0
worldbank_pink_sheet,SUGAR_WLD,global,2010-12-01,0.62,$/kg,2026-09-08T08:09:02Z,CC-BY-4.0
worldbank_pink_sheet,SUGAR_WLD,global,2011-01-01,0.65,$/kg,2026-09-08T08:09:02Z,CC-BY-4.0
worldbank_pink_sheet,SUGAR_WLD,global,2011-02-01,0.65,$/kg,2026-09-08T08:09:02Z,CC-BY-4.0
worldbank_pink_sheet,SUGAR_WLD,global,2011-03-01,0.58,$/kg,2026-09-08T08:09:02Z,CC-BY-4.0
worldbank_pink_sheet,SUGAR_WLD,global,2011-04-01,0.54,$/kg,2026-09-08T08:09:02Z,CC-BY-4.0
worldbank_pink_sheet,SUGAR_WLD,global,2011-05-01,0.48,$/kg,2026-09-08T08:09:02Z,CC-BY-4.0
worldbank_pink_sheet,SUGAR_WLD,global,2011-06-01,0.56,$/kg,2026-09-08T08:09:02Z,CC-BY-4.0
worldbank_pink_sheet,SUGAR_WLD,global,2011-07-01,0.62,$/kg,2026-09-08T08:09:02Z,CC-BY-4.0
worldbank_pink_sheet,SUGAR_WLD,global,2011-08-01,0.61,$/kg,2026-09-08T08:09:02Z,CC-BY-4.0
worldbank_pink_sheet,SUGAR_WLD,global,2011-09-01,0.59,$/kg,2026-09-08T08:09:02Z,CC-BY-4.0
worldbank_pink_sheet,SUGAR_WLD,global,2011-10-01,0.56,$/kg,2026-09-08T08:09:02Z,CC-BY-4.0
worldbank_pink_sheet,SUGAR_WLD,global,2011-11-01,0.53,$/kg,2026-09-08T08:09:02Z,CC-BY-4.0
worldbank_pink_sheet,SUGAR_WLD,global,2011-12-01,0.51,$/kg,2026-09-08T08:09:02Z,CC-BY-4.0
worldbank_pink_sheet,SUGAR_WLD,global,2012-01-01,0.52,$/kg,2026-09-08T08:09:02Z,CC-BY-4.0
worldbank_pink_sheet,SUGAR_WLD,global,2012-02-01,0.53,$/kg,2026-09-08T08:09:02Z,CC-BY-4.0
worldbank_pink_sheet,SUGAR_WLD,global,2012-03-01,0.53,$/kg,2026-09-08T08:09:02Z,CC-BY-4.0
worldbank_pink_sheet,SUGAR_WLD,global,2012-04-01,0.5,$/kg,2026-09-08T08:09:02Z,CC-BY-4.0
worldbank_pink_sheet,SUGAR_WLD,global,2012-05-01,0.46,$/kg,2026-09-08T08:09:02Z,CC-BY-4.0
worldbank_pink_sheet,SUGAR_WLD,global,2012-06-01,0.45,$/kg,2026-09-08T08:09:02Z,CC-BY-4.0
worldbank_pink_sheet,SUGAR_WLD,global,2012-07-01,0.5,$/kg,2026-09-08T08:09:02Z,CC-BY-4.0
worldbank_pink_sheet,SUGAR_WLD,global,2012-08-01,0.46,$/kg,2026-09-08T08:09:02Z,CC-BY-4.0
worldbank_pink_sheet,SUGAR_WLD,global,2012-09-01,0.44,$/kg,2026-09-08T08:09:02Z,CC-BY-4.0
worldbank_pink_sheet,SUGAR_WLD,global,2012-10-01,0.45,$/kg,2026-09-08T08:09:02Z,CC-BY-4.0
worldbank_pink_sheet,SUGAR_WLD,global,2012-11-01,0.43,$/kg,2026-09-08T08:09:02Z,CC-BY-4.0
worldbank_pink_sheet,SUGAR_WLD,global,2012-12-01,0.43,$/kg,2026-09-08T08:09:02Z,CC-BY-4.0
worldbank_pink_sheet,SUGAR_WLD,global,2013-01-01,0.42,$/kg,2026-09-08T08:09:02Z,CC-BY-4.0
worldbank_pink_sheet,SUGAR_WLD,global,2013-02-01,0.4,$/kg,2026-09-08T08:09:02Z,CC-BY-4.0
worldbank_pink_sheet,SUGAR_WLD,global,2013-03-01,0.41,$/kg,2026-09-08T08:09:02Z,CC-BY-4.0
worldbank_pink_sheet,SUGAR_WLD,global,2013-04-01,0.39,$/kg,2026-09-08T08:09:02Z,CC-BY-4.0
worldbank_pink_sheet,SUGAR_WLD,global,2013-05-01,0.39,$/kg,2026-09-08T08:09:02Z,CC-BY-4.0
worldbank_pink_sheet,SUGAR_WLD,global,2013-06-01,0.38,$/kg,2026-09-08T08:09:02Z,CC-BY-4.0
worldbank_pink_sheet,SUGAR_WLD,global,2013-07-01,0.37,$/kg,2026-09-08T08:09:02Z,CC-BY-4.0
worldbank_pink_sheet,SUGAR_WLD,global,2013-08-01,0.38,$/kg,2026-09-08T08:09:02Z,CC-BY-4.0
worldbank_pink_sheet,SUGAR_WLD,global,2013-09-01,0.38,$/kg,2026-09-08T08:09:02Z,CC-BY-4.0
worldbank_pink_sheet,SUGAR_WLD,global,2013-10-01,0.41,$/kg,2026-09-08T08:09:02Z,CC-BY-4.0
worldbank_pink_sheet,SUGAR_WLD,global,2013-11-01,0.39,$/kg,2026-09-08T08:09:02Z,CC-BY-4.0
worldbank_pink_sheet,SUGAR_WLD,global,2013-12-01,0.36,$/kg,2026-09-08T08:09:02Z,CC-BY-4.0
worldbank_pink_sheet,SUGAR_WLD,global,2014-01-01,0.34,$/kg,2026-09-08T08:09:02Z,CC-BY-4.0
worldbank_pink_sheet,SUGAR_WLD,global,2014-02-01,0.37,$/kg,2026-09-08T08:09:02Z,CC-BY-4.0
worldbank_pink_sheet,SUGAR_WLD,global,2014-03-01,0.39,$/kg,2026-09-08T08:09:02Z,CC-BY-4.0
worldbank_pink_sheet,SUGAR_WLD,global,2014-04-01,0.39,$/kg,2026-09-08T08:09:02Z,CC-BY-4.0
worldbank_pink_sheet,SUGAR_WLD,global,2014-05-01,0.4,$/kg,2026-09-08T08:09:02Z,CC-BY-4.0
worldbank_pink_sheet,SUGAR_WLD,global,2014-06-01,0.4,$/kg,2026-09-08T08:09:02Z,CC-BY-4.0
worldbank_pink_sheet,SUGAR_WLD,global,2014-07-01,0.4,$/kg,2026-09-08T08:09:02Z,CC-BY-4.0
worldbank_pink_sheet,SUGAR_WLD,global,2014-08-01,0.38,$/kg,2026-09-08T08:09:02Z,CC-BY-4.0
worldbank_pink_sheet,SUGAR_WLD,global,2014-09-01,0.35,$/kg,2026-09-08T08:09:02Z,CC-BY-4.0
worldbank_pink_sheet,SUGAR_WLD,global,2014-10-01,0.37,$/kg,2026-09-08T08:09:02Z,CC-BY-4.0
worldbank_pink_sheet,SUGAR_WLD,global,2014-11-01,0.36,$/kg,2026-09-08T08:09:02Z,CC-BY-4.0
worldbank_pink_sheet,SUGAR_WLD,global,2014-12-01,0.34,$/kg,2026-09-08T08:09:02Z,CC-BY-4.0
worldbank_pink_sheet,SUGAR_WLD,global,2015-01-01,0.34,$/kg,2026-09-08T08:09:02Z,CC-BY-4.0
worldbank_pink_sheet,SUGAR_WLD,global,2015-02-01,0.32,$/kg,2026-09-08T08:09:02Z,CC-BY-4.0
worldbank_pink_sheet,SUGAR_WLD,global,2015-03-01,0.29,$/kg,2026-09-08T08:09:02Z,CC-BY-4.0
worldbank_pink_sheet,SUGAR_WLD,global,2015-04-01,0.29,$/kg,2026-09-08T08:09:02Z,CC-BY-4.0
worldbank_pink_sheet,SUGAR_WLD,global,2015-05-01,0.29,$/kg,2026-09-08T08:09:02Z,CC-BY-4.0
worldbank_pink_sheet,SUGAR_WLD,global,2015-06-01,0.27,$/kg,2026-09-08T08:09:02Z,CC-BY-4.0
worldbank_pink_sheet,SUGAR_WLD,global,2015-07-01,0.28,$/kg,2026-09-08T08:09:02Z,CC-BY-4.0
worldbank_pink_sheet,SUGAR_WLD,global,2015-08-01,0.25,$/kg,2026-09-08T08:09:02Z,CC-BY-4.0
worldbank_pink_sheet,SUGAR_WLD,global,2015-09-01,0.26,$/kg,2026-09-08T08:09:02Z,CC-BY-4.0
worldbank_pink_sheet,SUGAR_WLD,global,2015-10-01,0.31,$/kg,2026-09-08T08:09:02Z,CC-BY-4.0
worldbank_pink_sheet,SUGAR_WLD,global,2015-11-01,0.32,$/kg,2026-09-08T08:09:02Z,CC-BY-4.0
worldbank_pink_sheet,SUGAR_WLD,global,2015-12-01,0.32,$/kg,2026-09-08T08:09:02Z,CC-BY-4.0
worldbank_pink_sheet,SUGAR_WLD,global,2016-01-01,0.31,$/kg,2026-09-08T08:09:02Z,CC-BY-4.0
worldbank_pink_sheet,SUGAR_WLD,global,2016-02-01,0.29,$/kg,2026-09-08T08:09:02Z,CC-BY-4.0
worldbank_pink_sheet,SUGAR_WLD,global,2016-03-01,0.34,$/kg,2026-09-08T08:09:02Z,CC-BY-4.0
worldbank_pink_sheet,SUGAR_WLD,global,2016-04-01,0.34,$/kg,2026-09-08T08:09:02Z,CC-BY-4.0
worldbank_pink_sheet,SUGAR_WLD,global,2016-05-01,0.38,$/kg,2026-09-08T08:09:02Z,CC-BY-4.0
worldbank_pink_sheet,SUGAR_WLD,global,2016-06-01,0.43,$/kg,2026-09-08T08:09:02Z,CC-BY-4.0
worldbank_pink_sheet,SUGAR_WLD,global,2016-07-01,0.43,$/kg,2026-09-08T08:09:02Z,CC-BY-4.0
worldbank_pink_sheet,SUGAR_WLD,global,2016-08-01,0.44,$/kg,2026-09-08T08:09:02Z,CC-BY-4.0
worldbank_pink_sheet,SUGAR_WLD,global,2016-09-01,0.47,$/kg,2026-09-08T08:09:02Z,CC-BY-4.0
worldbank_pink_sheet,SUGAR_WLD,global,2016-10-01,0.49,$/kg,2026-09-08T08:09:02Z,CC-BY-4.0
worldbank_pink_sheet,SUGAR_WLD,global,2016-11-01,0.45,$/kg,2026-09-08T08:09:02Z,CC-BY-4.0
worldbank_pink_sheet,SUGAR_WLD,global,2016-12-01,0.41,$/kg,2026-09-08T08:09:02Z,CC-BY-4.0
worldbank_pink_sheet,SUGAR_WLD,global,2017-01-01,0.45,$/kg,2026-09-08T08:09:02Z,CC-BY-4.0
worldbank_pink_sheet,SUGAR_WLD,global,2017-02-01,0.45,$/kg,2026-09-08T08:09:02Z,CC-BY-4.0
worldbank_pink_sheet,SUGAR_WLD,global,2017-03-01,0.4,$/kg,2026-09-08T08:09:02Z,CC-BY-4.0
worldbank_pink_sheet,SUGAR_WLD,global,2017-04-01,0.36,$/kg,2026-09-08T08:09:02Z,CC-BY-4.0
worldbank_pink_sheet,SUGAR_WLD,global,2017-05-01,0.35,$/kg,2026-09-08T08:09:02Z,CC-BY-4.0
worldbank_pink_sheet,SUGAR_WLD,global,2017-06-01,0.31,$/kg,2026-09-08T08:09:02Z,CC-BY-4.0
worldbank_pink_sheet,SUGAR_WLD,global,2017-07-01,0.32,$/kg,2026-09-08T08:09:02Z,CC-BY-4.0
worldbank_pink_sheet,SUGAR_WLD,global,2017-08-01,0.32,$/kg,2026-09-08T08:09:02Z,CC-BY-4.0
worldbank_pink_sheet,SUGAR_WLD,global,2017-09-01,0.32,$/kg,2026-09-08T08:09:02Z,CC-BY-4.0
worldbank_pink_sheet,SUGAR_WLD,global,2017-10-01,0.32,$/kg,2026-09-08T08:09:02Z,CC-BY-4.0
worldbank_pink_sheet,SUGAR_WLD,global,2017-11-01,0.33,$/kg,2026-09-08T08:09:02Z,CC-BY-4.0
worldbank_pink_sheet,SUGAR_WLD,global,2017-12-01,0.32,$/kg,2026-09-08T08:09:02Z,CC-BY-4.0
worldbank_pink_sheet,SUGAR_WLD,global,2018-01-01,0.31,$/kg,2026-09-08T08:09:02Z,CC-BY-4.0
worldbank_pink_sheet,SUGAR_WLD,global,2018-02-01,0.3,$/kg,2026-09-08T08:09:02Z,CC-BY-4.0
worldbank_pink_sheet,SUGAR_WLD,global,2018-03-01,0.28,$/kg,2026-09-08T08:09:02Z,CC-BY-4.0
worldbank_pink_sheet,SUGAR_WLD,global,2018-04-01,0.27,$/kg,2026-09-08T08:09:02Z,CC-BY-4.0
worldbank_pink_sheet,SUGAR_WLD,global,2018-05-01,0.27,$/kg,2026-09-08T08:09:02Z,CC-BY-4.0
worldbank_pink_sheet,SUGAR_WLD,global,2018-06-01,0.28,$/kg,2026-09-08T08:09:02Z,CC-BY-4.0
worldbank_pink_sheet,SUGAR_WLD,global,2018-07-01,0.26,$/kg,2026-09-08T08:09:02Z,CC-BY-4.0
worldbank_pink_sheet,SUGAR_WLD,global,2018-08-01,0.24,$/kg,2026-09-08T08:09:02Z,CC-BY-4.0
worldbank_pink_sheet,SUGAR_WLD,global,2018-09-01,0.25,$/kg,2026-09-08T08:09:02Z,CC-BY-4.0
worldbank_pink_sheet,SUGAR_WLD,global,2018-10-01,0.29,$/kg,2026-09-08T08:09:02Z,CC-BY-4.0
worldbank_pink_sheet,SUGAR_WLD,global,2018-11-01,0.28,$/kg,2026-09-08T08:09:02Z,CC-BY-4.0
worldbank_pink_sheet,SUGAR_WLD,global,2018-12-01,0.28,$/kg,2026-09-08T08:09:02Z,CC-BY-4.0
worldbank_pink_sheet,SUGAR_WLD,global,2019-01-01,0.28,$/kg,2026-09-08T08:09:02Z,CC-BY-4.0
worldbank_pink_sheet,SUGAR_WLD,global,2019-02-01,0.29,$/kg,2026-09-08T08:09:02Z,CC-BY-4.0
worldbank_pink_sheet,SUGAR_WLD,global,2019-03-01,0.28,$/kg,2026-09-08T08:09:02Z,CC-BY-4.0
worldbank_pink_sheet,SUGAR_WLD,global,2019-04-01,0.28,$/kg,2026-09-08T08:09:02Z,CC-BY-4.0
worldbank_pink_sheet,SUGAR_WLD,global,2019-05-01,0.27,$/kg,2026-09-08T08:09:02Z,CC-BY-4.0
worldbank_pink_sheet,SUGAR_WLD,global,2019-06-01,0.28,$/kg,2026-09-08T08:09:02Z,CC-BY-4.0
worldbank_pink_sheet,SUGAR_WLD,global,2019-07-01,0.28,$/kg,2026-09-08T08:09:02Z,CC-BY-4.0
worldbank_pink_sheet,SUGAR_WLD,global,2019-08-01,0.27,$/kg,2026-09-08T08:09:02Z,CC-BY-4.0
worldbank_pink_sheet,SUGAR_WLD,global,2019-09-01,0.26,$/kg,2026-09-08T08:09:02Z,CC-BY-4.0
worldbank_pink_sheet,SUGAR_WLD,global,2019-10-01,0.28,$/kg,2026-09-08T08:09:02Z,CC-BY-4.0
worldbank_pink_sheet,SUGAR_WLD,global,2019-11-01,0.28,$/kg,2026-09-08T08:09:02Z,CC-BY-4.0
worldbank_pink_sheet,SUGAR_WLD,global,2019-12-01,0.3,$/kg,2026-09-08T08:09:02Z,CC-BY-4.0
worldbank_pink_sheet,SUGAR_WLD,global,2020-01-01,0.31,$/kg,2026-09-08T08:09:02Z,CC-BY-4.0
worldbank_pink_sheet,SUGAR_WLD,global,2020-02-01,0.33,$/kg,2026-09-08T08:09:02Z,CC-BY-4.0
worldbank_pink_sheet,SUGAR_WLD,global,2020-03-01,0.26,$/kg,2026-09-08T08:09:02Z,CC-BY-4.0
worldbank_pink_sheet,SUGAR_WLD,global,2020-04-01,0.23,$/kg,2026-09-08T08:09:02Z,CC-BY-4.0
worldbank_pink_sheet,SUGAR_WLD,global,2020-05-01,0.24,$/kg,2026-09-08T08:09:02Z,CC-BY-4.0
worldbank_pink_sheet,SUGAR_WLD,global,2020-06-01,0.27,$/kg,2026-09-08T08:09:02Z,CC-BY-4.0
worldbank_pink_sheet,SUGAR_WLD,global,2020-07-01,0.27,$/kg,2026-09-08T08:09:02Z,CC-BY-4.0
worldbank_pink_sheet,SUGAR_WLD,global,2020-08-01,0.29,$/kg,2026-09-08T08:09:02Z,CC-BY-4.0
worldbank_pink_sheet,SUGAR_WLD,global,2020-09-01,0.28,$/kg,2026-09-08T08:09:02Z,CC-BY-4.0
worldbank_pink_sheet,SUGAR_WLD,global,2020-10-01,0.3,$/kg,2026-09-08T08:09:02Z,CC-BY-4.0
worldbank_pink_sheet,SUGAR_WLD,global,2020-11-01,0.31,$/kg,2026-09-08T08:09:02Z,CC-BY-4.0
worldbank_pink_sheet,SUGAR_WLD,global,2020-12-01,0.31,$/kg,2026-09-08T08:09:02Z,CC-BY-4.0
worldbank_pink_sheet,SUGAR_WLD,global,2021-01-01,0.34,$/kg,2026-09-08T08:09:02Z,CC-BY-4.0
worldbank_pink_sheet,SUGAR_WLD,global,2021-02-01,0.36,$/kg,2026-09-08T08:09:02Z,CC-BY-4.0
worldbank_pink_sheet,SUGAR_WLD,global,2021-03-01,0.34,$/kg,2026-09-08T08:09:02Z,CC-BY-4.0
worldbank_pink_sheet,SUGAR_WLD,global,2021-04-01,0.36,$/kg,2026-09-08T08:09:02Z,CC-BY-4.0
worldbank_pink_sheet,SUGAR_WLD,global,2021-05-01,0.38,$/kg,2026-09-08T08:09:02Z,CC-BY-4.0
worldbank_pink_sheet,SUGAR_WLD,global,2021-06-01,0.38,$/kg,2026-09-08T08:09:02Z,CC-BY-4.0
worldbank_pink_sheet,SUGAR_WLD,global,2021-07-01,0.39,$/kg,2026-09-08T08:09:02Z,CC-BY-4.0
worldbank_pink_sheet,SUGAR_WLD,global,2021-08-01,0.43,$/kg,2026-09-08T08:09:02Z,CC-BY-4.0
worldbank_pink_sheet,SUGAR_WLD,global,2021-09-01,0.43,$/kg,2026-09-08T08:09:02Z,CC-BY-4.0
worldbank_pink_sheet,SUGAR_WLD,global,2021-10-01,0.42,$/kg,2026-09-08T08:09:02Z,CC-BY-4.0
worldbank_pink_sheet,SUGAR_WLD,global,2021-11-01,0.43,$/kg,2026-09-08T08:09:02Z,CC-BY-4.0
worldbank_pink_sheet,SUGAR_WLD,global,2021-12-01,0.42,$/kg,2026-09-08T08:09:02Z,CC-BY-4.0
worldbank_pink_sheet,SUGAR_WLD,global,2022-01-01,0.4,$/kg,2026-09-08T08:09:02Z,CC-BY-4.0
worldbank_pink_sheet,SUGAR_WLD,global,2022-02-01,0.39,$/kg,2026-09-08T08:09:02Z,CC-BY-4.0
worldbank_pink_sheet,SUGAR_WLD,global,2022-03-01,0.42,$/kg,2026-09-08T08:09:02Z,CC-BY-4.0
worldbank_pink_sheet,SUGAR_WLD,global,2022-04-01,0.43,$/kg,2026-09-08T08:09:02Z,CC-BY-4.0
worldbank_pink_sheet,SUGAR_WLD,global,2022-05-01,0.43,$/kg,2026-09-08T08:09:02Z,CC-BY-4.0
worldbank_pink_sheet,SUGAR_WLD,global,2022-06-01,0.42,$/kg,2026-09-08T08:09:02Z,CC-BY-4.0
worldbank_pink_sheet,SUGAR_WLD,global,2022-07-01,0.4,$/kg,2026-09-08T08:09:02Z,CC-BY-4.0
worldbank_pink_sheet,SUGAR_WLD,global,2022-08-01,0.39,$/kg,2026-09-08T08:09:02Z,CC-BY-4.0
worldbank_pink_sheet,SUGAR_WLD,global,2022-09-01,0.39,$/kg,2026-09-08T08:09:02Z,CC-BY-4.0
worldbank_pink_sheet,SUGAR_WLD,global,2022-10-01,0.39,$/kg,2026-09-08T08:09:02Z,CC-BY-4.0
worldbank_pink_sheet,SUGAR_WLD,global,2022-11-01,0.41,$/kg,2026-09-08T08:09:02Z,CC-BY-4.0
worldbank_pink_sheet,SUGAR_WLD,global,2022-12-01,0.42,$/kg,2026-09-08T08:09:02Z,CC-BY-4.0
worldbank_pink_sheet,SUGAR_WLD,global,2023-01-01,0.42,$/kg,2026-09-08T08:09:02Z,CC-BY-4.0
worldbank_pink_sheet,SUGAR_WLD,global,2023-02-01,0.45,$/kg,2026-09-08T08:09:02Z,CC-BY-4.0
worldbank_pink_sheet,SUGAR_WLD,global,2023-03-01,0.45,$/kg,2026-09-08T08:09:02Z,CC-BY-4.0
worldbank_pink_sheet,SUGAR_WLD,global,2023-04-01,0.53,$/kg,2026-09-08T08:09:02Z,CC-BY-4.0
worldbank_pink_sheet,SUGAR_WLD,global,2023-05-01,0.56,$/kg,2026-09-08T08:09:02Z,CC-BY-4.0
worldbank_pink_sheet,SUGAR_WLD,global,2023-06-01,0.54,$/kg,2026-09-08T08:09:02Z,CC-BY-4.0
worldbank_pink_sheet,SUGAR_WLD,global,2023-07-01,0.52,$/kg,2026-09-08T08:09:02Z,CC-BY-4.0
worldbank_pink_sheet,SUGAR_WLD,global,2023-08-01,0.53,$/kg,2026-09-08T08:09:02Z,CC-BY-4.0
worldbank_pink_sheet,SUGAR_WLD,global,2023-09-01,0.58,$/kg,2026-09-08T08:09:02Z,CC-BY-4.0
worldbank_pink_sheet,SUGAR_WLD,global,2023-10-01,0.57,$/kg,2026-09-08T08:09:02Z,CC-BY-4.0
worldbank_pink_sheet,SUGAR_WLD,global,2023-11-01,0.57,$/kg,2026-09-08T08:09:02Z,CC-BY-4.0
worldbank_pink_sheet,SUGAR_WLD,global,2023-12-01,0.48,$/kg,2026-09-08T08:09:02Z,CC-BY-4.0
worldbank_pink_sheet,SUGAR_WLD,global,2024-01-01,0.48,$/kg,2026-09-08T08:09:02Z,CC-BY-4.0
worldbank_pink_sheet,SUGAR_WLD,global,2024-02-01,0.5,$/kg,2026-09-08T08:09:02Z,CC-BY-4.0
worldbank_pink_sheet,SUGAR_WLD,global,2024-03-01,0.48,$/kg,2026-09-08T08:09:02Z,CC-BY-4.0
worldbank_pink_sheet,SUGAR_WLD,global,2024-04-01,0.45,$/kg,2026-09-08T08:09:02Z,CC-BY-4.0
worldbank_pink_sheet,SUGAR_WLD,global,2024-05-01,0.42,$/kg,2026-09-08T08:09:02Z,CC-BY-4.0
worldbank_pink_sheet,SUGAR_WLD,global,2024-06-01,0.43,$/kg,2026-09-08T08:09:02Z,CC-BY-4.0
worldbank_pink_sheet,SUGAR_WLD,global,2024-07-01,0.43,$/kg,2026-09-08T08:09:02Z,CC-BY-4.0
worldbank_pink_sheet,SUGAR_WLD,global,2024-08-01,0.41,$/kg,2026-09-08T08:09:02Z,CC-BY-4.0
worldbank_pink_sheet,SUGAR_WLD,global,2024-09-01,0.45,$/kg,2026-09-08T08:09:02Z,CC-BY-4.0
worldbank_pink_sheet,SUGAR_WLD,global,2024-10-01,0.46,$/kg,2026-09-08T08:09:02Z,CC-BY-4.0
worldbank_pink_sheet,SUGAR_WLD,global,2024-11-01,0.45,$/kg,2026-09-08T08:09:02Z,CC-BY-4.0
worldbank_pink_sheet,SUGAR_WLD,global,2024-12-01,0.44,$/kg,2026-09-08T08:09:02Z,CC-BY-4.0
worldbank_pink_sheet,SUGAR_WLD,global,2025-01-01,0.4,$/kg,2026-09-08T08:09:02Z,CC-BY-4.0
worldbank_pink_sheet,SUGAR_WLD,global,2025-02-01,0.42,$/kg,2026-09-08T08:09:02Z,CC-BY-4.0
worldbank_pink_sheet,SUGAR_WLD,global,2025-03-01,0.42,$/kg,2026-09-08T08:09:02Z,CC-BY-4.0
worldbank_pink_sheet,SUGAR_WLD,global,2025-04-01,0.4,$/kg,2026-09-08T08:09:02Z,CC-BY-4.0
worldbank_pink_sheet,SUGAR_WLD,global,2025-05-01,0.39,$/kg,2026-09-08T08:09:02Z,CC-BY-4.0
worldbank_pink_sheet,SUGAR_WLD,global,2025-06-01,0.37,$/kg,2026-09-08T08:09:02Z,CC-BY-4.0
worldbank_pink_sheet,SUGAR_WLD,global,2025-07-01,0.37,$/kg,2026-09-08T08:09:02Z,CC-BY-4.0
worldbank_pink_sheet,SUGAR_WLD,global,2025-08-01,0.37,$/kg,2026-09-08T08:09:02Z,CC-BY-4.0
worldbank_pink_sheet,SUGAR_WLD,global,2025-09-01,0.35,$/kg,2026-09-08T08:09:02Z,CC-BY-4.0
worldbank_pink_sheet,SUGAR_WLD,global,2025-10-01,0.34,$/kg,2026-09-08T08:09:02Z,CC-BY-4.0
worldbank_pink_sheet,SUGAR_WLD,global,2025-11-01,0.32,$/kg,2026-09-08T08:09:02Z,CC-BY-4.0
worldbank_pink_sheet,SUGAR_WLD,global,2025-12-01,0.32,$/kg,2026-09-08T08:09:02Z,CC-BY-4.0
worldbank_pink_sheet,SUGAR_WLD,global,2026-01-01,0.32,$/kg,2026-09-08T08:09:02Z,CC-BY-4.0
worldbank_pink_sheet,SUGAR_WLD,global,2026-02-01,0.31,$/kg,2026-09-08T08:09:02Z,CC-BY-4.0
worldbank_pink_sheet,SUGAR_WLD,global,2026-03-01,0.33,$/kg,2026-09-08T08:09:02Z,CC-BY-4.0
worldbank_pink_sheet,SUGAR_WLD,global,2026-04-01,0.32,$/kg,2026-09-08T08:09:02Z,CC-BY-4.0
worldbank_pink_sheet,SUGAR_WLD,global,2026-05-01,0.34,$/kg,2026-09-08T08:09:02Z,CC-BY-4.0
worldbank_pink_sheet,SUGAR_WLD,global,2026-06-01,0.32,$/kg,2026-09-08T08:09:02Z,CC-BY-4.0
worldbank_pink_sheet,SUGAR_WLD,global,2026-07-01,0.34,$/kg,2026-09-08T08:09:02Z,CC-BY-4.0
worldbank_pink_sheet,SUGAR_WLD,global,2026-08-01,0.38,$/kg,2026-09-08T08:09:02Z,CC-BY-4.0
worldbank_pink_sheet,RICE_05,global,1960-01-01,104.5,$/mt,2026-09-08T08:09:02Z,CC-BY-4.0
worldbank_pink_sheet,RICE_05,global,1960-02-01,103.5,$/mt,2026-09-08T08:09:02Z,CC-BY-4.0
worldbank_pink_sheet,RICE_05,global,1960-03-01,103.8,$/mt,2026-09-08T08:09:02Z,CC-BY-4.0
worldbank_pink_sheet,RICE_05,global,1960-04-01,101.0,$/mt,2026-09-08T08:09:02Z,CC-BY-4.0
worldbank_pink_sheet,RICE_05,global,1960-05-01,102.2,$/mt,2026-09-08T08:09:02Z,CC-BY-4.0
worldbank_pink_sheet,RICE_05,global,1960-06-01,103.1,$/mt,2026-09-08T08:09:02Z,CC-BY-4.0
worldbank_pink_sheet,RICE_05,global,1960-07-01,102.1,$/mt,2026-09-08T08:09:02Z,CC-BY-4.0
worldbank_pink_sheet,RICE_05,global,1960-08-01,109.7,$/mt,2026-09-08T08:09:02Z,CC-BY-4.0
worldbank_pink_sheet,RICE_05,global,1960-09-01,116.1,$/mt,2026-09-08T08:09:02Z,CC-BY-4.0
worldbank_pink_sheet,RICE_05,global,1960-10-01,115.2,$/mt,2026-09-08T08:09:02Z,CC-BY-4.0
worldbank_pink_sheet,RICE_05,global,1960-11-01,114.4,$/mt,2026-09-08T08:09:02Z,CC-BY-4.0
worldbank_pink_sheet,RICE_05,global,1960-12-01,112.7,$/mt,2026-09-08T08:09:02Z,CC-BY-4.0
worldbank_pink_sheet,RICE_05,global,1961-01-01,113.5,$/mt,2026-09-08T08:09:02Z,CC-BY-4.0
worldbank_pink_sheet,RICE_05,global,1961-02-01,109.5,$/mt,2026-09-08T08:09:02Z,CC-BY-4.0
worldbank_pink_sheet,RICE_05,global,1961-03-01,117.7,$/mt,2026-09-08T08:09:02Z,CC-BY-4.0
worldbank_pink_sheet,RICE_05,global,1961-04-01,115.2,$/mt,2026-09-08T08:09:02Z,CC-BY-4.0
worldbank_pink_sheet,RICE_05,global,1961-05-01,119.4,$/mt,2026-09-08T08:09:02Z,CC-BY-4.0
worldbank_pink_sheet,RICE_05,global,1961-06-01,121.4,$/mt,2026-09-08T08:09:02Z,CC-BY-4.0
worldbank_pink_sheet,RICE_05,global,1961-07-01,123.4,$/mt,2026-09-08T08:09:02Z,CC-BY-4.0
worldbank_pink_sheet,RICE_05,global,1961-08-01,119.6,$/mt,2026-09-08T08:09:02Z,CC-BY-4.0
worldbank_pink_sheet,RICE_05,global,1961-09-01,119.0,$/mt,2026-09-08T08:09:02Z,CC-BY-4.0
worldbank_pink_sheet,RICE_05,global,1961-10-01,120.3,$/mt,2026-09-08T08:09:02Z,CC-BY-4.0
worldbank_pink_sheet,RICE_05,global,1961-11-01,128.3,$/mt,2026-09-08T08:09:02Z,CC-BY-4.0
worldbank_pink_sheet,RICE_05,global,1961-12-01,120.1,$/mt,2026-09-08T08:09:02Z,CC-BY-4.0
worldbank_pink_sheet,RICE_05,global,1962-01-01,117.8,$/mt,2026-09-08T08:09:02Z,CC-BY-4.0
worldbank_pink_sheet,RICE_05,global,1962-02-01,119.2,$/mt,2026-09-08T08:09:02Z,CC-BY-4.0
worldbank_pink_sheet,RICE_05,global,1962-03-01,123.8,$/mt,2026-09-08T08:09:02Z,CC-BY-4.0
worldbank_pink_sheet,RICE_05,global,1962-04-01,130.8,$/mt,2026-09-08T08:09:02Z,CC-BY-4.0
worldbank_pink_sheet,RICE_05,global,1962-05-01,149.1,$/mt,2026-09-08T08:09:02Z,CC-BY-4.0
worldbank_pink_sheet,RICE_05,global,1962-06-01,144.1,$/mt,2026-09-08T08:09:02Z,CC-BY-4.0
worldbank_pink_sheet,RICE_05,global,1962-07-01,144.2,$/mt,2026-09-08T08:09:02Z,CC-BY-4.0
worldbank_pink_sheet,RICE_05,global,1962-08-01,142.9,$/mt,2026-09-08T08:09:02Z,CC-BY-4.0
worldbank_pink_sheet,RICE_05,global,1962-09-01,140.6,$/mt,2026-09-08T08:09:02Z,CC-BY-4.0
worldbank_pink_sheet,RICE_05,global,1962-10-01,143.0,$/mt,2026-09-08T08:09:02Z,CC-BY-4.0
worldbank_pink_sheet,RICE_05,global,1962-11-01,142.5,$/mt,2026-09-08T08:09:02Z,CC-BY-4.0
worldbank_pink_sheet,RICE_05,global,1962-12-01,121.1,$/mt,2026-09-08T08:09:02Z,CC-BY-4.0
worldbank_pink_sheet,RICE_05,global,1963-01-01,121.8,$/mt,2026-09-08T08:09:02Z,CC-BY-4.0
worldbank_pink_sheet,RICE_05,global,1963-02-01,123.4,$/mt,2026-09-08T08:09:02Z,CC-BY-4.0
worldbank_pink_sheet,RICE_05,global,1963-03-01,123.3,$/mt,2026-09-08T08:09:02Z,CC-BY-4.0
worldbank_pink_sheet,RICE_05,global,1963-04-01,122.4,$/mt,2026-09-08T08:09:02Z,CC-BY-4.0
worldbank_pink_sheet,RICE_05,global,1963-05-01,123.2,$/mt,2026-09-08T08:09:02Z,CC-BY-4.0
worldbank_pink_sheet,RICE_05,global,1963-06-01,128.1,$/mt,2026-09-08T08:09:02Z,CC-BY-4.0
worldbank_pink_sheet,RICE_05,global,1963-07-01,130.6,$/mt,2026-09-08T08:09:02Z,CC-BY-4.0
worldbank_pink_sheet,RICE_05,global,1963-08-01,129.9,$/mt,2026-09-08T08:09:02Z,CC-BY-4.0
worldbank_pink_sheet,RICE_05,global,1963-09-01,130.3,$/mt,2026-09-08T08:09:02Z,CC-BY-4.0
worldbank_pink_sheet,RICE_05,global,1963-10-01,128.7,$/mt,2026-09-08T08:09:02Z,CC-BY-4.0
worldbank_pink_sheet,RICE_05,global,1963-11-01,124.8,$/mt,2026-09-08T08:09:02Z,CC-BY-4.0
worldbank_pink_sheet,RICE_05,global,1963-12-01,121.5,$/mt,2026-09-08T08:09:02Z,CC-BY-4.0
worldbank_pink_sheet,RICE_05,global,1964-01-01,124.0,$/mt,2026-09-08T08:09:02Z,CC-BY-4.0
worldbank_pink_sheet,RICE_05,global,1964-02-01,119.1,$/mt,2026-09-08T08:09:02Z,CC-BY-4.0
worldbank_pink_sheet,RICE_05,global,1964-03-01,115.1,$/mt,2026-09-08T08:09:02Z,CC-BY-4.0
worldbank_pink_sheet,RICE_05,global,1964-04-01,116.9,$/mt,2026-09-08T08:09:02Z,CC-BY-4.0
worldbank_pink_sheet,RICE_05,global,1964-05-01,117.0,$/mt,2026-09-08T08:09:02Z,CC-BY-4.0
worldbank_pink_sheet,RICE_05,global,1964-06-01,119.2,$/mt,2026-09-08T08:09:02Z,CC-BY-4.0
worldbank_pink_sheet,RICE_05,global,1964-07-01,122.6,$/mt,2026-09-08T08:09:02Z,CC-BY-4.0
worldbank_pink_sheet,RICE_05,global,1964-08-01,122.9,$/mt,2026-09-08T08:09:02Z,CC-BY-4.0
worldbank_pink_sheet,RICE_05,global,1964-09-01,123.4,$/mt,2026-09-08T08:09:02Z,CC-BY-4.0
worldbank_pink_sheet,RICE_05,global,1964-10-01,121.5,$/mt,2026-09-08T08:09:02Z,CC-BY-4.0
worldbank_pink_sheet,RICE_05,global,1964-11-01,121.0,$/mt,2026-09-08T08:09:02Z,CC-BY-4.0
worldbank_pink_sheet,RICE_05,global,1964-12-01,119.1,$/mt,2026-09-08T08:09:02Z,CC-BY-4.0
worldbank_pink_sheet,RICE_05,global,1965-01-01,114.6,$/mt,2026-09-08T08:09:02Z,CC-BY-4.0
worldbank_pink_sheet,RICE_05,global,1965-02-01,115.9,$/mt,2026-09-08T08:09:02Z,CC-BY-4.0
worldbank_pink_sheet,RICE_05,global,1965-03-01,115.6,$/mt,2026-09-08T08:09:02Z,CC-BY-4.0
worldbank_pink_sheet,RICE_05,global,1965-04-01,113.3,$/mt,2026-09-08T08:09:02Z,CC-BY-4.0
worldbank_pink_sheet,RICE_05,global,1965-05-01,111.8,$/mt,2026-09-08T08:09:02Z,CC-BY-4.0
worldbank_pink_sheet,RICE_05,global,1965-06-01,110.9,$/mt,2026-09-08T08:09:02Z,CC-BY-4.0
worldbank_pink_sheet,RICE_05,global,1965-07-01,112.0,$/mt,2026-09-08T08:09:02Z,CC-BY-4.0
worldbank_pink_sheet,RICE_05,global,1965-08-01,116.9,$/mt,2026-09-08T08:09:02Z,CC-BY-4.0
worldbank_pink_sheet,RICE_05,global,1965-09-01,126.6,$/mt,2026-09-08T08:09:02Z,CC-BY-4.0
worldbank_pink_sheet,RICE_05,global,1965-10-01,126.7,$/mt,2026-09-08T08:09:02Z,CC-BY-4.0
worldbank_pink_sheet,RICE_05,global,1965-11-01,129.2,$/mt,2026-09-08T08:09:02Z,CC-BY-4.0
worldbank_pink_sheet,RICE_05,global,1965-12-01,132.1,$/mt,2026-09-08T08:09:02Z,CC-BY-4.0
worldbank_pink_sheet,RICE_05,global,1966-01-01,125.5,$/mt,2026-09-08T08:09:02Z,CC-BY-4.0
worldbank_pink_sheet,RICE_05,global,1966-02-01,124.8,$/mt,2026-09-08T08:09:02Z,CC-BY-4.0
worldbank_pink_sheet,RICE_05,global,1966-03-01,131.7,$/mt,2026-09-08T08:09:02Z,CC-BY-4.0
worldbank_pink_sheet,RICE_05,global,1966-04-01,143.0,$/mt,2026-09-08T08:09:02Z,CC-BY-4.0
worldbank_pink_sheet,RICE_05,global,1966-05-01,140.9,$/mt,2026-09-08T08:09:02Z,CC-BY-4.0
worldbank_pink_sheet,RICE_05,global,1966-06-01,144.5,$/mt,2026-09-08T08:09:02Z,CC-BY-4.0
worldbank_pink_sheet,RICE_05,global,1966-07-01,153.3,$/mt,2026-09-08T08:09:02Z,CC-BY-4.0
worldbank_pink_sheet,RICE_05,global,1966-08-01,150.4,$/mt,2026-09-08T08:09:02Z,CC-BY-4.0
worldbank_pink_sheet,RICE_05,global,1966-09-01,155.4,$/mt,2026-09-08T08:09:02Z,CC-BY-4.0
worldbank_pink_sheet,RICE_05,global,1966-10-01,164.3,$/mt,2026-09-08T08:09:02Z,CC-BY-4.0
worldbank_pink_sheet,RICE_05,global,1966-11-01,166.1,$/mt,2026-09-08T08:09:02Z,CC-BY-4.0
worldbank_pink_sheet,RICE_05,global,1966-12-01,142.6,$/mt,2026-09-08T08:09:02Z,CC-BY-4.0
worldbank_pink_sheet,RICE_05,global,1967-01-01,142.3,$/mt,2026-09-08T08:09:02Z,CC-BY-4.0
worldbank_pink_sheet,RICE_05,global,1967-02-01,151.5,$/mt,2026-09-08T08:09:02Z,CC-BY-4.0
worldbank_pink_sheet,RICE_05,global,1967-03-01,163.5,$/mt,2026-09-08T08:09:02Z,CC-BY-4.0
worldbank_pink_sheet,RICE_05,global,1967-04-01,168.5,$/mt,2026-09-08T08:09:02Z,CC-BY-4.0
worldbank_pink_sheet,RICE_05,global,1967-05-01,175.8,$/mt,2026-09-08T08:09:02Z,CC-BY-4.0
worldbank_pink_sheet,RICE_05,global,1967-06-01,184.5,$/mt,2026-09-08T08:09:02Z,CC-BY-4.0
worldbank_pink_sheet,RICE_05,global,1967-07-01,206.2,$/mt,2026-09-08T08:09:02Z,CC-BY-4.0
worldbank_pink_sheet,RICE_05,global,1967-08-01,207.2,$/mt,2026-09-08T08:09:02Z,CC-BY-4.0
worldbank_pink_sheet,RICE_05,global,1967-09-01,221.6,$/mt,2026-09-08T08:09:02Z,CC-BY-4.0
worldbank_pink_sheet,RICE_05,global,1967-10-01,224.1,$/mt,2026-09-08T08:09:02Z,CC-BY-4.0
worldbank_pink_sheet,RICE_05,global,1967-11-01,213.6,$/mt,2026-09-08T08:09:02Z,CC-BY-4.0
worldbank_pink_sheet,RICE_05,global,1967-12-01,213.6,$/mt,2026-09-08T08:09:02Z,CC-BY-4.0
worldbank_pink_sheet,RICE_05,global,1968-01-01,198.8,$/mt,2026-09-08T08:09:02Z,CC-BY-4.0
worldbank_pink_sheet,RICE_05,global,1968-02-01,207.0,$/mt,2026-09-08T08:09:02Z,CC-BY-4.0
worldbank_pink_sheet,RICE_05,global,1968-03-01,209.8,$/mt,2026-09-08T08:09:02Z,CC-BY-4.0
worldbank_pink_sheet,RICE_05,global,1968-04-01,197.0,$/mt,2026-09-08T08:09:02Z,CC-BY-4.0
worldbank_pink_sheet,RICE_05,global,1968-05-01,187.1,$/mt,2026-09-08T08:09:02Z,CC-BY-4.0
worldbank_pink_sheet,RICE_05,global,1968-06-01,179.3,$/mt,2026-09-08T08:09:02Z,CC-BY-4.0
worldbank_pink_sheet,RICE_05,global,1968-07-01,181.7,$/mt,2026-09-08T08:09:02Z,CC-BY-4.0
worldbank_pink_sheet,RICE_05,global,1968-08-01,177.7,$/mt,2026-09-08T08:09:02Z,CC-BY-4.0
worldbank_pink_sheet,RICE_05,global,1968-09-01,175.8,$/mt,2026-09-08T08:09:02Z,CC-BY-4.0
worldbank_pink_sheet,RICE_05,global,1968-10-01,163.7,$/mt,2026-09-08T08:09:02Z,CC-BY-4.0
worldbank_pink_sheet,RICE_05,global,1968-11-01,157.1,$/mt,2026-09-08T08:09:02Z,CC-BY-4.0
worldbank_pink_sheet,RICE_05,global,1968-12-01,159.9,$/mt,2026-09-08T08:09:02Z,CC-BY-4.0
worldbank_pink_sheet,RICE_05,global,1969-01-01,162.4,$/mt,2026-09-08T08:09:02Z,CC-BY-4.0
worldbank_pink_sheet,RICE_05,global,1969-02-01,160.5,$/mt,2026-09-08T08:09:02Z,CC-BY-4.0
worldbank_pink_sheet,RICE_05,global,1969-03-01,167.0,$/mt,2026-09-08T08:09:02Z,CC-BY-4.0
worldbank_pink_sheet,RICE_05,global,1969-04-01,165.2,$/mt,2026-09-08T08:09:02Z,CC-BY-4.0
worldbank_pink_sheet,RICE_05,global,1969-05-01,171.1,$/mt,2026-09-08T08:09:02Z,CC-BY-4.0
worldbank_pink_sheet,RICE_05,global,1969-06-01,178.8,$/mt,2026-09-08T08:09:02Z,CC-BY-4.0
worldbank_pink_sheet,RICE_05,global,1969-07-01,180.5,$/mt,2026-09-08T08:09:02Z,CC-BY-4.0
worldbank_pink_sheet,RICE_05,global,1969-08-01,171.6,$/mt,2026-09-08T08:09:02Z,CC-BY-4.0
worldbank_pink_sheet,RICE_05,global,1969-09-01,167.6,$/mt,2026-09-08T08:09:02Z,CC-BY-4.0
worldbank_pink_sheet,RICE_05,global,1969-10-01,167.4,$/mt,2026-09-08T08:09:02Z,CC-BY-4.0
worldbank_pink_sheet,RICE_05,global,1969-11-01,167.6,$/mt,2026-09-08T08:09:02Z,CC-BY-4.0
worldbank_pink_sheet,RICE_05,global,1969-12-01,161.1,$/mt,2026-09-08T08:09:02Z,CC-BY-4.0
worldbank_pink_sheet,RICE_05,global,1970-01-01,140.5,$/mt,2026-09-08T08:09:02Z,CC-BY-4.0
worldbank_pink_sheet,RICE_05,global,1970-02-01,133.4,$/mt,2026-09-08T08:09:02Z,CC-BY-4.0
worldbank_pink_sheet,RICE_05,global,1970-03-01,126.3,$/mt,2026-09-08T08:09:02Z,CC-BY-4.0
worldbank_pink_sheet,RICE_05,global,1970-04-01,121.6,$/mt,2026-09-08T08:09:02Z,CC-BY-4.0
worldbank_pink_sheet,RICE_05,global,1970-05-01,121.6,$/mt,2026-09-08T08:09:02Z,CC-BY-4.0
worldbank_pink_sheet,RICE_05,global,1970-06-01,124.0,$/mt,2026-09-08T08:09:02Z,CC-BY-4.0
worldbank_pink_sheet,RICE_05,global,1970-07-01,124.9,$/mt,2026-09-08T08:09:02Z,CC-BY-4.0
worldbank_pink_sheet,RICE_05,global,1970-08-01,128.1,$/mt,2026-09-08T08:09:02Z,CC-BY-4.0
worldbank_pink_sheet,RICE_05,global,1970-09-01,125.7,$/mt,2026-09-08T08:09:02Z,CC-BY-4.0
worldbank_pink_sheet,RICE_05,global,1970-10-01,124.4,$/mt,2026-09-08T08:09:02Z,CC-BY-4.0
worldbank_pink_sheet,RICE_05,global,1970-11-01,124.8,$/mt,2026-09-08T08:09:02Z,CC-BY-4.0
worldbank_pink_sheet,RICE_05,global,1970-12-01,120.4,$/mt,2026-09-08T08:09:02Z,CC-BY-4.0
worldbank_pink_sheet,RICE_05,global,1971-01-01,121.4,$/mt,2026-09-08T08:09:02Z,CC-BY-4.0
worldbank_pink_sheet,RICE_05,global,1971-02-01,105.1,$/mt,2026-09-08T08:09:02Z,CC-BY-4.0
worldbank_pink_sheet,RICE_05,global,1971-03-01,98.9,$/mt,2026-09-08T08:09:02Z,CC-BY-4.0
worldbank_pink_sheet,RICE_05,global,1971-04-01,95.7,$/mt,2026-09-08T08:09:02Z,CC-BY-4.0
worldbank_pink_sheet,RICE_05,global,1971-05-01,106.0,$/mt,2026-09-08T08:09:02Z,CC-BY-4.0
worldbank_pink_sheet,RICE_05,global,1971-06-01,109.2,$/mt,2026-09-08T08:09:02Z,CC-BY-4.0
worldbank_pink_sheet,RICE_05,global,1971-07-01,111.5,$/mt,2026-09-08T08:09:02Z,CC-BY-4.0
worldbank_pink_sheet,RICE_05,global,1971-08-01,113.4,$/mt,2026-09-08T08:09:02Z,CC-BY-4.0
worldbank_pink_sheet,RICE_05,global,1971-09-01,120.6,$/mt,2026-09-08T08:09:02Z,CC-BY-4.0
worldbank_pink_sheet,RICE_05,global,1971-10-01,121.7,$/mt,2026-09-08T08:09:02Z,CC-BY-4.0
worldbank_pink_sheet,RICE_05,global,1971-11-01,118.1,$/mt,2026-09-08T08:09:02Z,CC-BY-4.0
worldbank_pink_sheet,RICE_05,global,1971-12-01,117.0,$/mt,2026-09-08T08:09:02Z,CC-BY-4.0
worldbank_pink_sheet,RICE_05,global,1972-01-01,113.8,$/mt,2026-09-08T08:09:02Z,CC-BY-4.0
worldbank_pink_sheet,RICE_05,global,1972-02-01,112.6,$/mt,2026-09-08T08:09:02Z,CC-BY-4.0
worldbank_pink_sheet,RICE_05,global,1972-03-01,113.1,$/mt,2026-09-08T08:09:02Z,CC-BY-4.0
worldbank_pink_sheet,RICE_05,global,1972-04-01,111.6,$/mt,2026-09-08T08:09:02Z,CC-BY-4.0
worldbank_pink_sheet,RICE_05,global,1972-05-01,114.1,$/mt,2026-09-08T08:09:02Z,CC-BY-4.0
worldbank_pink_sheet,RICE_05,global,1972-06-01,118.4,$/mt,2026-09-08T08:09:02Z,CC-BY-4.0
worldbank_pink_sheet,RICE_05,global,1972-07-01,119.3,$/mt,2026-09-08T08:09:02Z,CC-BY-4.0
worldbank_pink_sheet,RICE_05,global,1972-08-01,135.6,$/mt,2026-09-08T08:09:02Z,CC-BY-4.0
worldbank_pink_sheet,RICE_05,global,1972-09-01,144.8,$/mt,2026-09-08T08:09:02Z,CC-BY-4.0
worldbank_pink_sheet,RICE_05,global,1972-10-01,148.7,$/mt,2026-09-08T08:09:02Z,CC-BY-4.0
worldbank_pink_sheet,RICE_05,global,1972-11-01,156.0,$/mt,2026-09-08T08:09:02Z,CC-BY-4.0
worldbank_pink_sheet,RICE_05,global,1972-12-01,165.5,$/mt,2026-09-08T08:09:02Z,CC-BY-4.0
worldbank_pink_sheet,RICE_05,global,1973-01-01,160.9,$/mt,2026-09-08T08:09:02Z,CC-BY-4.0
worldbank_pink_sheet,RICE_05,global,1973-02-01,173.5,$/mt,2026-09-08T08:09:02Z,CC-BY-4.0
worldbank_pink_sheet,RICE_05,global,1973-03-01,185.9,$/mt,2026-09-08T08:09:02Z,CC-BY-4.0
worldbank_pink_sheet,RICE_05,global,1973-04-01,185.9,$/mt,2026-09-08T08:09:02Z,CC-BY-4.0
worldbank_pink_sheet,RICE_05,global,1973-05-01,185.9,$/mt,2026-09-08T08:09:02Z,CC-BY-4.0
worldbank_pink_sheet,RICE_05,global,1973-06-01,185.9,$/mt,2026-09-08T08:09:02Z,CC-BY-4.0
worldbank_pink_sheet,RICE_05,global,1973-07-01,332.5,$/mt,2026-09-08T08:09:02Z,CC-BY-4.0
worldbank_pink_sheet,RICE_05,global,1973-08-01,377.7,$/mt,2026-09-08T08:09:02Z,CC-BY-4.0
worldbank_pink_sheet,RICE_05,global,1973-09-01,377.7,$/mt,2026-09-08T08:09:02Z,CC-BY-4.0
worldbank_pink_sheet,RICE_05,global,1973-10-01,337.7,$/mt,2026-09-08T08:09:02Z,CC-BY-4.0
worldbank_pink_sheet,RICE_05,global,1973-11-01,475.9,$/mt,2026-09-08T08:09:02Z,CC-BY-4.0
worldbank_pink_sheet,RICE_05,global,1973-12-01,495.5,$/mt,2026-09-08T08:09:02Z,CC-BY-4.0
worldbank_pink_sheet,RICE_05,global,1974-01-01,512.2,$/mt,2026-09-08T08:09:02Z,CC-BY-4.0
worldbank_pink_sheet,RICE_05,global,1974-02-01,539.7,$/mt,2026-09-08T08:09:02Z,CC-BY-4.0
worldbank_pink_sheet,RICE_05,global,1974-03-01,570.2,$/mt,2026-09-08T08:09:02Z,CC-BY-4.0
worldbank_pink_sheet,RICE_05,global,1974-04-01,603.6,$/mt,2026-09-08T08:09:02Z,CC-BY-4.0
worldbank_pink_sheet,RICE_05,global,1974-05-01,598.7,$/mt,2026-09-08T08:09:02Z,CC-BY-4.0
worldbank_pink_sheet,RICE_05,global,1974-06-01,570.4,$/mt,2026-09-08T08:09:02Z,CC-BY-4.0
worldbank_pink_sheet,RICE_05,global,1974-07-01,494.6,$/mt,2026-09-08T08:09:02Z,CC-BY-4.0
worldbank_pink_sheet,RICE_05,global,1974-08-01,496.5,$/mt,2026-09-08T08:09:02Z,CC-BY-4.0
worldbank_pink_sheet,RICE_05,global,1974-09-01,491.9,$/mt,2026-09-08T08:09:02Z,CC-BY-4.0
worldbank_pink_sheet,RICE_05,global,1974-10-01,478.4,$/mt,2026-09-08T08:09:02Z,CC-BY-4.0
worldbank_pink_sheet,RICE_05,global,1974-11-01,436.6,$/mt,2026-09-08T08:09:02Z,CC-BY-4.0
worldbank_pink_sheet,RICE_05,global,1974-12-01,413.3,$/mt,2026-09-08T08:09:02Z,CC-BY-4.0
worldbank_pink_sheet,RICE_05,global,1975-01-01,376.7,$/mt,2026-09-08T08:09:02Z,CC-BY-4.0
worldbank_pink_sheet,RICE_05,global,1975-02-01,381.4,$/mt,2026-09-08T08:09:02Z,CC-BY-4.0
worldbank_pink_sheet,RICE_05,global,1975-03-01,374.0,$/mt,2026-09-08T08:09:02Z,CC-BY-4.0
worldbank_pink_sheet,RICE_05,global,1975-04-01,377.7,$/mt,2026-09-08T08:09:02Z,CC-BY-4.0
worldbank_pink_sheet,RICE_05,global,1975-05-01,365.4,$/mt,2026-09-08T08:09:02Z,CC-BY-4.0
worldbank_pink_sheet,RICE_05,global,1975-06-01,324.9,$/mt,2026-09-08T08:09:02Z,CC-BY-4.0
worldbank_pink_sheet,RICE_05,global,1975-07-01,307.7,$/mt,2026-09-08T08:09:02Z,CC-BY-4.0
worldbank_pink_sheet,RICE_05,global,1975-08-01,323.7,$/mt,2026-09-08T08:09:02Z,CC-BY-4.0
worldbank_pink_sheet,RICE_05,global,1975-09-01,336.2,$/mt,2026-09-08T08:09:02Z,CC-BY-4.0
worldbank_pink_sheet,RICE_05,global,1975-10-01,332.5,$/mt,2026-09-08T08:09:02Z,CC-BY-4.0
worldbank_pink_sheet,RICE_05,global,1975-11-01,309.5,$/mt,2026-09-08T08:09:02Z,CC-BY-4.0
worldbank_pink_sheet,RICE_05,global,1975-12-01,287.4,$/mt,2026-09-08T08:09:02Z,CC-BY-4.0
worldbank_pink_sheet,RICE_05,global,1976-01-01,259.9,$/mt,2026-09-08T08:09:02Z,CC-BY-4.0
worldbank_pink_sheet,RICE_05,global,1976-02-01,233.4,$/mt,2026-09-08T08:09:02Z,CC-BY-4.0
worldbank_pink_sheet,RICE_05,global,1976-03-01,228.4,$/mt,2026-09-08T08:09:02Z,CC-BY-4.0
worldbank_pink_sheet,RICE_05,global,1976-04-01,226.5,$/mt,2026-09-08T08:09:02Z,CC-BY-4.0
worldbank_pink_sheet,RICE_05,global,1976-05-01,226.5,$/mt,2026-09-08T08:09:02Z,CC-BY-4.0
worldbank_pink_sheet,RICE_05,global,1976-06-01,222.8,$/mt,2026-09-08T08:09:02Z,CC-BY-4.0
worldbank_pink_sheet,RICE_05,global,1976-07-01,222.7,$/mt,2026-09-08T08:09:02Z,CC-BY-4.0
worldbank_pink_sheet,RICE_05,global,1976-08-01,223.5,$/mt,2026-09-08T08:09:02Z,CC-BY-4.0
worldbank_pink_sheet,RICE_05,global,1976-09-01,244.9,$/mt,2026-09-08T08:09:02Z,CC-BY-4.0
worldbank_pink_sheet,RICE_05,global,1976-10-01,250.0,$/mt,2026-09-08T08:09:02Z,CC-BY-4.0
worldbank_pink_sheet,RICE_05,global,1976-11-01,239.2,$/mt,2026-09-08T08:09:02Z,CC-BY-4.0
worldbank_pink_sheet,RICE_05,global,1976-12-01,238.3,$/mt,2026-09-08T08:09:02Z,CC-BY-4.0
worldbank_pink_sheet,RICE_05,global,1977-01-01,239.5,$/mt,2026-09-08T08:09:02Z,CC-BY-4.0
worldbank_pink_sheet,RICE_05,global,1977-02-01,235.1,$/mt,2026-09-08T08:09:02Z,CC-BY-4.0
worldbank_pink_sheet,RICE_05,global,1977-03-01,242.5,$/mt,2026-09-08T08:09:02Z,CC-BY-4.0
worldbank_pink_sheet,RICE_05,global,1977-04-01,232.6,$/mt,2026-09-08T08:09:02Z,CC-BY-4.0
worldbank_pink_sheet,RICE_05,global,1977-05-01,237.7,$/mt,2026-09-08T08:09:02Z,CC-BY-4.0
worldbank_pink_sheet,RICE_05,global,1977-06-01,244.6,$/mt,2026-09-08T08:09:02Z,CC-BY-4.0
worldbank_pink_sheet,RICE_05,global,1977-07-01,251.2,$/mt,2026-09-08T08:09:02Z,CC-BY-4.0
worldbank_pink_sheet,RICE_05,global,1977-08-01,255.0,$/mt,2026-09-08T08:09:02Z,CC-BY-4.0
worldbank_pink_sheet,RICE_05,global,1977-09-01,255.0,$/mt,2026-09-08T08:09:02Z,CC-BY-4.0
worldbank_pink_sheet,RICE_05,global,1977-10-01,256.9,$/mt,2026-09-08T08:09:02Z,CC-BY-4.0
worldbank_pink_sheet,RICE_05,global,1977-11-01,274.1,$/mt,2026-09-08T08:09:02Z,CC-BY-4.0
worldbank_pink_sheet,RICE_05,global,1977-12-01,302.6,$/mt,2026-09-08T08:09:02Z,CC-BY-4.0
worldbank_pink_sheet,RICE_05,global,1978-01-01,317.3,$/mt,2026-09-08T08:09:02Z,CC-BY-4.0
worldbank_pink_sheet,RICE_05,global,1978-02-01,341.1,$/mt,2026-09-08T08:09:02Z,CC-BY-4.0
worldbank_pink_sheet,RICE_05,global,1978-03-01,373.8,$/mt,2026-09-08T08:09:02Z,CC-BY-4.0
worldbank_pink_sheet,RICE_05,global,1978-04-01,388.5,$/mt,2026-09-08T08:09:02Z,CC-BY-4.0
worldbank_pink_sheet,RICE_05,global,1978-05-01,386.5,$/mt,2026-09-08T08:09:02Z,CC-BY-4.0
worldbank_pink_sheet,RICE_05,global,1978-06-01,381.1,$/mt,2026-09-08T08:09:02Z,CC-BY-4.0
worldbank_pink_sheet,RICE_05,global,1978-07-01,362.2,$/mt,2026-09-08T08:09:02Z,CC-BY-4.0
worldbank_pink_sheet,RICE_05,global,1978-08-01,344.3,$/mt,2026-09-08T08:09:02Z,CC-BY-4.0
worldbank_pink_sheet,RICE_05,global,1978-09-01,347.0,$/mt,2026-09-08T08:09:02Z,CC-BY-4.0
worldbank_pink_sheet,RICE_05,global,1978-10-01,338.4,$/mt,2026-09-08T08:09:02Z,CC-BY-4.0
worldbank_pink_sheet,RICE_05,global,1978-11-01,294.2,$/mt,2026-09-08T08:09:02Z,CC-BY-4.0
worldbank_pink_sheet,RICE_05,global,1978-12-01,273.4,$/mt,2026-09-08T08:09:02Z,CC-BY-4.0
worldbank_pink_sheet,RICE_05,global,1979-01-01,278.5,$/mt,2026-09-08T08:09:02Z,CC-BY-4.0
worldbank_pink_sheet,RICE_05,global,1979-02-01,279.5,$/mt,2026-09-08T08:09:02Z,CC-BY-4.0
worldbank_pink_sheet,RICE_05,global,1979-03-01,293.0,$/mt,2026-09-08T08:09:02Z,CC-BY-4.0
worldbank_pink_sheet,RICE_05,global,1979-04-01,295.5,$/mt,2026-09-08T08:09:02Z,CC-BY-4.0
worldbank_pink_sheet,RICE_05,global,1979-05-01,296.8,$/mt,2026-09-08T08:09:02Z,CC-BY-4.0
worldbank_pink_sheet,RICE_05,global,1979-06-01,303.3,$/mt,2026-09-08T08:09:02Z,CC-BY-4.0
worldbank_pink_sheet,RICE_05,global,1979-07-01,304.1,$/mt,2026-09-08T08:09:02Z,CC-BY-4.0
worldbank_pink_sheet,RICE_05,global,1979-08-01,328.4,$/mt,2026-09-08T08:09:02Z,CC-BY-4.0
worldbank_pink_sheet,RICE_05,global,1979-09-01,338.2,$/mt,2026-09-08T08:09:02Z,CC-BY-4.0
worldbank_pink_sheet,RICE_05,global,1979-10-01,340.4,$/mt,2026-09-08T08:09:02Z,CC-BY-4.0
worldbank_pink_sheet,RICE_05,global,1979-11-01,342.4,$/mt,2026-09-08T08:09:02Z,CC-BY-4.0
worldbank_pink_sheet,RICE_05,global,1979-12-01,356.9,$/mt,2026-09-08T08:09:02Z,CC-BY-4.0
worldbank_pink_sheet,RICE_05,global,1980-01-01,372.8,$/mt,2026-09-08T08:09:02Z,CC-BY-4.0
worldbank_pink_sheet,RICE_05,global,1980-02-01,376.5,$/mt,2026-09-08T08:09:02Z,CC-BY-4.0
worldbank_pink_sheet,RICE_05,global,1980-03-01,392.7,$/mt,2026-09-08T08:09:02Z,CC-BY-4.0
worldbank_pink_sheet,RICE_05,global,1980-04-01,396.0,$/mt,2026-09-08T08:09:02Z,CC-BY-4.0
worldbank_pink_sheet,RICE_05,global,1980-05-01,410.4,$/mt,2026-09-08T08:09:02Z,CC-BY-4.0
worldbank_pink_sheet,RICE_05,global,1980-06-01,418.9,$/mt,2026-09-08T08:09:02Z,CC-BY-4.0
worldbank_pink_sheet,RICE_05,global,1980-07-01,418.9,$/mt,2026-09-08T08:09:02Z,CC-BY-4.0
worldbank_pink_sheet,RICE_05,global,1980-08-01,418.9,$/mt,2026-09-08T08:09:02Z,CC-BY-4.0
worldbank_pink_sheet,RICE_05,global,1980-09-01,418.9,$/mt,2026-09-08T08:09:02Z,CC-BY-4.0
worldbank_pink_sheet,RICE_05,global,1980-10-01,418.9,$/mt,2026-09-08T08:09:02Z,CC-BY-4.0
worldbank_pink_sheet,RICE_05,global,1980-11-01,439.4,$/mt,2026-09-08T08:09:02Z,CC-BY-4.0
worldbank_pink_sheet,RICE_05,global,1980-12-01,446.4,$/mt,2026-09-08T08:09:02Z,CC-BY-4.0
worldbank_pink_sheet,RICE_05,global,1981-01-01,446.4,$/mt,2026-09-08T08:09:02Z,CC-BY-4.0
worldbank_pink_sheet,RICE_05,global,1981-02-01,456.3,$/mt,2026-09-08T08:09:02Z,CC-BY-4.0
worldbank_pink_sheet,RICE_05,global,1981-03-01,480.6,$/mt,2026-09-08T08:09:02Z,CC-BY-4.0
worldbank_pink_sheet,RICE_05,global,1981-04-01,490.6,$/mt,2026-09-08T08:09:02Z,CC-BY-4.0
worldbank_pink_sheet,RICE_05,global,1981-05-01,494.4,$/mt,2026-09-08T08:09:02Z,CC-BY-4.0
worldbank_pink_sheet,RICE_05,global,1981-06-01,510.3,$/mt,2026-09-08T08:09:02Z,CC-BY-4.0
worldbank_pink_sheet,RICE_05,global,1981-07-01,498.5,$/mt,2026-09-08T08:09:02Z,CC-BY-4.0
worldbank_pink_sheet,RICE_05,global,1981-08-01,473.9,$/mt,2026-09-08T08:09:02Z,CC-BY-4.0
worldbank_pink_sheet,RICE_05,global,1981-09-01,463.1,$/mt,2026-09-08T08:09:02Z,CC-BY-4.0
worldbank_pink_sheet,RICE_05,global,1981-10-01,431.7,$/mt,2026-09-08T08:09:02Z,CC-BY-4.0
worldbank_pink_sheet,RICE_05,global,1981-11-01,405.2,$/mt,2026-09-08T08:09:02Z,CC-BY-4.0
worldbank_pink_sheet,RICE_05,global,1981-12-01,356.9,$/mt,2026-09-08T08:09:02Z,CC-BY-4.0
worldbank_pink_sheet,RICE_05,global,1982-01-01,321.2,$/mt,2026-09-08T08:09:02Z,CC-BY-4.0
worldbank_pink_sheet,RICE_05,global,1982-02-01,302.8,$/mt,2026-09-08T08:09:02Z,CC-BY-4.0
worldbank_pink_sheet,RICE_05,global,1982-03-01,305.3,$/mt,2026-09-08T08:09:02Z,CC-BY-4.0
worldbank_pink_sheet,RICE_05,global,1982-04-01,291.3,$/mt,2026-09-08T08:09:02Z,CC-BY-4.0
worldbank_pink_sheet,RICE_05,global,1982-05-01,278.5,$/mt,2026-09-08T08:09:02Z,CC-BY-4.0
worldbank_pink_sheet,RICE_05,global,1982-06-01,270.7,$/mt,2026-09-08T08:09:02Z,CC-BY-4.0
worldbank_pink_sheet,RICE_05,global,1982-07-01,261.8,$/mt,2026-09-08T08:09:02Z,CC-BY-4.0
worldbank_pink_sheet,RICE_05,global,1982-08-01,266.7,$/mt,2026-09-08T08:09:02Z,CC-BY-4.0
worldbank_pink_sheet,RICE_05,global,1982-09-01,252.0,$/mt,2026-09-08T08:09:02Z,CC-BY-4.0
worldbank_pink_sheet,RICE_05,global,1982-10-01,235.1,$/mt,2026-09-08T08:09:02Z,CC-BY-4.0
worldbank_pink_sheet,RICE_05,global,1982-11-01,238.3,$/mt,2026-09-08T08:09:02Z,CC-BY-4.0
worldbank_pink_sheet,RICE_05,global,1982-12-01,246.1,$/mt,2026-09-08T08:09:02Z,CC-BY-4.0
worldbank_pink_sheet,RICE_05,global,1983-01-01,240.0,$/mt,2026-09-08T08:09:02Z,CC-BY-4.0
worldbank_pink_sheet,RICE_05,global,1983-02-01,249.6,$/mt,2026-09-08T08:09:02Z,CC-BY-4.0
worldbank_pink_sheet,RICE_05,global,1983-03-01,261.8,$/mt,2026-09-08T08:09:02Z,CC-BY-4.0
worldbank_pink_sheet,RICE_05,global,1983-04-01,261.8,$/mt,2026-09-08T08:09:02Z,CC-BY-4.0
worldbank_pink_sheet,RICE_05,global,1983-05-01,259.9,$/mt,2026-09-08T08:09:02Z,CC-BY-4.0
worldbank_pink_sheet,RICE_05,global,1983-06-01,249.1,$/mt,2026-09-08T08:09:02Z,CC-BY-4.0
worldbank_pink_sheet,RICE_05,global,1983-07-01,241.5,$/mt,2026-09-08T08:09:02Z,CC-BY-4.0
worldbank_pink_sheet,RICE_05,global,1983-08-01,255.0,$/mt,2026-09-08T08:09:02Z,CC-BY-4.0
worldbank_pink_sheet,RICE_05,global,1983-09-01,278.3,$/mt,2026-09-08T08:09:02Z,CC-BY-4.0
worldbank_pink_sheet,RICE_05,global,1983-10-01,269.7,$/mt,2026-09-08T08:09:02Z,CC-BY-4.0
worldbank_pink_sheet,RICE_05,global,1983-11-01,264.2,$/mt,2026-09-08T08:09:02Z,CC-BY-4.0
worldbank_pink_sheet,RICE_05,global,1983-12-01,251.0,$/mt,2026-09-08T08:09:02Z,CC-BY-4.0
worldbank_pink_sheet,RICE_05,global,1984-01-01,237.8,$/mt,2026-09-08T08:09:02Z,CC-BY-4.0
worldbank_pink_sheet,RICE_05,global,1984-02-01,227.9,$/mt,2026-09-08T08:09:02Z,CC-BY-4.0
worldbank_pink_sheet,RICE_05,global,1984-03-01,234.1,$/mt,2026-09-08T08:09:02Z,CC-BY-4.0
worldbank_pink_sheet,RICE_05,global,1984-04-01,235.3,$/mt,2026-09-08T08:09:02Z,CC-BY-4.0
worldbank_pink_sheet,RICE_05,global,1984-05-01,234.3,$/mt,2026-09-08T08:09:02Z,CC-BY-4.0
worldbank_pink_sheet,RICE_05,global,1984-06-01,235.3,$/mt,2026-09-08T08:09:02Z,CC-BY-4.0
worldbank_pink_sheet,RICE_05,global,1984-07-01,248.8,$/mt,2026-09-08T08:09:02Z,CC-BY-4.0
worldbank_pink_sheet,RICE_05,global,1984-08-01,252.0,$/mt,2026-09-08T08:09:02Z,CC-BY-4.0
worldbank_pink_sheet,RICE_05,global,1984-09-01,236.5,$/mt,2026-09-08T08:09:02Z,CC-BY-4.0
worldbank_pink_sheet,RICE_05,global,1984-10-01,231.6,$/mt,2026-09-08T08:09:02Z,CC-BY-4.0
worldbank_pink_sheet,RICE_05,global,1984-11-01,211.7,$/mt,2026-09-08T08:09:02Z,CC-BY-4.0
worldbank_pink_sheet,RICE_05,global,1984-12-01,204.6,$/mt,2026-09-08T08:09:02Z,CC-BY-4.0
worldbank_pink_sheet,RICE_05,global,1985-01-01,206.8,$/mt,2026-09-08T08:09:02Z,CC-BY-4.0
worldbank_pink_sheet,RICE_05,global,1985-02-01,200.9,$/mt,2026-09-08T08:09:02Z,CC-BY-4.0
worldbank_pink_sheet,RICE_05,global,1985-03-01,200.0,$/mt,2026-09-08T08:09:02Z,CC-BY-4.0
worldbank_pink_sheet,RICE_05,global,1985-04-01,202.9,$/mt,2026-09-08T08:09:02Z,CC-BY-4.0
worldbank_pink_sheet,RICE_05,global,1985-05-01,202.9,$/mt,2026-09-08T08:09:02Z,CC-BY-4.0
worldbank_pink_sheet,RICE_05,global,1985-06-01,202.9,$/mt,2026-09-08T08:09:02Z,CC-BY-4.0
worldbank_pink_sheet,RICE_05,global,1985-07-01,191.1,$/mt,2026-09-08T08:09:02Z,CC-BY-4.0
worldbank_pink_sheet,RICE_05,global,1985-08-01,191.1,$/mt,2026-09-08T08:09:02Z,CC-BY-4.0
worldbank_pink_sheet,RICE_05,global,1985-09-01,191.1,$/mt,2026-09-08T08:09:02Z,CC-BY-4.0
worldbank_pink_sheet,RICE_05,global,1985-10-01,191.1,$/mt,2026-09-08T08:09:02Z,CC-BY-4.0
worldbank_pink_sheet,RICE_05,global,1985-11-01,191.1,$/mt,2026-09-08T08:09:02Z,CC-BY-4.0
worldbank_pink_sheet,RICE_05,global,1985-12-01,191.1,$/mt,2026-09-08T08:09:02Z,CC-BY-4.0
worldbank_pink_sheet,RICE_05,global,1986-01-01,220.6,$/mt,2026-09-08T08:09:02Z,CC-BY-4.0
worldbank_pink_sheet,RICE_05,global,1986-02-01,212.0,$/mt,2026-09-08T08:09:02Z,CC-BY-4.0
worldbank_pink_sheet,RICE_05,global,1986-03-01,197.3,$/mt,2026-09-08T08:09:02Z,CC-BY-4.0
worldbank_pink_sheet,RICE_05,global,1986-04-01,186.2,$/mt,2026-09-08T08:09:02Z,CC-BY-4.0
worldbank_pink_sheet,RICE_05,global,1986-05-01,181.3,$/mt,2026-09-08T08:09:02Z,CC-BY-4.0
worldbank_pink_sheet,RICE_05,global,1986-06-01,181.3,$/mt,2026-09-08T08:09:02Z,CC-BY-4.0
worldbank_pink_sheet,RICE_05,global,1986-07-01,181.3,$/mt,2026-09-08T08:09:02Z,CC-BY-4.0
worldbank_pink_sheet,RICE_05,global,1986-08-01,185.8,$/mt,2026-09-08T08:09:02Z,CC-BY-4.0
worldbank_pink_sheet,RICE_05,global,1986-09-01,173.5,$/mt,2026-09-08T08:09:02Z,CC-BY-4.0
worldbank_pink_sheet,RICE_05,global,1986-10-01,174.8,$/mt,2026-09-08T08:09:02Z,CC-BY-4.0
worldbank_pink_sheet,RICE_05,global,1986-11-01,174.0,$/mt,2026-09-08T08:09:02Z,CC-BY-4.0
worldbank_pink_sheet,RICE_05,global,1986-12-01,167.0,$/mt,2026-09-08T08:09:02Z,CC-BY-4.0
worldbank_pink_sheet,RICE_05,global,1987-01-01,172.0,$/mt,2026-09-08T08:09:02Z,CC-BY-4.0
worldbank_pink_sheet,RICE_05,global,1987-02-01,186.0,$/mt,2026-09-08T08:09:02Z,CC-BY-4.0
worldbank_pink_sheet,RICE_05,global,1987-03-01,198.3,$/mt,2026-09-08T08:09:02Z,CC-BY-4.0
worldbank_pink_sheet,RICE_05,global,1987-04-01,199.4,$/mt,2026-09-08T08:09:02Z,CC-BY-4.0
worldbank_pink_sheet,RICE_05,global,1987-05-01,197.5,$/mt,2026-09-08T08:09:02Z,CC-BY-4.0
worldbank_pink_sheet,RICE_05,global,1987-06-01,192.8,$/mt,2026-09-08T08:09:02Z,CC-BY-4.0
worldbank_pink_sheet,RICE_05,global,1987-07-01,190.8,$/mt,2026-09-08T08:09:02Z,CC-BY-4.0
worldbank_pink_sheet,RICE_05,global,1987-08-01,204.0,$/mt,2026-09-08T08:09:02Z,CC-BY-4.0
worldbank_pink_sheet,RICE_05,global,1987-09-01,258.0,$/mt,2026-09-08T08:09:02Z,CC-BY-4.0
worldbank_pink_sheet,RICE_05,global,1987-10-01,266.8,$/mt,2026-09-08T08:09:02Z,CC-BY-4.0
worldbank_pink_sheet,RICE_05,global,1987-11-01,254.3,$/mt,2026-09-08T08:09:02Z,CC-BY-4.0
worldbank_pink_sheet,RICE_05,global,1987-12-01,255.6,$/mt,2026-09-08T08:09:02Z,CC-BY-4.0
worldbank_pink_sheet,RICE_05,global,1988-01-01,291.5,$/mt,2026-09-08T08:09:02Z,CC-BY-4.0
worldbank_pink_sheet,RICE_05,global,1988-02-01,306.3,$/mt,2026-09-08T08:09:02Z,CC-BY-4.0
worldbank_pink_sheet,RICE_05,global,1988-03-01,294.0,$/mt,2026-09-08T08:09:02Z,CC-BY-4.0
worldbank_pink_sheet,RICE_05,global,1988-04-01,288.0,$/mt,2026-09-08T08:09:02Z,CC-BY-4.0
worldbank_pink_sheet,RICE_05,global,1988-05-01,257.0,$/mt,2026-09-08T08:09:02Z,CC-BY-4.0
worldbank_pink_sheet,RICE_05,global,1988-06-01,271.5,$/mt,2026-09-08T08:09:02Z,CC-BY-4.0
worldbank_pink_sheet,RICE_05,global,1988-07-01,271.8,$/mt,2026-09-08T08:09:02Z,CC-BY-4.0
worldbank_pink_sheet,RICE_05,global,1988-08-01,271.6,$/mt,2026-09-08T08:09:02Z,CC-BY-4.0
worldbank_pink_sheet,RICE_05,global,1988-09-01,273.3,$/mt,2026-09-08T08:09:02Z,CC-BY-4.0
worldbank_pink_sheet,RICE_05,global,1988-10-01,273.0,$/mt,2026-09-08T08:09:02Z,CC-BY-4.0
worldbank_pink_sheet,RICE_05,global,1988-11-01,271.8,$/mt,2026-09-08T08:09:02Z,CC-BY-4.0
worldbank_pink_sheet,RICE_05,global,1988-12-01,260.0,$/mt,2026-09-08T08:09:02Z,CC-BY-4.0
worldbank_pink_sheet,RICE_05,global,1989-01-01,264.8,$/mt,2026-09-08T08:09:02Z,CC-BY-4.0
worldbank_pink_sheet,RICE_05,global,1989-02-01,269.3,$/mt,2026-09-08T08:09:02Z,CC-BY-4.0
worldbank_pink_sheet,RICE_05,global,1989-03-01,278.5,$/mt,2026-09-08T08:09:02Z,CC-BY-4.0
worldbank_pink_sheet,RICE_05,global,1989-04-01,293.0,$/mt,2026-09-08T08:09:02Z,CC-BY-4.0
worldbank_pink_sheet,RICE_05,global,1989-05-01,310.3,$/mt,2026-09-08T08:09:02Z,CC-BY-4.0
worldbank_pink_sheet,RICE_05,global,1989-06-01,327.2,$/mt,2026-09-08T08:09:02Z,CC-BY-4.0
worldbank_pink_sheet,RICE_05,global,1989-07-01,350.5,$/mt,2026-09-08T08:09:02Z,CC-BY-4.0
worldbank_pink_sheet,RICE_05,global,1989-08-01,332.2,$/mt,2026-09-08T08:09:02Z,CC-BY-4.0
worldbank_pink_sheet,RICE_05,global,1989-09-01,319.8,$/mt,2026-09-08T08:09:02Z,CC-BY-4.0
worldbank_pink_sheet,RICE_05,global,1989-10-01,304.0,$/mt,2026-09-08T08:09:02Z,CC-BY-4.0
worldbank_pink_sheet,RICE_05,global,1989-11-01,268.5,$/mt,2026-09-08T08:09:02Z,CC-BY-4.0
worldbank_pink_sheet,RICE_05,global,1989-12-01,272.0,$/mt,2026-09-08T08:09:02Z,CC-BY-4.0
worldbank_pink_sheet,RICE_05,global,1990-01-01,276.2,$/mt,2026-09-08T08:09:02Z,CC-BY-4.0
worldbank_pink_sheet,RICE_05,global,1990-02-01,300.0,$/mt,2026-09-08T08:09:02Z,CC-BY-4.0
worldbank_pink_sheet,RICE_05,global,1990-03-01,289.3,$/mt,2026-09-08T08:09:02Z,CC-BY-4.0
worldbank_pink_sheet,RICE_05,global,1990-04-01,275.8,$/mt,2026-09-08T08:09:02Z,CC-BY-4.0
worldbank_pink_sheet,RICE_05,global,1990-05-01,260.0,$/mt,2026-09-08T08:09:02Z,CC-BY-4.0
worldbank_pink_sheet,RICE_05,global,1990-06-01,255.0,$/mt,2026-09-08T08:09:02Z,CC-BY-4.0
worldbank_pink_sheet,RICE_05,global,1990-07-01,256.4,$/mt,2026-09-08T08:09:02Z,CC-BY-4.0
worldbank_pink_sheet,RICE_05,global,1990-08-01,259.5,$/mt,2026-09-08T08:09:02Z,CC-BY-4.0
worldbank_pink_sheet,RICE_05,global,1990-09-01,260.8,$/mt,2026-09-08T08:09:02Z,CC-BY-4.0
worldbank_pink_sheet,RICE_05,global,1990-10-01,281.4,$/mt,2026-09-08T08:09:02Z,CC-BY-4.0
worldbank_pink_sheet,RICE_05,global,1990-11-01,272.3,$/mt,2026-09-08T08:09:02Z,CC-BY-4.0
worldbank_pink_sheet,RICE_05,global,1990-12-01,263.8,$/mt,2026-09-08T08:09:02Z,CC-BY-4.0
worldbank_pink_sheet,RICE_05,global,1991-01-01,303.4,$/mt,2026-09-08T08:09:02Z,CC-BY-4.0
worldbank_pink_sheet,RICE_05,global,1991-02-01,327.3,$/mt,2026-09-08T08:09:02Z,CC-BY-4.0
worldbank_pink_sheet,RICE_05,global,1991-03-01,311.5,$/mt,2026-09-08T08:09:02Z,CC-BY-4.0
worldbank_pink_sheet,RICE_05,global,1991-04-01,285.8,$/mt,2026-09-08T08:09:02Z,CC-BY-4.0
worldbank_pink_sheet,RICE_05,global,1991-05-01,288.3,$/mt,2026-09-08T08:09:02Z,CC-BY-4.0
worldbank_pink_sheet,RICE_05,global,1991-06-01,293.3,$/mt,2026-09-08T08:09:02Z,CC-BY-4.0
worldbank_pink_sheet,RICE_05,global,1991-07-01,303.4,$/mt,2026-09-08T08:09:02Z,CC-BY-4.0
worldbank_pink_sheet,RICE_05,global,1991-08-01,298.3,$/mt,2026-09-08T08:09:02Z,CC-BY-4.0
worldbank_pink_sheet,RICE_05,global,1991-09-01,291.5,$/mt,2026-09-08T08:09:02Z,CC-BY-4.0
worldbank_pink_sheet,RICE_05,global,1991-10-01,276.6,$/mt,2026-09-08T08:09:02Z,CC-BY-4.0
worldbank_pink_sheet,RICE_05,global,1991-11-01,271.8,$/mt,2026-09-08T08:09:02Z,CC-BY-4.0
worldbank_pink_sheet,RICE_05,global,1991-12-01,268.4,$/mt,2026-09-08T08:09:02Z,CC-BY-4.0
worldbank_pink_sheet,RICE_05,global,1992-01-01,277.3,$/mt,2026-09-08T08:09:02Z,CC-BY-4.0
worldbank_pink_sheet,RICE_05,global,1992-02-01,278.3,$/mt,2026-09-08T08:09:02Z,CC-BY-4.0
worldbank_pink_sheet,RICE_05,global,1992-03-01,277.2,$/mt,2026-09-08T08:09:02Z,CC-BY-4.0
worldbank_pink_sheet,RICE_05,global,1992-04-01,278.0,$/mt,2026-09-08T08:09:02Z,CC-BY-4.0
worldbank_pink_sheet,RICE_05,global,1992-05-01,274.0,$/mt,2026-09-08T08:09:02Z,CC-BY-4.0
worldbank_pink_sheet,RICE_05,global,1992-06-01,268.8,$/mt,2026-09-08T08:09:02Z,CC-BY-4.0
worldbank_pink_sheet,RICE_05,global,1992-07-01,278.5,$/mt,2026-09-08T08:09:02Z,CC-BY-4.0
worldbank_pink_sheet,RICE_05,global,1992-08-01,270.8,$/mt,2026-09-08T08:09:02Z,CC-BY-4.0
worldbank_pink_sheet,RICE_05,global,1992-09-01,257.0,$/mt,2026-09-08T08:09:02Z,CC-BY-4.0
worldbank_pink_sheet,RICE_05,global,1992-10-01,250.0,$/mt,2026-09-08T08:09:02Z,CC-BY-4.0
worldbank_pink_sheet,RICE_05,global,1992-11-01,252.6,$/mt,2026-09-08T08:09:02Z,CC-BY-4.0
worldbank_pink_sheet,RICE_05,global,1992-12-01,256.3,$/mt,2026-09-08T08:09:02Z,CC-BY-4.0
worldbank_pink_sheet,RICE_05,global,1993-01-01,259.8,$/mt,2026-09-08T08:09:02Z,CC-BY-4.0
worldbank_pink_sheet,RICE_05,global,1993-02-01,254.3,$/mt,2026-09-08T08:09:02Z,CC-BY-4.0
worldbank_pink_sheet,RICE_05,global,1993-03-01,230.2,$/mt,2026-09-08T08:09:02Z,CC-BY-4.0
worldbank_pink_sheet,RICE_05,global,1993-04-01,206.3,$/mt,2026-09-08T08:09:02Z,CC-BY-4.0
worldbank_pink_sheet,RICE_05,global,1993-05-01,184.8,$/mt,2026-09-08T08:09:02Z,CC-BY-4.0
worldbank_pink_sheet,RICE_05,global,1993-06-01,189.0,$/mt,2026-09-08T08:09:02Z,CC-BY-4.0
worldbank_pink_sheet,RICE_05,global,1993-07-01,200.8,$/mt,2026-09-08T08:09:02Z,CC-BY-4.0
worldbank_pink_sheet,RICE_05,global,1993-08-01,209.0,$/mt,2026-09-08T08:09:02Z,CC-BY-4.0
worldbank_pink_sheet,RICE_05,global,1993-09-01,206.0,$/mt,2026-09-08T08:09:02Z,CC-BY-4.0
worldbank_pink_sheet,RICE_05,global,1993-10-01,256.8,$/mt,2026-09-08T08:09:02Z,CC-BY-4.0
worldbank_pink_sheet,RICE_05,global,1993-11-01,307.8,$/mt,2026-09-08T08:09:02Z,CC-BY-4.0
worldbank_pink_sheet,RICE_05,global,1993-12-01,320.5,$/mt,2026-09-08T08:09:02Z,CC-BY-4.0
worldbank_pink_sheet,RICE_05,global,1994-01-01,356.0,$/mt,2026-09-08T08:09:02Z,CC-BY-4.0
worldbank_pink_sheet,RICE_05,global,1994-02-01,343.8,$/mt,2026-09-08T08:09:02Z,CC-BY-4.0
worldbank_pink_sheet,RICE_05,global,1994-03-01,269.8,$/mt,2026-09-08T08:09:02Z,CC-BY-4.0
worldbank_pink_sheet,RICE_05,global,1994-04-01,269.3,$/mt,2026-09-08T08:09:02Z,CC-BY-4.0
worldbank_pink_sheet,RICE_05,global,1994-05-01,233.0,$/mt,2026-09-08T08:09:02Z,CC-BY-4.0
worldbank_pink_sheet,RICE_05,global,1994-06-01,213.8,$/mt,2026-09-08T08:09:02Z,CC-BY-4.0
worldbank_pink_sheet,RICE_05,global,1994-07-01,226.3,$/mt,2026-09-08T08:09:02Z,CC-BY-4.0
worldbank_pink_sheet,RICE_05,global,1994-08-01,252.6,$/mt,2026-09-08T08:09:02Z,CC-BY-4.0
worldbank_pink_sheet,RICE_05,global,1994-09-01,259.8,$/mt,2026-09-08T08:09:02Z,CC-BY-4.0
worldbank_pink_sheet,RICE_05,global,1994-10-01,262.0,$/mt,2026-09-08T08:09:02Z,CC-BY-4.0
worldbank_pink_sheet,RICE_05,global,1994-11-01,264.5,$/mt,2026-09-08T08:09:02Z,CC-BY-4.0
worldbank_pink_sheet,RICE_05,global,1994-12-01,260.5,$/mt,2026-09-08T08:09:02Z,CC-BY-4.0
worldbank_pink_sheet,RICE_05,global,1995-01-01,276.8,$/mt,2026-09-08T08:09:02Z,CC-BY-4.0
worldbank_pink_sheet,RICE_05,global,1995-02-01,280.5,$/mt,2026-09-08T08:09:02Z,CC-BY-4.0
worldbank_pink_sheet,RICE_05,global,1995-03-01,286.3,$/mt,2026-09-08T08:09:02Z,CC-BY-4.0
worldbank_pink_sheet,RICE_05,global,1995-04-01,281.5,$/mt,2026-09-08T08:09:02Z,CC-BY-4.0
worldbank_pink_sheet,RICE_05,global,1995-05-01,291.0,$/mt,2026-09-08T08:09:02Z,CC-BY-4.0
worldbank_pink_sheet,RICE_05,global,1995-06-01,326.0,$/mt,2026-09-08T08:09:02Z,CC-BY-4.0
worldbank_pink_sheet,RICE_05,global,1995-07-01,345.6,$/mt,2026-09-08T08:09:02Z,CC-BY-4.0
worldbank_pink_sheet,RICE_05,global,1995-08-01,339.5,$/mt,2026-09-08T08:09:02Z,CC-BY-4.0
worldbank_pink_sheet,RICE_05,global,1995-09-01,359.8,$/mt,2026-09-08T08:09:02Z,CC-BY-4.0
worldbank_pink_sheet,RICE_05,global,1995-10-01,382.6,$/mt,2026-09-08T08:09:02Z,CC-BY-4.0
worldbank_pink_sheet,RICE_05,global,1995-11-01,340.5,$/mt,2026-09-08T08:09:02Z,CC-BY-4.0
worldbank_pink_sheet,RICE_05,global,1995-12-01,341.5,$/mt,2026-09-08T08:09:02Z,CC-BY-4.0
worldbank_pink_sheet,RICE_05,global,1996-01-01,369.2,$/mt,2026-09-08T08:09:02Z,CC-BY-4.0
worldbank_pink_sheet,RICE_05,global,1996-02-01,368.0,$/mt,2026-09-08T08:09:02Z,CC-BY-4.0
worldbank_pink_sheet,RICE_05,global,1996-03-01,359.5,$/mt,2026-09-08T08:09:02Z,CC-BY-4.0
worldbank_pink_sheet,RICE_05,global,1996-04-01,327.2,$/mt,2026-09-08T08:09:02Z,CC-BY-4.0
worldbank_pink_sheet,RICE_05,global,1996-05-01,332.3,$/mt,2026-09-08T08:09:02Z,CC-BY-4.0
worldbank_pink_sheet,RICE_05,global,1996-06-01,341.5,$/mt,2026-09-08T08:09:02Z,CC-BY-4.0
worldbank_pink_sheet,RICE_05,global,1996-07-01,358.0,$/mt,2026-09-08T08:09:02Z,CC-BY-4.0
worldbank_pink_sheet,RICE_05,global,1996-08-01,335.5,$/mt,2026-09-08T08:09:02Z,CC-BY-4.0
worldbank_pink_sheet,RICE_05,global,1996-09-01,328.4,$/mt,2026-09-08T08:09:02Z,CC-BY-4.0
worldbank_pink_sheet,RICE_05,global,1996-10-01,312.8,$/mt,2026-09-08T08:09:02Z,CC-BY-4.0
worldbank_pink_sheet,RICE_05,global,1996-11-01,315.0,$/mt,2026-09-08T08:09:02Z,CC-BY-4.0
worldbank_pink_sheet,RICE_05,global,1996-12-01,319.2,$/mt,2026-09-08T08:09:02Z,CC-BY-4.0
worldbank_pink_sheet,RICE_05,global,1997-01-01,356.0,$/mt,2026-09-08T08:09:02Z,CC-BY-4.0
worldbank_pink_sheet,RICE_05,global,1997-02-01,347.0,$/mt,2026-09-08T08:09:02Z,CC-BY-4.0
worldbank_pink_sheet,RICE_05,global,1997-03-01,323.4,$/mt,2026-09-08T08:09:02Z,CC-BY-4.0
worldbank_pink_sheet,RICE_05,global,1997-04-01,304.5,$/mt,2026-09-08T08:09:02Z,CC-BY-4.0
worldbank_pink_sheet,RICE_05,global,1997-05-01,324.5,$/mt,2026-09-08T08:09:02Z,CC-BY-4.0
worldbank_pink_sheet,RICE_05,global,1997-06-01,323.2,$/mt,2026-09-08T08:09:02Z,CC-BY-4.0
worldbank_pink_sheet,RICE_05,global,1997-07-01,320.0,$/mt,2026-09-08T08:09:02Z,CC-BY-4.0
worldbank_pink_sheet,RICE_05,global,1997-08-01,285.0,$/mt,2026-09-08T08:09:02Z,CC-BY-4.0
worldbank_pink_sheet,RICE_05,global,1997-09-01,270.6,$/mt,2026-09-08T08:09:02Z,CC-BY-4.0
worldbank_pink_sheet,RICE_05,global,1997-10-01,265.8,$/mt,2026-09-08T08:09:02Z,CC-BY-4.0
worldbank_pink_sheet,RICE_05,global,1997-11-01,252.5,$/mt,2026-09-08T08:09:02Z,CC-BY-4.0
worldbank_pink_sheet,RICE_05,global,1997-12-01,269.7,$/mt,2026-09-08T08:09:02Z,CC-BY-4.0
worldbank_pink_sheet,RICE_05,global,1998-01-01,288.0,$/mt,2026-09-08T08:09:02Z,CC-BY-4.0
worldbank_pink_sheet,RICE_05,global,1998-02-01,297.3,$/mt,2026-09-08T08:09:02Z,CC-BY-4.0
worldbank_pink_sheet,RICE_05,global,1998-03-01,296.0,$/mt,2026-09-08T08:09:02Z,CC-BY-4.0
worldbank_pink_sheet,RICE_05,global,1998-04-01,311.5,$/mt,2026-09-08T08:09:02Z,CC-BY-4.0
worldbank_pink_sheet,RICE_05,global,1998-05-01,318.3,$/mt,2026-09-08T08:09:02Z,CC-BY-4.0
worldbank_pink_sheet,RICE_05,global,1998-06-01,325.5,$/mt,2026-09-08T08:09:02Z,CC-BY-4.0
worldbank_pink_sheet,RICE_05,global,1998-07-01,324.3,$/mt,2026-09-08T08:09:02Z,CC-BY-4.0
worldbank_pink_sheet,RICE_05,global,1998-08-01,321.4,$/mt,2026-09-08T08:09:02Z,CC-BY-4.0
worldbank_pink_sheet,RICE_05,global,1998-09-01,321.3,$/mt,2026-09-08T08:09:02Z,CC-BY-4.0
worldbank_pink_sheet,RICE_05,global,1998-10-01,298.8,$/mt,2026-09-08T08:09:02Z,CC-BY-4.0
worldbank_pink_sheet,RICE_05,global,1998-11-01,270.0,$/mt,2026-09-08T08:09:02Z,CC-BY-4.0
worldbank_pink_sheet,RICE_05,global,1998-12-01,277.8,$/mt,2026-09-08T08:09:02Z,CC-BY-4.0
worldbank_pink_sheet,RICE_05,global,1999-01-01,299.8,$/mt,2026-09-08T08:09:02Z,CC-BY-4.0
worldbank_pink_sheet,RICE_05,global,1999-02-01,280.0,$/mt,2026-09-08T08:09:02Z,CC-BY-4.0
worldbank_pink_sheet,RICE_05,global,1999-03-01,256.2,$/mt,2026-09-08T08:09:02Z,CC-BY-4.0
worldbank_pink_sheet,RICE_05,global,1999-04-01,235.5,$/mt,2026-09-08T08:09:02Z,CC-BY-4.0
worldbank_pink_sheet,RICE_05,global,1999-05-01,244.3,$/mt,2026-09-08T08:09:02Z,CC-BY-4.0
worldbank_pink_sheet,RICE_05,global,1999-06-01,253.8,$/mt,2026-09-08T08:09:02Z,CC-BY-4.0
worldbank_pink_sheet,RICE_05,global,1999-07-01,259.0,$/mt,2026-09-08T08:09:02Z,CC-BY-4.0
worldbank_pink_sheet,RICE_05,global,1999-08-01,244.5,$/mt,2026-09-08T08:09:02Z,CC-BY-4.0
worldbank_pink_sheet,RICE_05,global,1999-09-01,229.3,$/mt,2026-09-08T08:09:02Z,CC-BY-4.0
worldbank_pink_sheet,RICE_05,global,1999-10-01,217.0,$/mt,2026-09-08T08:09:02Z,CC-BY-4.0
worldbank_pink_sheet,RICE_05,global,1999-11-01,228.0,$/mt,2026-09-08T08:09:02Z,CC-BY-4.0
worldbank_pink_sheet,RICE_05,global,1999-12-01,233.8,$/mt,2026-09-08T08:09:02Z,CC-BY-4.0
worldbank_pink_sheet,RICE_05,global,2000-01-01,241.4,$/mt,2026-09-08T08:09:02Z,CC-BY-4.0
worldbank_pink_sheet,RICE_05,global,2000-02-01,241.0,$/mt,2026-09-08T08:09:02Z,CC-BY-4.0
worldbank_pink_sheet,RICE_05,global,2000-03-01,225.8,$/mt,2026-09-08T08:09:02Z,CC-BY-4.0
worldbank_pink_sheet,RICE_05,global,2000-04-01,214.8,$/mt,2026-09-08T08:09:02Z,CC-BY-4.0
worldbank_pink_sheet,RICE_05,global,2000-05-01,198.6,$/mt,2026-09-08T08:09:02Z,CC-BY-4.0
worldbank_pink_sheet,RICE_05,global,2000-06-01,196.0,$/mt,2026-09-08T08:09:02Z,CC-BY-4.0
worldbank_pink_sheet,RICE_05,global,2000-07-01,189.0,$/mt,2026-09-08T08:09:02Z,CC-BY-4.0
worldbank_pink_sheet,RICE_05,global,2000-08-01,186.5,$/mt,2026-09-08T08:09:02Z,CC-BY-4.0
worldbank_pink_sheet,RICE_05,global,2000-09-01,179.0,$/mt,2026-09-08T08:09:02Z,CC-BY-4.0
worldbank_pink_sheet,RICE_05,global,2000-10-01,187.5,$/mt,2026-09-08T08:09:02Z,CC-BY-4.0
worldbank_pink_sheet,RICE_05,global,2000-11-01,185.0,$/mt,2026-09-08T08:09:02Z,CC-BY-4.0
worldbank_pink_sheet,RICE_05,global,2000-12-01,184.3,$/mt,2026-09-08T08:09:02Z,CC-BY-4.0
worldbank_pink_sheet,RICE_05,global,2001-01-01,184.4,$/mt,2026-09-08T08:09:02Z,CC-BY-4.0
worldbank_pink_sheet,RICE_05,global,2001-02-01,184.5,$/mt,2026-09-08T08:09:02Z,CC-BY-4.0
worldbank_pink_sheet,RICE_05,global,2001-03-01,175.0,$/mt,2026-09-08T08:09:02Z,CC-BY-4.0
worldbank_pink_sheet,RICE_05,global,2001-04-01,163.8,$/mt,2026-09-08T08:09:02Z,CC-BY-4.0
worldbank_pink_sheet,RICE_05,global,2001-05-01,164.3,$/mt,2026-09-08T08:09:02Z,CC-BY-4.0
worldbank_pink_sheet,RICE_05,global,2001-06-01,168.0,$/mt,2026-09-08T08:09:02Z,CC-BY-4.0
worldbank_pink_sheet,RICE_05,global,2001-07-01,169.4,$/mt,2026-09-08T08:09:02Z,CC-BY-4.0
worldbank_pink_sheet,RICE_05,global,2001-08-01,168.3,$/mt,2026-09-08T08:09:02Z,CC-BY-4.0
worldbank_pink_sheet,RICE_05,global,2001-09-01,173.0,$/mt,2026-09-08T08:09:02Z,CC-BY-4.0
worldbank_pink_sheet,RICE_05,global,2001-10-01,170.6,$/mt,2026-09-08T08:09:02Z,CC-BY-4.0
worldbank_pink_sheet,RICE_05,global,2001-11-01,173.5,$/mt,2026-09-08T08:09:02Z,CC-BY-4.0
worldbank_pink_sheet,RICE_05,global,2001-12-01,179.3,$/mt,2026-09-08T08:09:02Z,CC-BY-4.0
worldbank_pink_sheet,RICE_05,global,2002-01-01,191.8,$/mt,2026-09-08T08:09:02Z,CC-BY-4.0
worldbank_pink_sheet,RICE_05,global,2002-02-01,195.3,$/mt,2026-09-08T08:09:02Z,CC-BY-4.0
worldbank_pink_sheet,RICE_05,global,2002-03-01,189.0,$/mt,2026-09-08T08:09:02Z,CC-BY-4.0
worldbank_pink_sheet,RICE_05,global,2002-04-01,190.2,$/mt,2026-09-08T08:09:02Z,CC-BY-4.0
worldbank_pink_sheet,RICE_05,global,2002-05-01,197.5,$/mt,2026-09-08T08:09:02Z,CC-BY-4.0
worldbank_pink_sheet,RICE_05,global,2002-06-01,202.7,$/mt,2026-09-08T08:09:02Z,CC-BY-4.0
worldbank_pink_sheet,RICE_05,global,2002-07-01,199.6,$/mt,2026-09-08T08:09:02Z,CC-BY-4.0
worldbank_pink_sheet,RICE_05,global,2002-08-01,190.3,$/mt,2026-09-08T08:09:02Z,CC-BY-4.0
worldbank_pink_sheet,RICE_05,global,2002-09-01,186.6,$/mt,2026-09-08T08:09:02Z,CC-BY-4.0
worldbank_pink_sheet,RICE_05,global,2002-10-01,186.3,$/mt,2026-09-08T08:09:02Z,CC-BY-4.0
worldbank_pink_sheet,RICE_05,global,2002-11-01,186.8,$/mt,2026-09-08T08:09:02Z,CC-BY-4.0
worldbank_pink_sheet,RICE_05,global,2002-12-01,186.5,$/mt,2026-09-08T08:09:02Z,CC-BY-4.0
worldbank_pink_sheet,RICE_05,global,2003-01-01,200.8,$/mt,2026-09-08T08:09:02Z,CC-BY-4.0
worldbank_pink_sheet,RICE_05,global,2003-02-01,198.8,$/mt,2026-09-08T08:09:02Z,CC-BY-4.0
worldbank_pink_sheet,RICE_05,global,2003-03-01,197.0,$/mt,2026-09-08T08:09:02Z,CC-BY-4.0
worldbank_pink_sheet,RICE_05,global,2003-04-01,195.0,$/mt,2026-09-08T08:09:02Z,CC-BY-4.0
worldbank_pink_sheet,RICE_05,global,2003-05-01,198.0,$/mt,2026-09-08T08:09:02Z,CC-BY-4.0
worldbank_pink_sheet,RICE_05,global,2003-06-01,203.4,$/mt,2026-09-08T08:09:02Z,CC-BY-4.0
worldbank_pink_sheet,RICE_05,global,2003-07-01,198.5,$/mt,2026-09-08T08:09:02Z,CC-BY-4.0
worldbank_pink_sheet,RICE_05,global,2003-08-01,195.0,$/mt,2026-09-08T08:09:02Z,CC-BY-4.0
worldbank_pink_sheet,RICE_05,global,2003-09-01,197.6,$/mt,2026-09-08T08:09:02Z,CC-BY-4.0
worldbank_pink_sheet,RICE_05,global,2003-10-01,195.8,$/mt,2026-09-08T08:09:02Z,CC-BY-4.0
worldbank_pink_sheet,RICE_05,global,2003-11-01,193.4,$/mt,2026-09-08T08:09:02Z,CC-BY-4.0
worldbank_pink_sheet,RICE_05,global,2003-12-01,198.3,$/mt,2026-09-08T08:09:02Z,CC-BY-4.0
worldbank_pink_sheet,RICE_05,global,2004-01-01,212.8,$/mt,2026-09-08T08:09:02Z,CC-BY-4.0
worldbank_pink_sheet,RICE_05,global,2004-02-01,213.3,$/mt,2026-09-08T08:09:02Z,CC-BY-4.0
worldbank_pink_sheet,RICE_05,global,2004-03-01,237.8,$/mt,2026-09-08T08:09:02Z,CC-BY-4.0
worldbank_pink_sheet,RICE_05,global,2004-04-01,240.8,$/mt,2026-09-08T08:09:02Z,CC-BY-4.0
worldbank_pink_sheet,RICE_05,global,2004-05-01,232.0,$/mt,2026-09-08T08:09:02Z,CC-BY-4.0
worldbank_pink_sheet,RICE_05,global,2004-06-01,229.0,$/mt,2026-09-08T08:09:02Z,CC-BY-4.0
worldbank_pink_sheet,RICE_05,global,2004-07-01,230.8,$/mt,2026-09-08T08:09:02Z,CC-BY-4.0
worldbank_pink_sheet,RICE_05,global,2004-08-01,239.0,$/mt,2026-09-08T08:09:02Z,CC-BY-4.0
worldbank_pink_sheet,RICE_05,global,2004-09-01,235.3,$/mt,2026-09-08T08:09:02Z,CC-BY-4.0
worldbank_pink_sheet,RICE_05,global,2004-10-01,244.0,$/mt,2026-09-08T08:09:02Z,CC-BY-4.0
worldbank_pink_sheet,RICE_05,global,2004-11-01,259.2,$/mt,2026-09-08T08:09:02Z,CC-BY-4.0
worldbank_pink_sheet,RICE_05,global,2004-12-01,278.3,$/mt,2026-09-08T08:09:02Z,CC-BY-4.0
worldbank_pink_sheet,RICE_05,global,2005-01-01,287.0,$/mt,2026-09-08T08:09:02Z,CC-BY-4.0
worldbank_pink_sheet,RICE_05,global,2005-02-01,290.0,$/mt,2026-09-08T08:09:02Z,CC-BY-4.0
worldbank_pink_sheet,RICE_05,global,2005-03-01,292.8,$/mt,2026-09-08T08:09:02Z,CC-BY-4.0
worldbank_pink_sheet,RICE_05,global,2005-04-01,297.3,$/mt,2026-09-08T08:09:02Z,CC-BY-4.0
worldbank_pink_sheet,RICE_05,global,2005-05-01,293.8,$/mt,2026-09-08T08:09:02Z,CC-BY-4.0
worldbank_pink_sheet,RICE_05,global,2005-06-01,285.0,$/mt,2026-09-08T08:09:02Z,CC-BY-4.0
worldbank_pink_sheet,RICE_05,global,2005-07-01,276.8,$/mt,2026-09-08T08:09:02Z,CC-BY-4.0
worldbank_pink_sheet,RICE_05,global,2005-08-01,282.8,$/mt,2026-09-08T08:09:02Z,CC-BY-4.0
worldbank_pink_sheet,RICE_05,global,2005-09-01,285.3,$/mt,2026-09-08T08:09:02Z,CC-BY-4.0
worldbank_pink_sheet,RICE_05,global,2005-10-01,286.4,$/mt,2026-09-08T08:09:02Z,CC-BY-4.0
worldbank_pink_sheet,RICE_05,global,2005-11-01,277.8,$/mt,2026-09-08T08:09:02Z,CC-BY-4.0
worldbank_pink_sheet,RICE_05,global,2005-12-01,280.5,$/mt,2026-09-08T08:09:02Z,CC-BY-4.0
worldbank_pink_sheet,RICE_05,global,2006-01-01,291.3,$/mt,2026-09-08T08:09:02Z,CC-BY-4.0
worldbank_pink_sheet,RICE_05,global,2006-02-01,301.5,$/mt,2026-09-08T08:09:02Z,CC-BY-4.0
worldbank_pink_sheet,RICE_05,global,2006-03-01,303.5,$/mt,2026-09-08T08:09:02Z,CC-BY-4.0
worldbank_pink_sheet,RICE_05,global,2006-04-01,302.3,$/mt,2026-09-08T08:09:02Z,CC-BY-4.0
worldbank_pink_sheet,RICE_05,global,2006-05-01,308.0,$/mt,2026-09-08T08:09:02Z,CC-BY-4.0
worldbank_pink_sheet,RICE_05,global,2006-06-01,312.5,$/mt,2026-09-08T08:09:02Z,CC-BY-4.0
worldbank_pink_sheet,RICE_05,global,2006-07-01,315.4,$/mt,2026-09-08T08:09:02Z,CC-BY-4.0
worldbank_pink_sheet,RICE_05,global,2006-08-01,312.7,$/mt,2026-09-08T08:09:02Z,CC-BY-4.0
worldbank_pink_sheet,RICE_05,global,2006-09-01,309.2,$/mt,2026-09-08T08:09:02Z,CC-BY-4.0
worldbank_pink_sheet,RICE_05,global,2006-10-01,301.0,$/mt,2026-09-08T08:09:02Z,CC-BY-4.0
worldbank_pink_sheet,RICE_05,global,2006-11-01,296.3,$/mt,2026-09-08T08:09:02Z,CC-BY-4.0
worldbank_pink_sheet,RICE_05,global,2006-12-01,305.0,$/mt,2026-09-08T08:09:02Z,CC-BY-4.0
worldbank_pink_sheet,RICE_05,global,2007-01-01,313.0,$/mt,2026-09-08T08:09:02Z,CC-BY-4.0
worldbank_pink_sheet,RICE_05,global,2007-02-01,315.0,$/mt,2026-09-08T08:09:02Z,CC-BY-4.0
worldbank_pink_sheet,RICE_05,global,2007-03-01,318.7,$/mt,2026-09-08T08:09:02Z,CC-BY-4.0
worldbank_pink_sheet,RICE_05,global,2007-04-01,316.5,$/mt,2026-09-08T08:09:02Z,CC-BY-4.0
worldbank_pink_sheet,RICE_05,global,2007-05-01,317.6,$/mt,2026-09-08T08:09:02Z,CC-BY-4.0
worldbank_pink_sheet,RICE_05,global,2007-06-01,323.3,$/mt,2026-09-08T08:09:02Z,CC-BY-4.0
worldbank_pink_sheet,RICE_05,global,2007-07-01,328.8,$/mt,2026-09-08T08:09:02Z,CC-BY-4.0
worldbank_pink_sheet,RICE_05,global,2007-08-01,327.5,$/mt,2026-09-08T08:09:02Z,CC-BY-4.0
worldbank_pink_sheet,RICE_05,global,2007-09-01,325.0,$/mt,2026-09-08T08:09:02Z,CC-BY-4.0
worldbank_pink_sheet,RICE_05,global,2007-10-01,329.2,$/mt,2026-09-08T08:09:02Z,CC-BY-4.0
worldbank_pink_sheet,RICE_05,global,2007-11-01,342.0,$/mt,2026-09-08T08:09:02Z,CC-BY-4.0
worldbank_pink_sheet,RICE_05,global,2007-12-01,360.7,$/mt,2026-09-08T08:09:02Z,CC-BY-4.0
worldbank_pink_sheet,RICE_05,global,2008-01-01,375.6,$/mt,2026-09-08T08:09:02Z,CC-BY-4.0
worldbank_pink_sheet,RICE_05,global,2008-02-01,464.8,$/mt,2026-09-08T08:09:02Z,CC-BY-4.0
worldbank_pink_sheet,RICE_05,global,2008-03-01,594.0,$/mt,2026-09-08T08:09:02Z,CC-BY-4.0
worldbank_pink_sheet,RICE_05,global,2008-04-01,907.0,$/mt,2026-09-08T08:09:02Z,CC-BY-4.0
worldbank_pink_sheet,RICE_05,global,2008-05-01,901.8,$/mt,2026-09-08T08:09:02Z,CC-BY-4.0
worldbank_pink_sheet,RICE_05,global,2008-06-01,757.0,$/mt,2026-09-08T08:09:02Z,CC-BY-4.0
worldbank_pink_sheet,RICE_05,global,2008-07-01,731.8,$/mt,2026-09-08T08:09:02Z,CC-BY-4.0
worldbank_pink_sheet,RICE_05,global,2008-08-01,693.5,$/mt,2026-09-08T08:09:02Z,CC-BY-4.0
worldbank_pink_sheet,RICE_05,global,2008-09-01,683.8,$/mt,2026-09-08T08:09:02Z,CC-BY-4.0
worldbank_pink_sheet,RICE_05,global,2008-10-01,609.3,$/mt,2026-09-08T08:09:02Z,CC-BY-4.0
worldbank_pink_sheet,RICE_05,global,2008-11-01,552.0,$/mt,2026-09-08T08:09:02Z,CC-BY-4.0
worldbank_pink_sheet,RICE_05,global,2008-12-01,531.8,$/mt,2026-09-08T08:09:02Z,CC-BY-4.0
worldbank_pink_sheet,RICE_05,global,2009-01-01,580.0,$/mt,2026-09-08T08:09:02Z,CC-BY-4.0
worldbank_pink_sheet,RICE_05,global,2009-02-01,590.8,$/mt,2026-09-08T08:09:02Z,CC-BY-4.0
worldbank_pink_sheet,RICE_05,global,2009-03-01,588.3,$/mt,2026-09-08T08:09:02Z,CC-BY-4.0
worldbank_pink_sheet,RICE_05,global,2009-04-01,549.7,$/mt,2026-09-08T08:09:02Z,CC-BY-4.0
worldbank_pink_sheet,RICE_05,global,2009-05-01,533.0,$/mt,2026-09-08T08:09:02Z,CC-BY-4.0
worldbank_pink_sheet,RICE_05,global,2009-06-01,574.5,$/mt,2026-09-08T08:09:02Z,CC-BY-4.0
worldbank_pink_sheet,RICE_05,global,2009-07-01,572.0,$/mt,2026-09-08T08:09:02Z,CC-BY-4.0
worldbank_pink_sheet,RICE_05,global,2009-08-01,526.3,$/mt,2026-09-08T08:09:02Z,CC-BY-4.0
worldbank_pink_sheet,RICE_05,global,2009-09-01,518.8,$/mt,2026-09-08T08:09:02Z,CC-BY-4.0
worldbank_pink_sheet,RICE_05,global,2009-10-01,493.0,$/mt,2026-09-08T08:09:02Z,CC-BY-4.0
worldbank_pink_sheet,RICE_05,global,2009-11-01,542.8,$/mt,2026-09-08T08:09:02Z,CC-BY-4.0
worldbank_pink_sheet,RICE_05,global,2009-12-01,591.0,$/mt,2026-09-08T08:09:02Z,CC-BY-4.0
worldbank_pink_sheet,RICE_05,global,2010-01-01,568.8,$/mt,2026-09-08T08:09:02Z,CC-BY-4.0
worldbank_pink_sheet,RICE_05,global,2010-02-01,535.0,$/mt,2026-09-08T08:09:02Z,CC-BY-4.0
worldbank_pink_sheet,RICE_05,global,2010-03-01,502.2,$/mt,2026-09-08T08:09:02Z,CC-BY-4.0
worldbank_pink_sheet,RICE_05,global,2010-04-01,466.0,$/mt,2026-09-08T08:09:02Z,CC-BY-4.0
worldbank_pink_sheet,RICE_05,global,2010-05-01,451.3,$/mt,2026-09-08T08:09:02Z,CC-BY-4.0
worldbank_pink_sheet,RICE_05,global,2010-06-01,440.0,$/mt,2026-09-08T08:09:02Z,CC-BY-4.0
worldbank_pink_sheet,RICE_05,global,2010-07-01,441.8,$/mt,2026-09-08T08:09:02Z,CC-BY-4.0
worldbank_pink_sheet,RICE_05,global,2010-08-01,452.8,$/mt,2026-09-08T08:09:02Z,CC-BY-4.0
worldbank_pink_sheet,RICE_05,global,2010-09-01,476.5,$/mt,2026-09-08T08:09:02Z,CC-BY-4.0
worldbank_pink_sheet,RICE_05,global,2010-10-01,486.0,$/mt,2026-09-08T08:09:02Z,CC-BY-4.0
worldbank_pink_sheet,RICE_05,global,2010-11-01,514.5,$/mt,2026-09-08T08:09:02Z,CC-BY-4.0
worldbank_pink_sheet,RICE_05,global,2010-12-01,532.0,$/mt,2026-09-08T08:09:02Z,CC-BY-4.0
worldbank_pink_sheet,RICE_05,global,2011-01-01,516.8,$/mt,2026-09-08T08:09:02Z,CC-BY-4.0
worldbank_pink_sheet,RICE_05,global,2011-02-01,524.0,$/mt,2026-09-08T08:09:02Z,CC-BY-4.0
worldbank_pink_sheet,RICE_05,global,2011-03-01,492.8,$/mt,2026-09-08T08:09:02Z,CC-BY-4.0
worldbank_pink_sheet,RICE_05,global,2011-04-01,484.3,$/mt,2026-09-08T08:09:02Z,CC-BY-4.0
worldbank_pink_sheet,RICE_05,global,2011-05-01,481.4,$/mt,2026-09-08T08:09:02Z,CC-BY-4.0
worldbank_pink_sheet,RICE_05,global,2011-06-01,513.8,$/mt,2026-09-08T08:09:02Z,CC-BY-4.0
worldbank_pink_sheet,RICE_05,global,2011-07-01,538.3,$/mt,2026-09-08T08:09:02Z,CC-BY-4.0
worldbank_pink_sheet,RICE_05,global,2011-08-01,566.0,$/mt,2026-09-08T08:09:02Z,CC-BY-4.0
worldbank_pink_sheet,RICE_05,global,2011-09-01,598.8,$/mt,2026-09-08T08:09:02Z,CC-BY-4.0
worldbank_pink_sheet,RICE_05,global,2011-10-01,599.4,$/mt,2026-09-08T08:09:02Z,CC-BY-4.0
worldbank_pink_sheet,RICE_05,global,2011-11-01,615.3,$/mt,2026-09-08T08:09:02Z,CC-BY-4.0
worldbank_pink_sheet,RICE_05,global,2011-12-01,585.8,$/mt,2026-09-08T08:09:02Z,CC-BY-4.0
worldbank_pink_sheet,RICE_05,global,2012-01-01,542.0,$/mt,2026-09-08T08:09:02Z,CC-BY-4.0
worldbank_pink_sheet,RICE_05,global,2012-02-01,537.5,$/mt,2026-09-08T08:09:02Z,CC-BY-4.0
worldbank_pink_sheet,RICE_05,global,2012-03-01,548.0,$/mt,2026-09-08T08:09:02Z,CC-BY-4.0
worldbank_pink_sheet,RICE_05,global,2012-04-01,547.8,$/mt,2026-09-08T08:09:02Z,CC-BY-4.0
worldbank_pink_sheet,RICE_05,global,2012-05-01,600.5,$/mt,2026-09-08T08:09:02Z,CC-BY-4.0
worldbank_pink_sheet,RICE_05,global,2012-06-01,600.0,$/mt,2026-09-08T08:09:02Z,CC-BY-4.0
worldbank_pink_sheet,RICE_05,global,2012-07-01,573.8,$/mt,2026-09-08T08:09:02Z,CC-BY-4.0
worldbank_pink_sheet,RICE_05,global,2012-08-01,567.8,$/mt,2026-09-08T08:09:02Z,CC-BY-4.0
worldbank_pink_sheet,RICE_05,global,2012-09-01,563.3,$/mt,2026-09-08T08:09:02Z,CC-BY-4.0
worldbank_pink_sheet,RICE_05,global,2012-10-01,558.3,$/mt,2026-09-08T08:09:02Z,CC-BY-4.0
worldbank_pink_sheet,RICE_05,global,2012-11-01,559.3,$/mt,2026-09-08T08:09:02Z,CC-BY-4.0
worldbank_pink_sheet,RICE_05,global,2012-12-01,557.8,$/mt,2026-09-08T08:09:02Z,CC-BY-4.0
worldbank_pink_sheet,RICE_05,global,2013-01-01,564.2,$/mt,2026-09-08T08:09:02Z,CC-BY-4.0
worldbank_pink_sheet,RICE_05,global,2013-02-01,563.0,$/mt,2026-09-08T08:09:02Z,CC-BY-4.0
worldbank_pink_sheet,RICE_05,global,2013-03-01,559.0,$/mt,2026-09-08T08:09:02Z,CC-BY-4.0
worldbank_pink_sheet,RICE_05,global,2013-04-01,557.0,$/mt,2026-09-08T08:09:02Z,CC-BY-4.0
worldbank_pink_sheet,RICE_05,global,2013-05-01,543.5,$/mt,2026-09-08T08:09:02Z,CC-BY-4.0
worldbank_pink_sheet,RICE_05,global,2013-06-01,524.3,$/mt,2026-09-08T08:09:02Z,CC-BY-4.0
worldbank_pink_sheet,RICE_05,global,2013-07-01,509.0,$/mt,2026-09-08T08:09:02Z,CC-BY-4.0
worldbank_pink_sheet,RICE_05,global,2013-08-01,478.8,$/mt,2026-09-08T08:09:02Z,CC-BY-4.0
worldbank_pink_sheet,RICE_05,global,2013-09-01,444.0,$/mt,2026-09-08T08:09:02Z,CC-BY-4.0
worldbank_pink_sheet,RICE_05,global,2013-10-01,439.0,$/mt,2026-09-08T08:09:02Z,CC-BY-4.0
worldbank_pink_sheet,RICE_05,global,2013-11-01,438.0,$/mt,2026-09-08T08:09:02Z,CC-BY-4.0
worldbank_pink_sheet,RICE_05,global,2013-12-01,451.0,$/mt,2026-09-08T08:09:02Z,CC-BY-4.0
worldbank_pink_sheet,RICE_05,global,2014-01-01,450.0,$/mt,2026-09-08T08:09:02Z,CC-BY-4.0
worldbank_pink_sheet,RICE_05,global,2014-02-01,459.0,$/mt,2026-09-08T08:09:02Z,CC-BY-4.0
worldbank_pink_sheet,RICE_05,global,2014-03-01,422.0,$/mt,2026-09-08T08:09:02Z,CC-BY-4.0
worldbank_pink_sheet,RICE_05,global,2014-04-01,395.0,$/mt,2026-09-08T08:09:02Z,CC-BY-4.0
worldbank_pink_sheet,RICE_05,global,2014-05-01,388.0,$/mt,2026-09-08T08:09:02Z,CC-BY-4.0
worldbank_pink_sheet,RICE_05,global,2014-06-01,397.0,$/mt,2026-09-08T08:09:02Z,CC-BY-4.0
worldbank_pink_sheet,RICE_05,global,2014-07-01,422.0,$/mt,2026-09-08T08:09:02Z,CC-BY-4.0
worldbank_pink_sheet,RICE_05,global,2014-08-01,445.0,$/mt,2026-09-08T08:09:02Z,CC-BY-4.0
worldbank_pink_sheet,RICE_05,global,2014-09-01,432.0,$/mt,2026-09-08T08:09:02Z,CC-BY-4.0
worldbank_pink_sheet,RICE_05,global,2014-10-01,428.0,$/mt,2026-09-08T08:09:02Z,CC-BY-4.0
worldbank_pink_sheet,RICE_05,global,2014-11-01,418.0,$/mt,2026-09-08T08:09:02Z,CC-BY-4.0
worldbank_pink_sheet,RICE_05,global,2014-12-01,418.0,$/mt,2026-09-08T08:09:02Z,CC-BY-4.0
worldbank_pink_sheet,RICE_05,global,2015-01-01,420.0,$/mt,2026-09-08T08:09:02Z,CC-BY-4.0
worldbank_pink_sheet,RICE_05,global,2015-02-01,420.0,$/mt,2026-09-08T08:09:02Z,CC-BY-4.0
worldbank_pink_sheet,RICE_05,global,2015-03-01,410.0,$/mt,2026-09-08T08:09:02Z,CC-BY-4.0
worldbank_pink_sheet,RICE_05,global,2015-04-01,399.0,$/mt,2026-09-08T08:09:02Z,CC-BY-4.0
worldbank_pink_sheet,RICE_05,global,2015-05-01,381.0,$/mt,2026-09-08T08:09:02Z,CC-BY-4.0
worldbank_pink_sheet,RICE_05,global,2015-06-01,376.0,$/mt,2026-09-08T08:09:02Z,CC-BY-4.0
worldbank_pink_sheet,RICE_05,global,2015-07-01,392.0,$/mt,2026-09-08T08:09:02Z,CC-BY-4.0
worldbank_pink_sheet,RICE_05,global,2015-08-01,373.0,$/mt,2026-09-08T08:09:02Z,CC-BY-4.0
worldbank_pink_sheet,RICE_05,global,2015-09-01,357.0,$/mt,2026-09-08T08:09:02Z,CC-BY-4.0
worldbank_pink_sheet,RICE_05,global,2015-10-01,373.0,$/mt,2026-09-08T08:09:02Z,CC-BY-4.0
worldbank_pink_sheet,RICE_05,global,2015-11-01,368.0,$/mt,2026-09-08T08:09:02Z,CC-BY-4.0
worldbank_pink_sheet,RICE_05,global,2015-12-01,363.0,$/mt,2026-09-08T08:09:02Z,CC-BY-4.0
worldbank_pink_sheet,RICE_05,global,2016-01-01,369.0,$/mt,2026-09-08T08:09:02Z,CC-BY-4.0
worldbank_pink_sheet,RICE_05,global,2016-02-01,384.0,$/mt,2026-09-08T08:09:02Z,CC-BY-4.0
worldbank_pink_sheet,RICE_05,global,2016-03-01,384.0,$/mt,2026-09-08T08:09:02Z,CC-BY-4.0
worldbank_pink_sheet,RICE_05,global,2016-04-01,395.0,$/mt,2026-09-08T08:09:02Z,CC-BY-4.0
worldbank_pink_sheet,RICE_05,global,2016-05-01,433.0,$/mt,2026-09-08T08:09:02Z,CC-BY-4.0
worldbank_pink_sheet,RICE_05,global,2016-06-01,441.0,$/mt,2026-09-08T08:09:02Z,CC-BY-4.0
worldbank_pink_sheet,RICE_05,global,2016-07-01,442.0,$/mt,2026-09-08T08:09:02Z,CC-BY-4.0
worldbank_pink_sheet,RICE_05,global,2016-08-01,415.0,$/mt,2026-09-08T08:09:02Z,CC-BY-4.0
worldbank_pink_sheet,RICE_05,global,2016-09-01,384.0,$/mt,2026-09-08T08:09:02Z,CC-BY-4.0
worldbank_pink_sheet,RICE_05,global,2016-10-01,369.0,$/mt,2026-09-08T08:09:02Z,CC-BY-4.0
worldbank_pink_sheet,RICE_05,global,2016-11-01,365.0,$/mt,2026-09-08T08:09:02Z,CC-BY-4.0
worldbank_pink_sheet,RICE_05,global,2016-12-01,373.0,$/mt,2026-09-08T08:09:02Z,CC-BY-4.0
worldbank_pink_sheet,RICE_05,global,2017-01-01,377.0,$/mt,2026-09-08T08:09:02Z,CC-BY-4.0
worldbank_pink_sheet,RICE_05,global,2017-02-01,367.0,$/mt,2026-09-08T08:09:02Z,CC-BY-4.0
worldbank_pink_sheet,RICE_05,global,2017-03-01,370.0,$/mt,2026-09-08T08:09:02Z,CC-BY-4.0
worldbank_pink_sheet,RICE_05,global,2017-04-01,380.0,$/mt,2026-09-08T08:09:02Z,CC-BY-4.0
worldbank_pink_sheet,RICE_05,global,2017-05-01,421.0,$/mt,2026-09-08T08:09:02Z,CC-BY-4.0
worldbank_pink_sheet,RICE_05,global,2017-06-01,458.0,$/mt,2026-09-08T08:09:02Z,CC-BY-4.0
worldbank_pink_sheet,RICE_05,global,2017-07-01,417.0,$/mt,2026-09-08T08:09:02Z,CC-BY-4.0
worldbank_pink_sheet,RICE_05,global,2017-08-01,393.0,$/mt,2026-09-08T08:09:02Z,CC-BY-4.0
worldbank_pink_sheet,RICE_05,global,2017-09-01,402.0,$/mt,2026-09-08T08:09:02Z,CC-BY-4.0
worldbank_pink_sheet,RICE_05,global,2017-10-01,394.0,$/mt,2026-09-08T08:09:02Z,CC-BY-4.0
worldbank_pink_sheet,RICE_05,global,2017-11-01,402.0,$/mt,2026-09-08T08:09:02Z,CC-BY-4.0
worldbank_pink_sheet,RICE_05,global,2017-12-01,406.0,$/mt,2026-09-08T08:09:02Z,CC-BY-4.0
worldbank_pink_sheet,RICE_05,global,2018-01-01,442.0,$/mt,2026-09-08T08:09:02Z,CC-BY-4.0
worldbank_pink_sheet,RICE_05,global,2018-02-01,425.0,$/mt,2026-09-08T08:09:02Z,CC-BY-4.0
worldbank_pink_sheet,RICE_05,global,2018-03-01,430.0,$/mt,2026-09-08T08:09:02Z,CC-BY-4.0
worldbank_pink_sheet,RICE_05,global,2018-04-01,451.0,$/mt,2026-09-08T08:09:02Z,CC-BY-4.0
worldbank_pink_sheet,RICE_05,global,2018-05-01,451.0,$/mt,2026-09-08T08:09:02Z,CC-BY-4.0
worldbank_pink_sheet,RICE_05,global,2018-06-01,427.0,$/mt,2026-09-08T08:09:02Z,CC-BY-4.0
worldbank_pink_sheet,RICE_05,global,2018-07-01,398.0,$/mt,2026-09-08T08:09:02Z,CC-BY-4.0
worldbank_pink_sheet,RICE_05,global,2018-08-01,405.0,$/mt,2026-09-08T08:09:02Z,CC-BY-4.0
worldbank_pink_sheet,RICE_05,global,2018-09-01,405.0,$/mt,2026-09-08T08:09:02Z,CC-BY-4.0
worldbank_pink_sheet,RICE_05,global,2018-10-01,409.0,$/mt,2026-09-08T08:09:02Z,CC-BY-4.0
worldbank_pink_sheet,RICE_05,global,2018-11-01,401.0,$/mt,2026-09-08T08:09:02Z,CC-BY-4.0
worldbank_pink_sheet,RICE_05,global,2018-12-01,404.0,$/mt,2026-09-08T08:09:02Z,CC-BY-4.0
worldbank_pink_sheet,RICE_05,global,2019-01-01,410.0,$/mt,2026-09-08T08:09:02Z,CC-BY-4.0
worldbank_pink_sheet,RICE_05,global,2019-02-01,408.0,$/mt,2026-09-08T08:09:02Z,CC-BY-4.0
worldbank_pink_sheet,RICE_05,global,2019-03-01,406.0,$/mt,2026-09-08T08:09:02Z,CC-BY-4.0
worldbank_pink_sheet,RICE_05,global,2019-04-01,413.0,$/mt,2026-09-08T08:09:02Z,CC-BY-4.0
worldbank_pink_sheet,RICE_05,global,2019-05-01,409.0,$/mt,2026-09-08T08:09:02Z,CC-BY-4.0
worldbank_pink_sheet,RICE_05,global,2019-06-01,420.0,$/mt,2026-09-08T08:09:02Z,CC-BY-4.0
worldbank_pink_sheet,RICE_05,global,2019-07-01,416.0,$/mt,2026-09-08T08:09:02Z,CC-BY-4.0
worldbank_pink_sheet,RICE_05,global,2019-08-01,430.0,$/mt,2026-09-08T08:09:02Z,CC-BY-4.0
worldbank_pink_sheet,RICE_05,global,2019-09-01,427.0,$/mt,2026-09-08T08:09:02Z,CC-BY-4.0
worldbank_pink_sheet,RICE_05,global,2019-10-01,424.0,$/mt,2026-09-08T08:09:02Z,CC-BY-4.0
worldbank_pink_sheet,RICE_05,global,2019-11-01,421.0,$/mt,2026-09-08T08:09:02Z,CC-BY-4.0
worldbank_pink_sheet,RICE_05,global,2019-12-01,432.0,$/mt,2026-09-08T08:09:02Z,CC-BY-4.0
worldbank_pink_sheet,RICE_05,global,2020-01-01,451.0,$/mt,2026-09-08T08:09:02Z,CC-BY-4.0
worldbank_pink_sheet,RICE_05,global,2020-02-01,450.0,$/mt,2026-09-08T08:09:02Z,CC-BY-4.0
worldbank_pink_sheet,RICE_05,global,2020-03-01,494.0,$/mt,2026-09-08T08:09:02Z,CC-BY-4.0
worldbank_pink_sheet,RICE_05,global,2020-04-01,564.0,$/mt,2026-09-08T08:09:02Z,CC-BY-4.0
worldbank_pink_sheet,RICE_05,global,2020-05-01,510.0,$/mt,2026-09-08T08:09:02Z,CC-BY-4.0
worldbank_pink_sheet,RICE_05,global,2020-06-01,520.0,$/mt,2026-09-08T08:09:02Z,CC-BY-4.0
worldbank_pink_sheet,RICE_05,global,2020-07-01,480.0,$/mt,2026-09-08T08:09:02Z,CC-BY-4.0
worldbank_pink_sheet,RICE_05,global,2020-08-01,505.0,$/mt,2026-09-08T08:09:02Z,CC-BY-4.0
worldbank_pink_sheet,RICE_05,global,2020-09-01,507.0,$/mt,2026-09-08T08:09:02Z,CC-BY-4.0
worldbank_pink_sheet,RICE_05,global,2020-10-01,471.0,$/mt,2026-09-08T08:09:02Z,CC-BY-4.0
worldbank_pink_sheet,RICE_05,global,2020-11-01,489.0,$/mt,2026-09-08T08:09:02Z,CC-BY-4.0
worldbank_pink_sheet,RICE_05,global,2020-12-01,520.0,$/mt,2026-09-08T08:09:02Z,CC-BY-4.0
worldbank_pink_sheet,RICE_05,global,2021-01-01,545.0,$/mt,2026-09-08T08:09:02Z,CC-BY-4.0
worldbank_pink_sheet,RICE_05,global,2021-02-01,557.0,$/mt,2026-09-08T08:09:02Z,CC-BY-4.0
worldbank_pink_sheet,RICE_05,global,2021-03-01,525.0,$/mt,2026-09-08T08:09:02Z,CC-BY-4.0
worldbank_pink_sheet,RICE_05,global,2021-04-01,495.0,$/mt,2026-09-08T08:09:02Z,CC-BY-4.0
worldbank_pink_sheet,RICE_05,global,2021-05-01,493.0,$/mt,2026-09-08T08:09:02Z,CC-BY-4.0
worldbank_pink_sheet,RICE_05,global,2021-06-01,466.0,$/mt,2026-09-08T08:09:02Z,CC-BY-4.0
worldbank_pink_sheet,RICE_05,global,2021-07-01,414.0,$/mt,2026-09-08T08:09:02Z,CC-BY-4.0
worldbank_pink_sheet,RICE_05,global,2021-08-01,403.0,$/mt,2026-09-08T08:09:02Z,CC-BY-4.0
worldbank_pink_sheet,RICE_05,global,2021-09-01,400.0,$/mt,2026-09-08T08:09:02Z,CC-BY-4.0
worldbank_pink_sheet,RICE_05,global,2021-10-01,401.0,$/mt,2026-09-08T08:09:02Z,CC-BY-4.0
worldbank_pink_sheet,RICE_05,global,2021-11-01,400.0,$/mt,2026-09-08T08:09:02Z,CC-BY-4.0
worldbank_pink_sheet,RICE_05,global,2021-12-01,400.0,$/mt,2026-09-08T08:09:02Z,CC-BY-4.0
worldbank_pink_sheet,RICE_05,global,2022-01-01,427.0,$/mt,2026-09-08T08:09:02Z,CC-BY-4.0
worldbank_pink_sheet,RICE_05,global,2022-02-01,427.0,$/mt,2026-09-08T08:09:02Z,CC-BY-4.0
worldbank_pink_sheet,RICE_05,global,2022-03-01,422.0,$/mt,2026-09-08T08:09:02Z,CC-BY-4.0
worldbank_pink_sheet,RICE_05,global,2022-04-01,431.0,$/mt,2026-09-08T08:09:02Z,CC-BY-4.0
worldbank_pink_sheet,RICE_05,global,2022-05-01,464.0,$/mt,2026-09-08T08:09:02Z,CC-BY-4.0
worldbank_pink_sheet,RICE_05,global,2022-06-01,444.0,$/mt,2026-09-08T08:09:02Z,CC-BY-4.0
worldbank_pink_sheet,RICE_05,global,2022-07-01,418.0,$/mt,2026-09-08T08:09:02Z,CC-BY-4.0
worldbank_pink_sheet,RICE_05,global,2022-08-01,431.0,$/mt,2026-09-08T08:09:02Z,CC-BY-4.0
worldbank_pink_sheet,RICE_05,global,2022-09-01,439.0,$/mt,2026-09-08T08:09:02Z,CC-BY-4.0
worldbank_pink_sheet,RICE_05,global,2022-10-01,431.0,$/mt,2026-09-08T08:09:02Z,CC-BY-4.0
worldbank_pink_sheet,RICE_05,global,2022-11-01,440.0,$/mt,2026-09-08T08:09:02Z,CC-BY-4.0
worldbank_pink_sheet,RICE_05,global,2022-12-01,467.0,$/mt,2026-09-08T08:09:02Z,CC-BY-4.0
worldbank_pink_sheet,RICE_05,global,2023-01-01,517.0,$/mt,2026-09-08T08:09:02Z,CC-BY-4.0
worldbank_pink_sheet,RICE_05,global,2023-02-01,492.0,$/mt,2026-09-08T08:09:02Z,CC-BY-4.0
worldbank_pink_sheet,RICE_05,global,2023-03-01,476.0,$/mt,2026-09-08T08:09:02Z,CC-BY-4.0
worldbank_pink_sheet,RICE_05,global,2023-04-01,501.0,$/mt,2026-09-08T08:09:02Z,CC-BY-4.0
worldbank_pink_sheet,RICE_05,global,2023-05-01,510.0,$/mt,2026-09-08T08:09:02Z,CC-BY-4.0
worldbank_pink_sheet,RICE_05,global,2023-06-01,514.0,$/mt,2026-09-08T08:09:02Z,CC-BY-4.0
worldbank_pink_sheet,RICE_05,global,2023-07-01,547.0,$/mt,2026-09-08T08:09:02Z,CC-BY-4.0
worldbank_pink_sheet,RICE_05,global,2023-08-01,635.0,$/mt,2026-09-08T08:09:02Z,CC-BY-4.0
worldbank_pink_sheet,RICE_05,global,2023-09-01,620.0,$/mt,2026-09-08T08:09:02Z,CC-BY-4.0
worldbank_pink_sheet,RICE_05,global,2023-10-01,590.0,$/mt,2026-09-08T08:09:02Z,CC-BY-4.0
worldbank_pink_sheet,RICE_05,global,2023-11-01,598.0,$/mt,2026-09-08T08:09:02Z,CC-BY-4.0
worldbank_pink_sheet,RICE_05,global,2023-12-01,644.0,$/mt,2026-09-08T08:09:02Z,CC-BY-4.0
worldbank_pink_sheet,RICE_05,global,2024-01-01,660.0,$/mt,2026-09-08T08:09:02Z,CC-BY-4.0
worldbank_pink_sheet,RICE_05,global,2024-02-01,624.0,$/mt,2026-09-08T08:09:02Z,CC-BY-4.0
worldbank_pink_sheet,RICE_05,global,2024-03-01,613.0,$/mt,2026-09-08T08:09:02Z,CC-BY-4.0
worldbank_pink_sheet,RICE_05,global,2024-04-01,592.0,$/mt,2026-09-08T08:09:02Z,CC-BY-4.0
worldbank_pink_sheet,RICE_05,global,2024-05-01,628.0,$/mt,2026-09-08T08:09:02Z,CC-BY-4.0
worldbank_pink_sheet,RICE_05,global,2024-06-01,632.0,$/mt,2026-09-08T08:09:02Z,CC-BY-4.0
worldbank_pink_sheet,RICE_05,global,2024-07-01,590.0,$/mt,2026-09-08T08:09:02Z,CC-BY-4.0
worldbank_pink_sheet,RICE_05,global,2024-08-01,589.0,$/mt,2026-09-08T08:09:02Z,CC-BY-4.0
worldbank_pink_sheet,RICE_05,global,2024-09-01,580.0,$/mt,2026-09-08T08:09:02Z,CC-BY-4.0
worldbank_pink_sheet,RICE_05,global,2024-10-01,515.0,$/mt,2026-09-08T08:09:02Z,CC-BY-4.0
worldbank_pink_sheet,RICE_05,global,2024-11-01,511.0,$/mt,2026-09-08T08:09:02Z,CC-BY-4.0
worldbank_pink_sheet,RICE_05,global,2024-12-01,527.0,$/mt,2026-09-08T08:09:02Z,CC-BY-4.0
worldbank_pink_sheet,RICE_05,global,2025-01-01,478.0,$/mt,2026-09-08T08:09:02Z,CC-BY-4.0
worldbank_pink_sheet,RICE_05,global,2025-02-01,437.0,$/mt,2026-09-08T08:09:02Z,CC-BY-4.0
worldbank_pink_sheet,RICE_05,global,2025-03-01,425.0,$/mt,2026-09-08T08:09:02Z,CC-BY-4.0
worldbank_pink_sheet,RICE_05,global,2025-04-01,415.0,$/mt,2026-09-08T08:09:02Z,CC-BY-4.0
worldbank_pink_sheet,RICE_05,global,2025-05-01,431.0,$/mt,2026-09-08T08:09:02Z,CC-BY-4.0
worldbank_pink_sheet,RICE_05,global,2025-06-01,419.0,$/mt,2026-09-08T08:09:02Z,CC-BY-4.0
worldbank_pink_sheet,RICE_05,global,2025-07-01,392.0,$/mt,2026-09-08T08:09:02Z,CC-BY-4.0
worldbank_pink_sheet,RICE_05,global,2025-08-01,375.0,$/mt,2026-09-08T08:09:02Z,CC-BY-4.0
worldbank_pink_sheet,RICE_05,global,2025-09-01,374.0,$/mt,2026-09-08T08:09:02Z,CC-BY-4.0
worldbank_pink_sheet,RICE_05,global,2025-10-01,356.0,$/mt,2026-09-08T08:09:02Z,CC-BY-4.0
worldbank_pink_sheet,RICE_05,global,2025-11-01,368.0,$/mt,2026-09-08T08:09:02Z,CC-BY-4.0
worldbank_pink_sheet,RICE_05,global,2025-12-01,424.0,$/mt,2026-09-08T08:09:02Z,CC-BY-4.0
worldbank_pink_sheet,RICE_05,global,2026-01-01,408.0,$/mt,2026-09-08T08:09:02Z,CC-BY-4.0
worldbank_pink_sheet,RICE_05,global,2026-02-01,409.0,$/mt,2026-09-08T08:09:02Z,CC-BY-4.0
worldbank_pink_sheet,RICE_05,global,2026-03-01,381.0,$/mt,2026-09-08T08:09:02Z,CC-BY-4.0
worldbank_pink_sheet,RICE_05,global,2026-04-01,403.0,$/mt,2026-09-08T08:09:02Z,CC-BY-4.0
worldbank_pink_sheet,RICE_05,global,2026-05-01,440.0,$/mt,2026-09-08T08:09:02Z,CC-BY-4.0
worldbank_pink_sheet,RICE_05,global,2026-06-01,494.0,$/mt,2026-09-08T08:09:02Z,CC-BY-4.0
worldbank_pink_sheet,RICE_05,global,2026-07-01,467.0,$/mt,2026-09-08T08:09:02Z,CC-BY-4.0
worldbank_pink_sheet,RICE_05,global,2026-08-01,471.0,$/mt,2026-09-08T08:09:02Z,CC-BY-4.0
